[2026-09-29T11:44:21.489+0000] {processor.py:161} INFO - Started process (PID=31) to work on /opt/airflow/dags/day25_kafka_orchestration.py
[2026-09-29T11:44:21.499+0000] {processor.py:830} INFO - Processing file /opt/airflow/dags/day25_kafka_orchestration.py for tasks to queue
[2026-09-29T11:44:21.520+0000] {logging_mixin.py:188} INFO - [2026-09-29T11:44:21.519+0000] {dagbag.py:545} INFO - Filling up the DagBag from /opt/airflow/dags/day25_kafka_orchestration.py
[2026-09-29T11:44:21.565+0000] {processor.py:840} INFO - DAG(s) 'day25_kafka_orchestration' retrieved from /opt/airflow/dags/day25_kafka_orchestration.py
[2026-09-29T11:44:21.581+0000] {logging_mixin.py:188} INFO - [2026-09-29T11:44:21.580+0000] {dag.py:3089} INFO - Sync 1 DAGs
[2026-09-29T11:44:21.611+0000] {logging_mixin.py:188} INFO - [2026-09-29T11:44:21.610+0000] {dag.py:3947} INFO - Setting next_dagrun for day25_kafka_orchestration to None, run_after=None
[2026-09-29T11:44:21.665+0000] {processor.py:183} INFO - Processing /opt/airflow/dags/day25_kafka_orchestration.py took 0.233 seconds
[2026-09-29T11:44:52.383+0000] {processor.py:161} INFO - Started process (PID=49) to work on /opt/airflow/dags/day25_kafka_orchestration.py
[2026-09-29T11:44:52.384+0000] {processor.py:830} INFO - Processing file /opt/airflow/dags/day25_kafka_orchestration.py for tasks to queue
[2026-09-29T11:44:52.387+0000] {logging_mixin.py:188} INFO - [2026-09-29T11:44:52.386+0000] {dagbag.py:545} INFO - Filling up the DagBag from /opt/airflow/dags/day25_kafka_orchestration.py
[2026-09-29T11:44:52.404+0000] {processor.py:840} INFO - DAG(s) 'day25_kafka_orchestration' retrieved from /opt/airflow/dags/day25_kafka_orchestration.py
[2026-09-29T11:44:52.495+0000] {logging_mixin.py:188} INFO - [2026-09-29T11:44:52.495+0000] {dag.py:3089} INFO - Sync 1 DAGs
[2026-09-29T11:44:52.506+0000] {logging_mixin.py:188} INFO - [2026-09-29T11:44:52.505+0000] {dag.py:3947} INFO - Setting next_dagrun for day25_kafka_orchestration to None, run_after=None
[2026-09-29T11:44:52.534+0000] {processor.py:183} INFO - Processing /opt/airflow/dags/day25_kafka_orchestration.py took 0.156 seconds
[2026-09-29T11:45:22.644+0000] {processor.py:161} INFO - Started process (PID=50) to work on /opt/airflow/dags/day25_kafka_orchestration.py
[2026-09-29T11:45:22.646+0000] {processor.py:830} INFO - Processing file /opt/airflow/dags/day25_kafka_orchestration.py for tasks to queue
[2026-09-29T11:45:22.648+0000] {logging_mixin.py:188} INFO - [2026-09-29T11:45:22.648+0000] {dagbag.py:545} INFO - Filling up the DagBag from /opt/airflow/dags/day25_kafka_orchestration.py
[2026-09-29T11:45:22.666+0000] {processor.py:840} INFO - DAG(s) 'day25_kafka_orchestration' retrieved from /opt/airflow/dags/day25_kafka_orchestration.py
[2026-09-29T11:45:22.689+0000] {logging_mixin.py:188} INFO - [2026-09-29T11:45:22.689+0000] {dag.py:3089} INFO - Sync 1 DAGs
[2026-09-29T11:45:22.701+0000] {logging_mixin.py:188} INFO - [2026-09-29T11:45:22.701+0000] {dag.py:3947} INFO - Setting next_dagrun for day25_kafka_orchestration to None, run_after=None
[2026-09-29T11:45:22.727+0000] {processor.py:183} INFO - Processing /opt/airflow/dags/day25_kafka_orchestration.py took 0.087 seconds
[2026-09-29T11:45:52.976+0000] {processor.py:161} INFO - Started process (PID=57) to work on /opt/airflow/dags/day25_kafka_orchestration.py
[2026-09-29T11:45:52.977+0000] {processor.py:830} INFO - Processing file /opt/airflow/dags/day25_kafka_orchestration.py for tasks to queue
[2026-09-29T11:45:52.980+0000] {logging_mixin.py:188} INFO - [2026-09-29T11:45:52.979+0000] {dagbag.py:545} INFO - Filling up the DagBag from /opt/airflow/dags/day25_kafka_orchestration.py
[2026-09-29T11:45:52.998+0000] {processor.py:840} INFO - DAG(s) 'day25_kafka_orchestration' retrieved from /opt/airflow/dags/day25_kafka_orchestration.py
[2026-09-29T11:45:53.025+0000] {logging_mixin.py:188} INFO - [2026-09-29T11:45:53.025+0000] {dag.py:3089} INFO - Sync 1 DAGs
[2026-09-29T11:45:53.038+0000] {logging_mixin.py:188} INFO - [2026-09-29T11:45:53.038+0000] {dag.py:3947} INFO - Setting next_dagrun for day25_kafka_orchestration to None, run_after=None
[2026-09-29T11:45:53.066+0000] {processor.py:183} INFO - Processing /opt/airflow/dags/day25_kafka_orchestration.py took 0.096 seconds
[2026-09-29T11:46:25.243+0000] {processor.py:161} INFO - Started process (PID=78) to work on /opt/airflow/dags/day25_kafka_orchestration.py
[2026-09-29T11:46:25.245+0000] {processor.py:830} INFO - Processing file /opt/airflow/dags/day25_kafka_orchestration.py for tasks to queue
[2026-09-29T11:46:25.247+0000] {logging_mixin.py:188} INFO - [2026-09-29T11:46:25.247+0000] {dagbag.py:545} INFO - Filling up the DagBag from /opt/airflow/dags/day25_kafka_orchestration.py
[2026-09-29T11:46:25.263+0000] {processor.py:840} INFO - DAG(s) 'day25_kafka_orchestration' retrieved from /opt/airflow/dags/day25_kafka_orchestration.py
[2026-09-29T11:46:25.283+0000] {logging_mixin.py:188} INFO - [2026-09-29T11:46:25.282+0000] {dag.py:3089} INFO - Sync 1 DAGs
[2026-09-29T11:46:25.292+0000] {logging_mixin.py:188} INFO - [2026-09-29T11:46:25.292+0000] {dag.py:3947} INFO - Setting next_dagrun for day25_kafka_orchestration to None, run_after=None
[2026-09-29T11:46:25.320+0000] {processor.py:183} INFO - Processing /opt/airflow/dags/day25_kafka_orchestration.py took 0.081 seconds
[2026-09-29T11:46:55.627+0000] {processor.py:161} INFO - Started process (PID=84) to work on /opt/airflow/dags/day25_kafka_orchestration.py
[2026-09-29T11:46:55.629+0000] {processor.py:830} INFO - Processing file /opt/airflow/dags/day25_kafka_orchestration.py for tasks to queue
[2026-09-29T11:46:55.631+0000] {logging_mixin.py:188} INFO - [2026-09-29T11:46:55.631+0000] {dagbag.py:545} INFO - Filling up the DagBag from /opt/airflow/dags/day25_kafka_orchestration.py
[2026-09-29T11:46:55.650+0000] {processor.py:840} INFO - DAG(s) 'day25_kafka_orchestration' retrieved from /opt/airflow/dags/day25_kafka_orchestration.py
[2026-09-29T11:46:55.679+0000] {logging_mixin.py:188} INFO - [2026-09-29T11:46:55.679+0000] {dag.py:3089} INFO - Sync 1 DAGs
[2026-09-29T11:46:55.692+0000] {logging_mixin.py:188} INFO - [2026-09-29T11:46:55.692+0000] {dag.py:3947} INFO - Setting next_dagrun for day25_kafka_orchestration to None, run_after=None
[2026-09-29T11:46:55.725+0000] {processor.py:183} INFO - Processing /opt/airflow/dags/day25_kafka_orchestration.py took 0.103 seconds
[2026-09-29T11:47:25.941+0000] {processor.py:161} INFO - Started process (PID=90) to work on /opt/airflow/dags/day25_kafka_orchestration.py
[2026-09-29T11:47:25.942+0000] {processor.py:830} INFO - Processing file /opt/airflow/dags/day25_kafka_orchestration.py for tasks to queue
[2026-09-29T11:47:25.944+0000] {logging_mixin.py:188} INFO - [2026-09-29T11:47:25.943+0000] {dagbag.py:545} INFO - Filling up the DagBag from /opt/airflow/dags/day25_kafka_orchestration.py
[2026-09-29T11:47:25.962+0000] {processor.py:840} INFO - DAG(s) 'day25_kafka_orchestration' retrieved from /opt/airflow/dags/day25_kafka_orchestration.py
[2026-09-29T11:47:25.984+0000] {logging_mixin.py:188} INFO - [2026-09-29T11:47:25.984+0000] {dag.py:3089} INFO - Sync 1 DAGs
[2026-09-29T11:47:25.996+0000] {logging_mixin.py:188} INFO - [2026-09-29T11:47:25.996+0000] {dag.py:3947} INFO - Setting next_dagrun for day25_kafka_orchestration to None, run_after=None
[2026-09-29T11:47:26.023+0000] {processor.py:183} INFO - Processing /opt/airflow/dags/day25_kafka_orchestration.py took 0.087 seconds
[2026-09-29T11:47:56.359+0000] {processor.py:161} INFO - Started process (PID=91) to work on /opt/airflow/dags/day25_kafka_orchestration.py
[2026-09-29T11:47:56.360+0000] {processor.py:830} INFO - Processing file /opt/airflow/dags/day25_kafka_orchestration.py for tasks to queue
[2026-09-29T11:47:56.363+0000] {logging_mixin.py:188} INFO - [2026-09-29T11:47:56.363+0000] {dagbag.py:545} INFO - Filling up the DagBag from /opt/airflow/dags/day25_kafka_orchestration.py
[2026-09-29T11:47:56.385+0000] {processor.py:840} INFO - DAG(s) 'day25_kafka_orchestration' retrieved from /opt/airflow/dags/day25_kafka_orchestration.py
[2026-09-29T11:47:56.412+0000] {logging_mixin.py:188} INFO - [2026-09-29T11:47:56.412+0000] {dag.py:3089} INFO - Sync 1 DAGs
[2026-09-29T11:47:56.425+0000] {logging_mixin.py:188} INFO - [2026-09-29T11:47:56.424+0000] {dag.py:3947} INFO - Setting next_dagrun for day25_kafka_orchestration to None, run_after=None
[2026-09-29T11:47:56.455+0000] {processor.py:183} INFO - Processing /opt/airflow/dags/day25_kafka_orchestration.py took 0.103 seconds
[2026-09-29T11:48:26.623+0000] {processor.py:161} INFO - Started process (PID=106) to work on /opt/airflow/dags/day25_kafka_orchestration.py
[2026-09-29T11:48:26.624+0000] {processor.py:830} INFO - Processing file /opt/airflow/dags/day25_kafka_orchestration.py for tasks to queue
[2026-09-29T11:48:26.626+0000] {logging_mixin.py:188} INFO - [2026-09-29T11:48:26.625+0000] {dagbag.py:545} INFO - Filling up the DagBag from /opt/airflow/dags/day25_kafka_orchestration.py
[2026-09-29T11:48:26.645+0000] {processor.py:840} INFO - DAG(s) 'day25_kafka_orchestration' retrieved from /opt/airflow/dags/day25_kafka_orchestration.py
[2026-09-29T11:48:26.668+0000] {logging_mixin.py:188} INFO - [2026-09-29T11:48:26.668+0000] {dag.py:3089} INFO - Sync 1 DAGs
[2026-09-29T11:48:26.681+0000] {logging_mixin.py:188} INFO - [2026-09-29T11:48:26.681+0000] {dag.py:3947} INFO - Setting next_dagrun for day25_kafka_orchestration to None, run_after=None
[2026-09-29T11:48:26.709+0000] {processor.py:183} INFO - Processing /opt/airflow/dags/day25_kafka_orchestration.py took 0.092 seconds
[2026-09-29T11:48:56.871+0000] {processor.py:161} INFO - Started process (PID=114) to work on /opt/airflow/dags/day25_kafka_orchestration.py
[2026-09-29T11:48:56.873+0000] {processor.py:830} INFO - Processing file /opt/airflow/dags/day25_kafka_orchestration.py for tasks to queue
[2026-09-29T11:48:56.876+0000] {logging_mixin.py:188} INFO - [2026-09-29T11:48:56.875+0000] {dagbag.py:545} INFO - Filling up the DagBag from /opt/airflow/dags/day25_kafka_orchestration.py
[2026-09-29T11:48:56.896+0000] {processor.py:840} INFO - DAG(s) 'day25_kafka_orchestration' retrieved from /opt/airflow/dags/day25_kafka_orchestration.py
[2026-09-29T11:48:56.940+0000] {logging_mixin.py:188} INFO - [2026-09-29T11:48:56.939+0000] {dag.py:3089} INFO - Sync 1 DAGs
[2026-09-29T11:48:56.968+0000] {logging_mixin.py:188} INFO - [2026-09-29T11:48:56.968+0000] {dag.py:3947} INFO - Setting next_dagrun for day25_kafka_orchestration to None, run_after=None
[2026-09-29T11:48:57.013+0000] {processor.py:183} INFO - Processing /opt/airflow/dags/day25_kafka_orchestration.py took 0.147 seconds
[2026-09-29T11:49:27.131+0000] {processor.py:161} INFO - Started process (PID=115) to work on /opt/airflow/dags/day25_kafka_orchestration.py
[2026-09-29T11:49:27.133+0000] {processor.py:830} INFO - Processing file /opt/airflow/dags/day25_kafka_orchestration.py for tasks to queue
[2026-09-29T11:49:27.135+0000] {logging_mixin.py:188} INFO - [2026-09-29T11:49:27.135+0000] {dagbag.py:545} INFO - Filling up the DagBag from /opt/airflow/dags/day25_kafka_orchestration.py
[2026-09-29T11:49:27.160+0000] {processor.py:840} INFO - DAG(s) 'day25_kafka_orchestration' retrieved from /opt/airflow/dags/day25_kafka_orchestration.py
[2026-09-29T11:49:27.187+0000] {logging_mixin.py:188} INFO - [2026-09-29T11:49:27.187+0000] {dag.py:3089} INFO - Sync 1 DAGs
[2026-09-29T11:49:27.201+0000] {logging_mixin.py:188} INFO - [2026-09-29T11:49:27.201+0000] {dag.py:3947} INFO - Setting next_dagrun for day25_kafka_orchestration to None, run_after=None
[2026-09-29T11:49:27.234+0000] {processor.py:183} INFO - Processing /opt/airflow/dags/day25_kafka_orchestration.py took 0.108 seconds
[2026-09-29T11:49:57.376+0000] {processor.py:161} INFO - Started process (PID=116) to work on /opt/airflow/dags/day25_kafka_orchestration.py
[2026-09-29T11:49:57.378+0000] {processor.py:830} INFO - Processing file /opt/airflow/dags/day25_kafka_orchestration.py for tasks to queue
[2026-09-29T11:49:57.381+0000] {logging_mixin.py:188} INFO - [2026-09-29T11:49:57.380+0000] {dagbag.py:545} INFO - Filling up the DagBag from /opt/airflow/dags/day25_kafka_orchestration.py
[2026-09-29T11:49:57.403+0000] {processor.py:840} INFO - DAG(s) 'day25_kafka_orchestration' retrieved from /opt/airflow/dags/day25_kafka_orchestration.py
[2026-09-29T11:49:57.448+0000] {logging_mixin.py:188} INFO - [2026-09-29T11:49:57.448+0000] {dag.py:3089} INFO - Sync 1 DAGs
[2026-09-29T11:49:57.476+0000] {logging_mixin.py:188} INFO - [2026-09-29T11:49:57.476+0000] {dag.py:3947} INFO - Setting next_dagrun for day25_kafka_orchestration to None, run_after=None
[2026-09-29T11:49:57.522+0000] {processor.py:183} INFO - Processing /opt/airflow/dags/day25_kafka_orchestration.py took 0.151 seconds
[2026-09-29T11:50:27.629+0000] {processor.py:161} INFO - Started process (PID=117) to work on /opt/airflow/dags/day25_kafka_orchestration.py
[2026-09-29T11:50:27.630+0000] {processor.py:830} INFO - Processing file /opt/airflow/dags/day25_kafka_orchestration.py for tasks to queue
[2026-09-29T11:50:27.632+0000] {logging_mixin.py:188} INFO - [2026-09-29T11:50:27.632+0000] {dagbag.py:545} INFO - Filling up the DagBag from /opt/airflow/dags/day25_kafka_orchestration.py
[2026-09-29T11:50:27.671+0000] {processor.py:840} INFO - DAG(s) 'day25_kafka_orchestration' retrieved from /opt/airflow/dags/day25_kafka_orchestration.py
[2026-09-29T11:50:27.726+0000] {logging_mixin.py:188} INFO - [2026-09-29T11:50:27.726+0000] {dag.py:3089} INFO - Sync 1 DAGs
[2026-09-29T11:50:27.746+0000] {logging_mixin.py:188} INFO - [2026-09-29T11:50:27.745+0000] {dag.py:3947} INFO - Setting next_dagrun for day25_kafka_orchestration to None, run_after=None
[2026-09-29T11:50:27.791+0000] {processor.py:183} INFO - Processing /opt/airflow/dags/day25_kafka_orchestration.py took 0.167 seconds
[2026-09-29T11:50:57.902+0000] {processor.py:161} INFO - Started process (PID=118) to work on /opt/airflow/dags/day25_kafka_orchestration.py
[2026-09-29T11:50:57.904+0000] {processor.py:830} INFO - Processing file /opt/airflow/dags/day25_kafka_orchestration.py for tasks to queue
[2026-09-29T11:50:57.908+0000] {logging_mixin.py:188} INFO - [2026-09-29T11:50:57.907+0000] {dagbag.py:545} INFO - Filling up the DagBag from /opt/airflow/dags/day25_kafka_orchestration.py
[2026-09-29T11:50:57.933+0000] {processor.py:840} INFO - DAG(s) 'day25_kafka_orchestration' retrieved from /opt/airflow/dags/day25_kafka_orchestration.py
[2026-09-29T11:50:57.960+0000] {logging_mixin.py:188} INFO - [2026-09-29T11:50:57.959+0000] {dag.py:3089} INFO - Sync 1 DAGs
[2026-09-29T11:50:57.973+0000] {logging_mixin.py:188} INFO - [2026-09-29T11:50:57.973+0000] {dag.py:3947} INFO - Setting next_dagrun for day25_kafka_orchestration to None, run_after=None
[2026-09-29T11:50:58.001+0000] {processor.py:183} INFO - Processing /opt/airflow/dags/day25_kafka_orchestration.py took 0.105 seconds
[2026-09-29T11:51:28.152+0000] {processor.py:161} INFO - Started process (PID=119) to work on /opt/airflow/dags/day25_kafka_orchestration.py
[2026-09-29T11:51:28.153+0000] {processor.py:830} INFO - Processing file /opt/airflow/dags/day25_kafka_orchestration.py for tasks to queue
[2026-09-29T11:51:28.156+0000] {logging_mixin.py:188} INFO - [2026-09-29T11:51:28.156+0000] {dagbag.py:545} INFO - Filling up the DagBag from /opt/airflow/dags/day25_kafka_orchestration.py
[2026-09-29T11:51:28.175+0000] {processor.py:840} INFO - DAG(s) 'day25_kafka_orchestration' retrieved from /opt/airflow/dags/day25_kafka_orchestration.py
[2026-09-29T11:51:28.206+0000] {logging_mixin.py:188} INFO - [2026-09-29T11:51:28.206+0000] {dag.py:3089} INFO - Sync 1 DAGs
[2026-09-29T11:51:28.221+0000] {logging_mixin.py:188} INFO - [2026-09-29T11:51:28.220+0000] {dag.py:3947} INFO - Setting next_dagrun for day25_kafka_orchestration to None, run_after=None
[2026-09-29T11:51:28.255+0000] {processor.py:183} INFO - Processing /opt/airflow/dags/day25_kafka_orchestration.py took 0.108 seconds
[2026-09-29T11:51:58.424+0000] {processor.py:161} INFO - Started process (PID=120) to work on /opt/airflow/dags/day25_kafka_orchestration.py
[2026-09-29T11:51:58.426+0000] {processor.py:830} INFO - Processing file /opt/airflow/dags/day25_kafka_orchestration.py for tasks to queue
[2026-09-29T11:51:58.430+0000] {logging_mixin.py:188} INFO - [2026-09-29T11:51:58.429+0000] {dagbag.py:545} INFO - Filling up the DagBag from /opt/airflow/dags/day25_kafka_orchestration.py
[2026-09-29T11:51:58.457+0000] {processor.py:840} INFO - DAG(s) 'day25_kafka_orchestration' retrieved from /opt/airflow/dags/day25_kafka_orchestration.py
[2026-09-29T11:51:58.498+0000] {logging_mixin.py:188} INFO - [2026-09-29T11:51:58.497+0000] {dag.py:3089} INFO - Sync 1 DAGs
[2026-09-29T11:51:58.514+0000] {logging_mixin.py:188} INFO - [2026-09-29T11:51:58.514+0000] {dag.py:3947} INFO - Setting next_dagrun for day25_kafka_orchestration to None, run_after=None
[2026-09-29T11:51:58.554+0000] {processor.py:183} INFO - Processing /opt/airflow/dags/day25_kafka_orchestration.py took 0.136 seconds
[2026-09-29T11:52:28.661+0000] {processor.py:161} INFO - Started process (PID=121) to work on /opt/airflow/dags/day25_kafka_orchestration.py
[2026-09-29T11:52:28.663+0000] {processor.py:830} INFO - Processing file /opt/airflow/dags/day25_kafka_orchestration.py for tasks to queue
[2026-09-29T11:52:28.666+0000] {logging_mixin.py:188} INFO - [2026-09-29T11:52:28.665+0000] {dagbag.py:545} INFO - Filling up the DagBag from /opt/airflow/dags/day25_kafka_orchestration.py
[2026-09-29T11:52:28.686+0000] {processor.py:840} INFO - DAG(s) 'day25_kafka_orchestration' retrieved from /opt/airflow/dags/day25_kafka_orchestration.py
[2026-09-29T11:52:28.710+0000] {logging_mixin.py:188} INFO - [2026-09-29T11:52:28.710+0000] {dag.py:3089} INFO - Sync 1 DAGs
[2026-09-29T11:52:28.721+0000] {logging_mixin.py:188} INFO - [2026-09-29T11:52:28.721+0000] {dag.py:3947} INFO - Setting next_dagrun for day25_kafka_orchestration to None, run_after=None
[2026-09-29T11:52:28.747+0000] {processor.py:183} INFO - Processing /opt/airflow/dags/day25_kafka_orchestration.py took 0.091 seconds
[2026-09-29T11:52:59.054+0000] {processor.py:161} INFO - Started process (PID=122) to work on /opt/airflow/dags/day25_kafka_orchestration.py
[2026-09-29T11:52:59.056+0000] {processor.py:830} INFO - Processing file /opt/airflow/dags/day25_kafka_orchestration.py for tasks to queue
[2026-09-29T11:52:59.058+0000] {logging_mixin.py:188} INFO - [2026-09-29T11:52:59.057+0000] {dagbag.py:545} INFO - Filling up the DagBag from /opt/airflow/dags/day25_kafka_orchestration.py
[2026-09-29T11:52:59.075+0000] {processor.py:840} INFO - DAG(s) 'day25_kafka_orchestration' retrieved from /opt/airflow/dags/day25_kafka_orchestration.py
[2026-09-29T11:52:59.096+0000] {logging_mixin.py:188} INFO - [2026-09-29T11:52:59.096+0000] {dag.py:3089} INFO - Sync 1 DAGs
[2026-09-29T11:52:59.107+0000] {logging_mixin.py:188} INFO - [2026-09-29T11:52:59.107+0000] {dag.py:3947} INFO - Setting next_dagrun for day25_kafka_orchestration to None, run_after=None
[2026-09-29T11:52:59.142+0000] {processor.py:183} INFO - Processing /opt/airflow/dags/day25_kafka_orchestration.py took 0.093 seconds
[2026-09-29T11:53:29.409+0000] {processor.py:161} INFO - Started process (PID=123) to work on /opt/airflow/dags/day25_kafka_orchestration.py
[2026-09-29T11:53:29.411+0000] {processor.py:830} INFO - Processing file /opt/airflow/dags/day25_kafka_orchestration.py for tasks to queue
[2026-09-29T11:53:29.413+0000] {logging_mixin.py:188} INFO - [2026-09-29T11:53:29.412+0000] {dagbag.py:545} INFO - Filling up the DagBag from /opt/airflow/dags/day25_kafka_orchestration.py
[2026-09-29T11:53:29.431+0000] {processor.py:840} INFO - DAG(s) 'day25_kafka_orchestration' retrieved from /opt/airflow/dags/day25_kafka_orchestration.py
[2026-09-29T11:53:29.477+0000] {logging_mixin.py:188} INFO - [2026-09-29T11:53:29.476+0000] {dag.py:3089} INFO - Sync 1 DAGs
[2026-09-29T11:53:29.511+0000] {logging_mixin.py:188} INFO - [2026-09-29T11:53:29.511+0000] {dag.py:3947} INFO - Setting next_dagrun for day25_kafka_orchestration to None, run_after=None
[2026-09-29T11:53:29.559+0000] {processor.py:183} INFO - Processing /opt/airflow/dags/day25_kafka_orchestration.py took 0.154 seconds
[2026-09-29T11:53:59.712+0000] {processor.py:161} INFO - Started process (PID=124) to work on /opt/airflow/dags/day25_kafka_orchestration.py
[2026-09-29T11:53:59.714+0000] {processor.py:830} INFO - Processing file /opt/airflow/dags/day25_kafka_orchestration.py for tasks to queue
[2026-09-29T11:53:59.718+0000] {logging_mixin.py:188} INFO - [2026-09-29T11:53:59.717+0000] {dagbag.py:545} INFO - Filling up the DagBag from /opt/airflow/dags/day25_kafka_orchestration.py
[2026-09-29T11:53:59.755+0000] {processor.py:840} INFO - DAG(s) 'day25_kafka_orchestration' retrieved from /opt/airflow/dags/day25_kafka_orchestration.py
[2026-09-29T11:53:59.802+0000] {logging_mixin.py:188} INFO - [2026-09-29T11:53:59.801+0000] {dag.py:3089} INFO - Sync 1 DAGs
[2026-09-29T11:53:59.824+0000] {logging_mixin.py:188} INFO - [2026-09-29T11:53:59.824+0000] {dag.py:3947} INFO - Setting next_dagrun for day25_kafka_orchestration to None, run_after=None
[2026-09-29T11:53:59.866+0000] {processor.py:183} INFO - Processing /opt/airflow/dags/day25_kafka_orchestration.py took 0.162 seconds
[2026-09-29T11:54:30.023+0000] {processor.py:161} INFO - Started process (PID=125) to work on /opt/airflow/dags/day25_kafka_orchestration.py
[2026-09-29T11:54:30.025+0000] {processor.py:830} INFO - Processing file /opt/airflow/dags/day25_kafka_orchestration.py for tasks to queue
[2026-09-29T11:54:30.028+0000] {logging_mixin.py:188} INFO - [2026-09-29T11:54:30.028+0000] {dagbag.py:545} INFO - Filling up the DagBag from /opt/airflow/dags/day25_kafka_orchestration.py
[2026-09-29T11:54:30.076+0000] {processor.py:840} INFO - DAG(s) 'day25_kafka_orchestration' retrieved from /opt/airflow/dags/day25_kafka_orchestration.py
[2026-09-29T11:54:30.103+0000] {logging_mixin.py:188} INFO - [2026-09-29T11:54:30.103+0000] {dag.py:3089} INFO - Sync 1 DAGs
[2026-09-29T11:54:30.128+0000] {logging_mixin.py:188} INFO - [2026-09-29T11:54:30.128+0000] {dag.py:3947} INFO - Setting next_dagrun for day25_kafka_orchestration to None, run_after=None
[2026-09-29T11:54:30.159+0000] {processor.py:183} INFO - Processing /opt/airflow/dags/day25_kafka_orchestration.py took 0.140 seconds
[2026-09-29T11:55:00.335+0000] {processor.py:161} INFO - Started process (PID=126) to work on /opt/airflow/dags/day25_kafka_orchestration.py
[2026-09-29T11:55:00.338+0000] {processor.py:830} INFO - Processing file /opt/airflow/dags/day25_kafka_orchestration.py for tasks to queue
[2026-09-29T11:55:00.340+0000] {logging_mixin.py:188} INFO - [2026-09-29T11:55:00.340+0000] {dagbag.py:545} INFO - Filling up the DagBag from /opt/airflow/dags/day25_kafka_orchestration.py
[2026-09-29T11:55:00.364+0000] {processor.py:840} INFO - DAG(s) 'day25_kafka_orchestration' retrieved from /opt/airflow/dags/day25_kafka_orchestration.py
[2026-09-29T11:55:00.414+0000] {logging_mixin.py:188} INFO - [2026-09-29T11:55:00.414+0000] {dag.py:3089} INFO - Sync 1 DAGs
[2026-09-29T11:55:00.426+0000] {logging_mixin.py:188} INFO - [2026-09-29T11:55:00.426+0000] {dag.py:3947} INFO - Setting next_dagrun for day25_kafka_orchestration to None, run_after=None
[2026-09-29T11:55:00.460+0000] {processor.py:183} INFO - Processing /opt/airflow/dags/day25_kafka_orchestration.py took 0.131 seconds
[2026-09-29T11:55:32.285+0000] {processor.py:161} INFO - Started process (PID=127) to work on /opt/airflow/dags/day25_kafka_orchestration.py
[2026-09-29T11:55:32.293+0000] {processor.py:830} INFO - Processing file /opt/airflow/dags/day25_kafka_orchestration.py for tasks to queue
[2026-09-29T11:55:32.301+0000] {logging_mixin.py:188} INFO - [2026-09-29T11:55:32.300+0000] {dagbag.py:545} INFO - Filling up the DagBag from /opt/airflow/dags/day25_kafka_orchestration.py
[2026-09-29T11:55:32.492+0000] {processor.py:840} INFO - DAG(s) 'day25_kafka_orchestration' retrieved from /opt/airflow/dags/day25_kafka_orchestration.py
[2026-09-29T11:55:32.784+0000] {logging_mixin.py:188} INFO - [2026-09-29T11:55:32.784+0000] {dag.py:3089} INFO - Sync 1 DAGs
[2026-09-29T11:55:32.906+0000] {logging_mixin.py:188} INFO - [2026-09-29T11:55:32.906+0000] {dag.py:3947} INFO - Setting next_dagrun for day25_kafka_orchestration to None, run_after=None
[2026-09-29T11:55:32.980+0000] {processor.py:183} INFO - Processing /opt/airflow/dags/day25_kafka_orchestration.py took 0.753 seconds
[2026-09-29T11:56:03.665+0000] {processor.py:161} INFO - Started process (PID=128) to work on /opt/airflow/dags/day25_kafka_orchestration.py
[2026-09-29T11:56:03.668+0000] {processor.py:830} INFO - Processing file /opt/airflow/dags/day25_kafka_orchestration.py for tasks to queue
[2026-09-29T11:56:03.673+0000] {logging_mixin.py:188} INFO - [2026-09-29T11:56:03.672+0000] {dagbag.py:545} INFO - Filling up the DagBag from /opt/airflow/dags/day25_kafka_orchestration.py
[2026-09-29T11:56:03.717+0000] {processor.py:840} INFO - DAG(s) 'day25_kafka_orchestration' retrieved from /opt/airflow/dags/day25_kafka_orchestration.py
[2026-09-29T11:56:03.788+0000] {logging_mixin.py:188} INFO - [2026-09-29T11:56:03.787+0000] {dag.py:3089} INFO - Sync 1 DAGs
[2026-09-29T11:56:03.814+0000] {logging_mixin.py:188} INFO - [2026-09-29T11:56:03.813+0000] {dag.py:3947} INFO - Setting next_dagrun for day25_kafka_orchestration to None, run_after=None
[2026-09-29T11:56:03.870+0000] {processor.py:183} INFO - Processing /opt/airflow/dags/day25_kafka_orchestration.py took 0.215 seconds
[2026-09-29T11:56:34.321+0000] {processor.py:161} INFO - Started process (PID=135) to work on /opt/airflow/dags/day25_kafka_orchestration.py
[2026-09-29T11:56:34.333+0000] {processor.py:830} INFO - Processing file /opt/airflow/dags/day25_kafka_orchestration.py for tasks to queue
[2026-09-29T11:56:34.342+0000] {logging_mixin.py:188} INFO - [2026-09-29T11:56:34.340+0000] {dagbag.py:545} INFO - Filling up the DagBag from /opt/airflow/dags/day25_kafka_orchestration.py
[2026-09-29T11:56:34.448+0000] {processor.py:840} INFO - DAG(s) 'day25_kafka_orchestration' retrieved from /opt/airflow/dags/day25_kafka_orchestration.py
[2026-09-29T11:56:34.539+0000] {logging_mixin.py:188} INFO - [2026-09-29T11:56:34.539+0000] {dag.py:3089} INFO - Sync 1 DAGs
[2026-09-29T11:56:34.576+0000] {logging_mixin.py:188} INFO - [2026-09-29T11:56:34.576+0000] {dag.py:3947} INFO - Setting next_dagrun for day25_kafka_orchestration to None, run_after=None
[2026-09-29T11:56:34.802+0000] {processor.py:183} INFO - Processing /opt/airflow/dags/day25_kafka_orchestration.py took 0.498 seconds
[2026-09-29T11:57:05.203+0000] {processor.py:161} INFO - Started process (PID=136) to work on /opt/airflow/dags/day25_kafka_orchestration.py
[2026-09-29T11:57:05.211+0000] {processor.py:830} INFO - Processing file /opt/airflow/dags/day25_kafka_orchestration.py for tasks to queue
[2026-09-29T11:57:05.226+0000] {logging_mixin.py:188} INFO - [2026-09-29T11:57:05.223+0000] {dagbag.py:545} INFO - Filling up the DagBag from /opt/airflow/dags/day25_kafka_orchestration.py
[2026-09-29T11:57:05.295+0000] {processor.py:840} INFO - DAG(s) 'day25_kafka_orchestration' retrieved from /opt/airflow/dags/day25_kafka_orchestration.py
[2026-09-29T11:57:05.395+0000] {logging_mixin.py:188} INFO - [2026-09-29T11:57:05.394+0000] {dag.py:3089} INFO - Sync 1 DAGs
[2026-09-29T11:57:05.459+0000] {logging_mixin.py:188} INFO - [2026-09-29T11:57:05.459+0000] {dag.py:3947} INFO - Setting next_dagrun for day25_kafka_orchestration to None, run_after=None
[2026-09-29T11:57:05.516+0000] {processor.py:183} INFO - Processing /opt/airflow/dags/day25_kafka_orchestration.py took 0.345 seconds
[2026-09-29T11:57:35.700+0000] {processor.py:161} INFO - Started process (PID=137) to work on /opt/airflow/dags/day25_kafka_orchestration.py
[2026-09-29T11:57:35.702+0000] {processor.py:830} INFO - Processing file /opt/airflow/dags/day25_kafka_orchestration.py for tasks to queue
[2026-09-29T11:57:35.704+0000] {logging_mixin.py:188} INFO - [2026-09-29T11:57:35.704+0000] {dagbag.py:545} INFO - Filling up the DagBag from /opt/airflow/dags/day25_kafka_orchestration.py
[2026-09-29T11:57:35.726+0000] {processor.py:840} INFO - DAG(s) 'day25_kafka_orchestration' retrieved from /opt/airflow/dags/day25_kafka_orchestration.py
[2026-09-29T11:57:35.760+0000] {logging_mixin.py:188} INFO - [2026-09-29T11:57:35.760+0000] {dag.py:3089} INFO - Sync 1 DAGs
[2026-09-29T11:57:35.776+0000] {logging_mixin.py:188} INFO - [2026-09-29T11:57:35.776+0000] {dag.py:3947} INFO - Setting next_dagrun for day25_kafka_orchestration to None, run_after=None
[2026-09-29T11:57:35.821+0000] {processor.py:183} INFO - Processing /opt/airflow/dags/day25_kafka_orchestration.py took 0.127 seconds
[2026-09-29T11:58:06.021+0000] {processor.py:161} INFO - Started process (PID=138) to work on /opt/airflow/dags/day25_kafka_orchestration.py
[2026-09-29T11:58:06.022+0000] {processor.py:830} INFO - Processing file /opt/airflow/dags/day25_kafka_orchestration.py for tasks to queue
[2026-09-29T11:58:06.024+0000] {logging_mixin.py:188} INFO - [2026-09-29T11:58:06.024+0000] {dagbag.py:545} INFO - Filling up the DagBag from /opt/airflow/dags/day25_kafka_orchestration.py
[2026-09-29T11:58:06.043+0000] {processor.py:840} INFO - DAG(s) 'day25_kafka_orchestration' retrieved from /opt/airflow/dags/day25_kafka_orchestration.py
[2026-09-29T11:58:06.067+0000] {logging_mixin.py:188} INFO - [2026-09-29T11:58:06.067+0000] {dag.py:3089} INFO - Sync 1 DAGs
[2026-09-29T11:58:06.078+0000] {logging_mixin.py:188} INFO - [2026-09-29T11:58:06.078+0000] {dag.py:3947} INFO - Setting next_dagrun for day25_kafka_orchestration to None, run_after=None
[2026-09-29T11:58:06.107+0000] {processor.py:183} INFO - Processing /opt/airflow/dags/day25_kafka_orchestration.py took 0.091 seconds
[2026-09-29T11:58:36.341+0000] {processor.py:161} INFO - Started process (PID=145) to work on /opt/airflow/dags/day25_kafka_orchestration.py
[2026-09-29T11:58:36.342+0000] {processor.py:830} INFO - Processing file /opt/airflow/dags/day25_kafka_orchestration.py for tasks to queue
[2026-09-29T11:58:36.347+0000] {logging_mixin.py:188} INFO - [2026-09-29T11:58:36.346+0000] {dagbag.py:545} INFO - Filling up the DagBag from /opt/airflow/dags/day25_kafka_orchestration.py
[2026-09-29T11:58:36.366+0000] {processor.py:840} INFO - DAG(s) 'day25_kafka_orchestration' retrieved from /opt/airflow/dags/day25_kafka_orchestration.py
[2026-09-29T11:58:36.391+0000] {logging_mixin.py:188} INFO - [2026-09-29T11:58:36.390+0000] {dag.py:3089} INFO - Sync 1 DAGs
[2026-09-29T11:58:36.403+0000] {logging_mixin.py:188} INFO - [2026-09-29T11:58:36.402+0000] {dag.py:3947} INFO - Setting next_dagrun for day25_kafka_orchestration to None, run_after=None
[2026-09-29T11:58:36.430+0000] {processor.py:183} INFO - Processing /opt/airflow/dags/day25_kafka_orchestration.py took 0.094 seconds
[2026-09-29T11:59:06.627+0000] {processor.py:161} INFO - Started process (PID=146) to work on /opt/airflow/dags/day25_kafka_orchestration.py
[2026-09-29T11:59:06.629+0000] {processor.py:830} INFO - Processing file /opt/airflow/dags/day25_kafka_orchestration.py for tasks to queue
[2026-09-29T11:59:06.631+0000] {logging_mixin.py:188} INFO - [2026-09-29T11:59:06.631+0000] {dagbag.py:545} INFO - Filling up the DagBag from /opt/airflow/dags/day25_kafka_orchestration.py
[2026-09-29T11:59:06.651+0000] {processor.py:840} INFO - DAG(s) 'day25_kafka_orchestration' retrieved from /opt/airflow/dags/day25_kafka_orchestration.py
[2026-09-29T11:59:06.676+0000] {logging_mixin.py:188} INFO - [2026-09-29T11:59:06.676+0000] {dag.py:3089} INFO - Sync 1 DAGs
[2026-09-29T11:59:06.688+0000] {logging_mixin.py:188} INFO - [2026-09-29T11:59:06.687+0000] {dag.py:3947} INFO - Setting next_dagrun for day25_kafka_orchestration to None, run_after=None
[2026-09-29T11:59:06.716+0000] {processor.py:183} INFO - Processing /opt/airflow/dags/day25_kafka_orchestration.py took 0.093 seconds
[2026-09-29T11:59:36.927+0000] {processor.py:161} INFO - Started process (PID=147) to work on /opt/airflow/dags/day25_kafka_orchestration.py
[2026-09-29T11:59:36.928+0000] {processor.py:830} INFO - Processing file /opt/airflow/dags/day25_kafka_orchestration.py for tasks to queue
[2026-09-29T11:59:36.930+0000] {logging_mixin.py:188} INFO - [2026-09-29T11:59:36.930+0000] {dagbag.py:545} INFO - Filling up the DagBag from /opt/airflow/dags/day25_kafka_orchestration.py
[2026-09-29T11:59:36.951+0000] {processor.py:840} INFO - DAG(s) 'day25_kafka_orchestration' retrieved from /opt/airflow/dags/day25_kafka_orchestration.py
[2026-09-29T11:59:36.976+0000] {logging_mixin.py:188} INFO - [2026-09-29T11:59:36.976+0000] {dag.py:3089} INFO - Sync 1 DAGs
[2026-09-29T11:59:36.990+0000] {logging_mixin.py:188} INFO - [2026-09-29T11:59:36.990+0000] {dag.py:3947} INFO - Setting next_dagrun for day25_kafka_orchestration to None, run_after=None
[2026-09-29T11:59:37.018+0000] {processor.py:183} INFO - Processing /opt/airflow/dags/day25_kafka_orchestration.py took 0.096 seconds
[2026-09-29T12:00:07.232+0000] {processor.py:161} INFO - Started process (PID=148) to work on /opt/airflow/dags/day25_kafka_orchestration.py
[2026-09-29T12:00:07.234+0000] {processor.py:830} INFO - Processing file /opt/airflow/dags/day25_kafka_orchestration.py for tasks to queue
[2026-09-29T12:00:07.237+0000] {logging_mixin.py:188} INFO - [2026-09-29T12:00:07.236+0000] {dagbag.py:545} INFO - Filling up the DagBag from /opt/airflow/dags/day25_kafka_orchestration.py
[2026-09-29T12:00:07.256+0000] {processor.py:840} INFO - DAG(s) 'day25_kafka_orchestration' retrieved from /opt/airflow/dags/day25_kafka_orchestration.py
[2026-09-29T12:00:07.278+0000] {logging_mixin.py:188} INFO - [2026-09-29T12:00:07.278+0000] {dag.py:3089} INFO - Sync 1 DAGs
[2026-09-29T12:00:07.289+0000] {logging_mixin.py:188} INFO - [2026-09-29T12:00:07.289+0000] {dag.py:3947} INFO - Setting next_dagrun for day25_kafka_orchestration to None, run_after=None
[2026-09-29T12:00:07.317+0000] {processor.py:183} INFO - Processing /opt/airflow/dags/day25_kafka_orchestration.py took 0.092 seconds
[2026-09-29T12:00:37.545+0000] {processor.py:161} INFO - Started process (PID=156) to work on /opt/airflow/dags/day25_kafka_orchestration.py
[2026-09-29T12:00:37.547+0000] {processor.py:830} INFO - Processing file /opt/airflow/dags/day25_kafka_orchestration.py for tasks to queue
[2026-09-29T12:00:37.550+0000] {logging_mixin.py:188} INFO - [2026-09-29T12:00:37.549+0000] {dagbag.py:545} INFO - Filling up the DagBag from /opt/airflow/dags/day25_kafka_orchestration.py
[2026-09-29T12:00:37.581+0000] {processor.py:840} INFO - DAG(s) 'day25_kafka_orchestration' retrieved from /opt/airflow/dags/day25_kafka_orchestration.py
[2026-09-29T12:00:37.649+0000] {logging_mixin.py:188} INFO - [2026-09-29T12:00:37.649+0000] {dag.py:3089} INFO - Sync 1 DAGs
[2026-09-29T12:00:37.683+0000] {logging_mixin.py:188} INFO - [2026-09-29T12:00:37.683+0000] {dag.py:3947} INFO - Setting next_dagrun for day25_kafka_orchestration to None, run_after=None
[2026-09-29T12:00:37.734+0000] {processor.py:183} INFO - Processing /opt/airflow/dags/day25_kafka_orchestration.py took 0.200 seconds
[2026-09-29T12:01:07.937+0000] {processor.py:161} INFO - Started process (PID=157) to work on /opt/airflow/dags/day25_kafka_orchestration.py
[2026-09-29T12:01:07.939+0000] {processor.py:830} INFO - Processing file /opt/airflow/dags/day25_kafka_orchestration.py for tasks to queue
[2026-09-29T12:01:07.941+0000] {logging_mixin.py:188} INFO - [2026-09-29T12:01:07.941+0000] {dagbag.py:545} INFO - Filling up the DagBag from /opt/airflow/dags/day25_kafka_orchestration.py
[2026-09-29T12:01:07.963+0000] {processor.py:840} INFO - DAG(s) 'day25_kafka_orchestration' retrieved from /opt/airflow/dags/day25_kafka_orchestration.py
[2026-09-29T12:01:07.989+0000] {logging_mixin.py:188} INFO - [2026-09-29T12:01:07.989+0000] {dag.py:3089} INFO - Sync 1 DAGs
[2026-09-29T12:01:08.001+0000] {logging_mixin.py:188} INFO - [2026-09-29T12:01:08.001+0000] {dag.py:3947} INFO - Setting next_dagrun for day25_kafka_orchestration to None, run_after=None
[2026-09-29T12:01:08.031+0000] {processor.py:183} INFO - Processing /opt/airflow/dags/day25_kafka_orchestration.py took 0.100 seconds
[2026-09-29T12:01:38.252+0000] {processor.py:161} INFO - Started process (PID=158) to work on /opt/airflow/dags/day25_kafka_orchestration.py
[2026-09-29T12:01:38.254+0000] {processor.py:830} INFO - Processing file /opt/airflow/dags/day25_kafka_orchestration.py for tasks to queue
[2026-09-29T12:01:38.256+0000] {logging_mixin.py:188} INFO - [2026-09-29T12:01:38.256+0000] {dagbag.py:545} INFO - Filling up the DagBag from /opt/airflow/dags/day25_kafka_orchestration.py
[2026-09-29T12:01:38.278+0000] {processor.py:840} INFO - DAG(s) 'day25_kafka_orchestration' retrieved from /opt/airflow/dags/day25_kafka_orchestration.py
[2026-09-29T12:01:38.308+0000] {logging_mixin.py:188} INFO - [2026-09-29T12:01:38.308+0000] {dag.py:3089} INFO - Sync 1 DAGs
[2026-09-29T12:01:38.320+0000] {logging_mixin.py:188} INFO - [2026-09-29T12:01:38.320+0000] {dag.py:3947} INFO - Setting next_dagrun for day25_kafka_orchestration to None, run_after=None
[2026-09-29T12:01:38.349+0000] {processor.py:183} INFO - Processing /opt/airflow/dags/day25_kafka_orchestration.py took 0.118 seconds
[2026-09-29T12:02:08.535+0000] {processor.py:161} INFO - Started process (PID=159) to work on /opt/airflow/dags/day25_kafka_orchestration.py
[2026-09-29T12:02:08.537+0000] {processor.py:830} INFO - Processing file /opt/airflow/dags/day25_kafka_orchestration.py for tasks to queue
[2026-09-29T12:02:08.539+0000] {logging_mixin.py:188} INFO - [2026-09-29T12:02:08.539+0000] {dagbag.py:545} INFO - Filling up the DagBag from /opt/airflow/dags/day25_kafka_orchestration.py
[2026-09-29T12:02:08.559+0000] {processor.py:840} INFO - DAG(s) 'day25_kafka_orchestration' retrieved from /opt/airflow/dags/day25_kafka_orchestration.py
[2026-09-29T12:02:08.583+0000] {logging_mixin.py:188} INFO - [2026-09-29T12:02:08.582+0000] {dag.py:3089} INFO - Sync 1 DAGs
[2026-09-29T12:02:08.595+0000] {logging_mixin.py:188} INFO - [2026-09-29T12:02:08.595+0000] {dag.py:3947} INFO - Setting next_dagrun for day25_kafka_orchestration to None, run_after=None
[2026-09-29T12:02:08.633+0000] {processor.py:183} INFO - Processing /opt/airflow/dags/day25_kafka_orchestration.py took 0.103 seconds
[2026-09-29T12:02:38.840+0000] {processor.py:161} INFO - Started process (PID=160) to work on /opt/airflow/dags/day25_kafka_orchestration.py
[2026-09-29T12:02:38.842+0000] {processor.py:830} INFO - Processing file /opt/airflow/dags/day25_kafka_orchestration.py for tasks to queue
[2026-09-29T12:02:38.845+0000] {logging_mixin.py:188} INFO - [2026-09-29T12:02:38.844+0000] {dagbag.py:545} INFO - Filling up the DagBag from /opt/airflow/dags/day25_kafka_orchestration.py
[2026-09-29T12:02:38.865+0000] {processor.py:840} INFO - DAG(s) 'day25_kafka_orchestration' retrieved from /opt/airflow/dags/day25_kafka_orchestration.py
[2026-09-29T12:02:38.923+0000] {logging_mixin.py:188} INFO - [2026-09-29T12:02:38.922+0000] {dag.py:3089} INFO - Sync 1 DAGs
[2026-09-29T12:02:38.951+0000] {logging_mixin.py:188} INFO - [2026-09-29T12:02:38.950+0000] {dag.py:3947} INFO - Setting next_dagrun for day25_kafka_orchestration to None, run_after=None
[2026-09-29T12:02:38.992+0000] {processor.py:183} INFO - Processing /opt/airflow/dags/day25_kafka_orchestration.py took 0.164 seconds
[2026-09-29T12:03:09.120+0000] {processor.py:161} INFO - Started process (PID=161) to work on /opt/airflow/dags/day25_kafka_orchestration.py
[2026-09-29T12:03:09.121+0000] {processor.py:830} INFO - Processing file /opt/airflow/dags/day25_kafka_orchestration.py for tasks to queue
[2026-09-29T12:03:09.123+0000] {logging_mixin.py:188} INFO - [2026-09-29T12:03:09.123+0000] {dagbag.py:545} INFO - Filling up the DagBag from /opt/airflow/dags/day25_kafka_orchestration.py
[2026-09-29T12:03:09.142+0000] {processor.py:840} INFO - DAG(s) 'day25_kafka_orchestration' retrieved from /opt/airflow/dags/day25_kafka_orchestration.py
[2026-09-29T12:03:09.166+0000] {logging_mixin.py:188} INFO - [2026-09-29T12:03:09.165+0000] {dag.py:3089} INFO - Sync 1 DAGs
[2026-09-29T12:03:09.177+0000] {logging_mixin.py:188} INFO - [2026-09-29T12:03:09.177+0000] {dag.py:3947} INFO - Setting next_dagrun for day25_kafka_orchestration to None, run_after=None
[2026-09-29T12:03:09.212+0000] {processor.py:183} INFO - Processing /opt/airflow/dags/day25_kafka_orchestration.py took 0.097 seconds
[2026-09-29T12:03:39.392+0000] {processor.py:161} INFO - Started process (PID=162) to work on /opt/airflow/dags/day25_kafka_orchestration.py
[2026-09-29T12:03:39.394+0000] {processor.py:830} INFO - Processing file /opt/airflow/dags/day25_kafka_orchestration.py for tasks to queue
[2026-09-29T12:03:39.397+0000] {logging_mixin.py:188} INFO - [2026-09-29T12:03:39.396+0000] {dagbag.py:545} INFO - Filling up the DagBag from /opt/airflow/dags/day25_kafka_orchestration.py
[2026-09-29T12:03:39.414+0000] {processor.py:840} INFO - DAG(s) 'day25_kafka_orchestration' retrieved from /opt/airflow/dags/day25_kafka_orchestration.py
[2026-09-29T12:03:39.438+0000] {logging_mixin.py:188} INFO - [2026-09-29T12:03:39.438+0000] {dag.py:3089} INFO - Sync 1 DAGs
[2026-09-29T12:03:39.450+0000] {logging_mixin.py:188} INFO - [2026-09-29T12:03:39.450+0000] {dag.py:3947} INFO - Setting next_dagrun for day25_kafka_orchestration to None, run_after=None
[2026-09-29T12:03:39.477+0000] {processor.py:183} INFO - Processing /opt/airflow/dags/day25_kafka_orchestration.py took 0.089 seconds
[2026-09-29T12:04:09.663+0000] {processor.py:161} INFO - Started process (PID=163) to work on /opt/airflow/dags/day25_kafka_orchestration.py
[2026-09-29T12:04:09.665+0000] {processor.py:830} INFO - Processing file /opt/airflow/dags/day25_kafka_orchestration.py for tasks to queue
[2026-09-29T12:04:09.668+0000] {logging_mixin.py:188} INFO - [2026-09-29T12:04:09.667+0000] {dagbag.py:545} INFO - Filling up the DagBag from /opt/airflow/dags/day25_kafka_orchestration.py
[2026-09-29T12:04:09.689+0000] {processor.py:840} INFO - DAG(s) 'day25_kafka_orchestration' retrieved from /opt/airflow/dags/day25_kafka_orchestration.py
[2026-09-29T12:04:09.739+0000] {logging_mixin.py:188} INFO - [2026-09-29T12:04:09.739+0000] {dag.py:3089} INFO - Sync 1 DAGs
[2026-09-29T12:04:09.752+0000] {logging_mixin.py:188} INFO - [2026-09-29T12:04:09.752+0000] {dag.py:3947} INFO - Setting next_dagrun for day25_kafka_orchestration to None, run_after=None
[2026-09-29T12:04:09.782+0000] {processor.py:183} INFO - Processing /opt/airflow/dags/day25_kafka_orchestration.py took 0.123 seconds
[2026-09-29T12:04:39.922+0000] {processor.py:161} INFO - Started process (PID=164) to work on /opt/airflow/dags/day25_kafka_orchestration.py
[2026-09-29T12:04:39.924+0000] {processor.py:830} INFO - Processing file /opt/airflow/dags/day25_kafka_orchestration.py for tasks to queue
[2026-09-29T12:04:39.926+0000] {logging_mixin.py:188} INFO - [2026-09-29T12:04:39.926+0000] {dagbag.py:545} INFO - Filling up the DagBag from /opt/airflow/dags/day25_kafka_orchestration.py
[2026-09-29T12:04:39.947+0000] {processor.py:840} INFO - DAG(s) 'day25_kafka_orchestration' retrieved from /opt/airflow/dags/day25_kafka_orchestration.py
[2026-09-29T12:04:39.969+0000] {logging_mixin.py:188} INFO - [2026-09-29T12:04:39.969+0000] {dag.py:3089} INFO - Sync 1 DAGs
[2026-09-29T12:04:39.979+0000] {logging_mixin.py:188} INFO - [2026-09-29T12:04:39.979+0000] {dag.py:3947} INFO - Setting next_dagrun for day25_kafka_orchestration to None, run_after=None
[2026-09-29T12:04:40.007+0000] {processor.py:183} INFO - Processing /opt/airflow/dags/day25_kafka_orchestration.py took 0.091 seconds
[2026-09-29T12:05:10.217+0000] {processor.py:161} INFO - Started process (PID=165) to work on /opt/airflow/dags/day25_kafka_orchestration.py
[2026-09-29T12:05:10.218+0000] {processor.py:830} INFO - Processing file /opt/airflow/dags/day25_kafka_orchestration.py for tasks to queue
[2026-09-29T12:05:10.221+0000] {logging_mixin.py:188} INFO - [2026-09-29T12:05:10.220+0000] {dagbag.py:545} INFO - Filling up the DagBag from /opt/airflow/dags/day25_kafka_orchestration.py
[2026-09-29T12:05:10.239+0000] {processor.py:840} INFO - DAG(s) 'day25_kafka_orchestration' retrieved from /opt/airflow/dags/day25_kafka_orchestration.py
[2026-09-29T12:05:10.263+0000] {logging_mixin.py:188} INFO - [2026-09-29T12:05:10.263+0000] {dag.py:3089} INFO - Sync 1 DAGs
[2026-09-29T12:05:10.276+0000] {logging_mixin.py:188} INFO - [2026-09-29T12:05:10.275+0000] {dag.py:3947} INFO - Setting next_dagrun for day25_kafka_orchestration to None, run_after=None
[2026-09-29T12:05:10.303+0000] {processor.py:183} INFO - Processing /opt/airflow/dags/day25_kafka_orchestration.py took 0.092 seconds
[2026-09-29T12:05:40.469+0000] {processor.py:161} INFO - Started process (PID=166) to work on /opt/airflow/dags/day25_kafka_orchestration.py
[2026-09-29T12:05:40.470+0000] {processor.py:830} INFO - Processing file /opt/airflow/dags/day25_kafka_orchestration.py for tasks to queue
[2026-09-29T12:05:40.473+0000] {logging_mixin.py:188} INFO - [2026-09-29T12:05:40.473+0000] {dagbag.py:545} INFO - Filling up the DagBag from /opt/airflow/dags/day25_kafka_orchestration.py
[2026-09-29T12:05:40.490+0000] {processor.py:840} INFO - DAG(s) 'day25_kafka_orchestration' retrieved from /opt/airflow/dags/day25_kafka_orchestration.py
[2026-09-29T12:05:40.510+0000] {logging_mixin.py:188} INFO - [2026-09-29T12:05:40.509+0000] {dag.py:3089} INFO - Sync 1 DAGs
[2026-09-29T12:05:40.520+0000] {logging_mixin.py:188} INFO - [2026-09-29T12:05:40.519+0000] {dag.py:3947} INFO - Setting next_dagrun for day25_kafka_orchestration to None, run_after=None
[2026-09-29T12:05:40.545+0000] {processor.py:183} INFO - Processing /opt/airflow/dags/day25_kafka_orchestration.py took 0.081 seconds
[2026-09-29T12:06:10.639+0000] {processor.py:161} INFO - Started process (PID=167) to work on /opt/airflow/dags/day25_kafka_orchestration.py
[2026-09-29T12:06:10.640+0000] {processor.py:830} INFO - Processing file /opt/airflow/dags/day25_kafka_orchestration.py for tasks to queue
[2026-09-29T12:06:10.643+0000] {logging_mixin.py:188} INFO - [2026-09-29T12:06:10.643+0000] {dagbag.py:545} INFO - Filling up the DagBag from /opt/airflow/dags/day25_kafka_orchestration.py
[2026-09-29T12:06:10.660+0000] {processor.py:840} INFO - DAG(s) 'day25_kafka_orchestration' retrieved from /opt/airflow/dags/day25_kafka_orchestration.py
[2026-09-29T12:06:10.680+0000] {logging_mixin.py:188} INFO - [2026-09-29T12:06:10.680+0000] {dag.py:3089} INFO - Sync 1 DAGs
[2026-09-29T12:06:10.690+0000] {logging_mixin.py:188} INFO - [2026-09-29T12:06:10.690+0000] {dag.py:3947} INFO - Setting next_dagrun for day25_kafka_orchestration to None, run_after=None
[2026-09-29T12:06:10.723+0000] {processor.py:183} INFO - Processing /opt/airflow/dags/day25_kafka_orchestration.py took 0.088 seconds
[2026-09-29T12:06:40.831+0000] {processor.py:161} INFO - Started process (PID=174) to work on /opt/airflow/dags/day25_kafka_orchestration.py
[2026-09-29T12:06:40.833+0000] {processor.py:830} INFO - Processing file /opt/airflow/dags/day25_kafka_orchestration.py for tasks to queue
[2026-09-29T12:06:40.835+0000] {logging_mixin.py:188} INFO - [2026-09-29T12:06:40.835+0000] {dagbag.py:545} INFO - Filling up the DagBag from /opt/airflow/dags/day25_kafka_orchestration.py
[2026-09-29T12:06:40.857+0000] {processor.py:840} INFO - DAG(s) 'day25_kafka_orchestration' retrieved from /opt/airflow/dags/day25_kafka_orchestration.py
[2026-09-29T12:06:40.879+0000] {logging_mixin.py:188} INFO - [2026-09-29T12:06:40.879+0000] {dag.py:3089} INFO - Sync 1 DAGs
[2026-09-29T12:06:40.890+0000] {logging_mixin.py:188} INFO - [2026-09-29T12:06:40.890+0000] {dag.py:3947} INFO - Setting next_dagrun for day25_kafka_orchestration to None, run_after=None
[2026-09-29T12:06:40.921+0000] {processor.py:183} INFO - Processing /opt/airflow/dags/day25_kafka_orchestration.py took 0.095 seconds
[2026-09-29T12:07:11.104+0000] {processor.py:161} INFO - Started process (PID=175) to work on /opt/airflow/dags/day25_kafka_orchestration.py
[2026-09-29T12:07:11.106+0000] {processor.py:830} INFO - Processing file /opt/airflow/dags/day25_kafka_orchestration.py for tasks to queue
[2026-09-29T12:07:11.108+0000] {logging_mixin.py:188} INFO - [2026-09-29T12:07:11.108+0000] {dagbag.py:545} INFO - Filling up the DagBag from /opt/airflow/dags/day25_kafka_orchestration.py
[2026-09-29T12:07:11.125+0000] {processor.py:840} INFO - DAG(s) 'day25_kafka_orchestration' retrieved from /opt/airflow/dags/day25_kafka_orchestration.py
[2026-09-29T12:07:11.148+0000] {logging_mixin.py:188} INFO - [2026-09-29T12:07:11.148+0000] {dag.py:3089} INFO - Sync 1 DAGs
[2026-09-29T12:07:11.161+0000] {logging_mixin.py:188} INFO - [2026-09-29T12:07:11.160+0000] {dag.py:3947} INFO - Setting next_dagrun for day25_kafka_orchestration to None, run_after=None
[2026-09-29T12:07:11.198+0000] {processor.py:183} INFO - Processing /opt/airflow/dags/day25_kafka_orchestration.py took 0.098 seconds
[2026-09-29T12:07:41.380+0000] {processor.py:161} INFO - Started process (PID=176) to work on /opt/airflow/dags/day25_kafka_orchestration.py
[2026-09-29T12:07:41.382+0000] {processor.py:830} INFO - Processing file /opt/airflow/dags/day25_kafka_orchestration.py for tasks to queue
[2026-09-29T12:07:41.384+0000] {logging_mixin.py:188} INFO - [2026-09-29T12:07:41.384+0000] {dagbag.py:545} INFO - Filling up the DagBag from /opt/airflow/dags/day25_kafka_orchestration.py
[2026-09-29T12:07:41.408+0000] {processor.py:840} INFO - DAG(s) 'day25_kafka_orchestration' retrieved from /opt/airflow/dags/day25_kafka_orchestration.py
[2026-09-29T12:07:41.446+0000] {logging_mixin.py:188} INFO - [2026-09-29T12:07:41.446+0000] {dag.py:3089} INFO - Sync 1 DAGs
[2026-09-29T12:07:41.473+0000] {logging_mixin.py:188} INFO - [2026-09-29T12:07:41.473+0000] {dag.py:3947} INFO - Setting next_dagrun for day25_kafka_orchestration to None, run_after=None
[2026-09-29T12:07:41.507+0000] {processor.py:183} INFO - Processing /opt/airflow/dags/day25_kafka_orchestration.py took 0.131 seconds
[2026-09-29T12:08:11.658+0000] {processor.py:161} INFO - Started process (PID=177) to work on /opt/airflow/dags/day25_kafka_orchestration.py
[2026-09-29T12:08:11.659+0000] {processor.py:830} INFO - Processing file /opt/airflow/dags/day25_kafka_orchestration.py for tasks to queue
[2026-09-29T12:08:11.661+0000] {logging_mixin.py:188} INFO - [2026-09-29T12:08:11.661+0000] {dagbag.py:545} INFO - Filling up the DagBag from /opt/airflow/dags/day25_kafka_orchestration.py
[2026-09-29T12:08:11.680+0000] {processor.py:840} INFO - DAG(s) 'day25_kafka_orchestration' retrieved from /opt/airflow/dags/day25_kafka_orchestration.py
[2026-09-29T12:08:11.716+0000] {logging_mixin.py:188} INFO - [2026-09-29T12:08:11.716+0000] {dag.py:3089} INFO - Sync 1 DAGs
[2026-09-29T12:08:11.735+0000] {logging_mixin.py:188} INFO - [2026-09-29T12:08:11.734+0000] {dag.py:3947} INFO - Setting next_dagrun for day25_kafka_orchestration to None, run_after=None
[2026-09-29T12:08:11.762+0000] {processor.py:183} INFO - Processing /opt/airflow/dags/day25_kafka_orchestration.py took 0.109 seconds
[2026-09-29T12:08:41.936+0000] {processor.py:161} INFO - Started process (PID=178) to work on /opt/airflow/dags/day25_kafka_orchestration.py
[2026-09-29T12:08:41.938+0000] {processor.py:830} INFO - Processing file /opt/airflow/dags/day25_kafka_orchestration.py for tasks to queue
[2026-09-29T12:08:41.940+0000] {logging_mixin.py:188} INFO - [2026-09-29T12:08:41.940+0000] {dagbag.py:545} INFO - Filling up the DagBag from /opt/airflow/dags/day25_kafka_orchestration.py
[2026-09-29T12:08:41.957+0000] {processor.py:840} INFO - DAG(s) 'day25_kafka_orchestration' retrieved from /opt/airflow/dags/day25_kafka_orchestration.py
[2026-09-29T12:08:41.980+0000] {logging_mixin.py:188} INFO - [2026-09-29T12:08:41.979+0000] {dag.py:3089} INFO - Sync 1 DAGs
[2026-09-29T12:08:41.990+0000] {logging_mixin.py:188} INFO - [2026-09-29T12:08:41.990+0000] {dag.py:3947} INFO - Setting next_dagrun for day25_kafka_orchestration to None, run_after=None
[2026-09-29T12:08:42.022+0000] {processor.py:183} INFO - Processing /opt/airflow/dags/day25_kafka_orchestration.py took 0.090 seconds
[2026-09-29T12:09:12.202+0000] {processor.py:161} INFO - Started process (PID=179) to work on /opt/airflow/dags/day25_kafka_orchestration.py
[2026-09-29T12:09:12.203+0000] {processor.py:830} INFO - Processing file /opt/airflow/dags/day25_kafka_orchestration.py for tasks to queue
[2026-09-29T12:09:12.205+0000] {logging_mixin.py:188} INFO - [2026-09-29T12:09:12.205+0000] {dagbag.py:545} INFO - Filling up the DagBag from /opt/airflow/dags/day25_kafka_orchestration.py
[2026-09-29T12:09:12.221+0000] {processor.py:840} INFO - DAG(s) 'day25_kafka_orchestration' retrieved from /opt/airflow/dags/day25_kafka_orchestration.py
[2026-09-29T12:09:12.245+0000] {logging_mixin.py:188} INFO - [2026-09-29T12:09:12.245+0000] {dag.py:3089} INFO - Sync 1 DAGs
[2026-09-29T12:09:12.255+0000] {logging_mixin.py:188} INFO - [2026-09-29T12:09:12.255+0000] {dag.py:3947} INFO - Setting next_dagrun for day25_kafka_orchestration to None, run_after=None
[2026-09-29T12:09:12.281+0000] {processor.py:183} INFO - Processing /opt/airflow/dags/day25_kafka_orchestration.py took 0.085 seconds
[2026-09-29T12:09:42.380+0000] {processor.py:161} INFO - Started process (PID=180) to work on /opt/airflow/dags/day25_kafka_orchestration.py
[2026-09-29T12:09:42.381+0000] {processor.py:830} INFO - Processing file /opt/airflow/dags/day25_kafka_orchestration.py for tasks to queue
[2026-09-29T12:09:42.383+0000] {logging_mixin.py:188} INFO - [2026-09-29T12:09:42.383+0000] {dagbag.py:545} INFO - Filling up the DagBag from /opt/airflow/dags/day25_kafka_orchestration.py
[2026-09-29T12:09:42.405+0000] {processor.py:840} INFO - DAG(s) 'day25_kafka_orchestration' retrieved from /opt/airflow/dags/day25_kafka_orchestration.py
[2026-09-29T12:09:42.430+0000] {logging_mixin.py:188} INFO - [2026-09-29T12:09:42.430+0000] {dag.py:3089} INFO - Sync 1 DAGs
[2026-09-29T12:09:42.441+0000] {logging_mixin.py:188} INFO - [2026-09-29T12:09:42.441+0000] {dag.py:3947} INFO - Setting next_dagrun for day25_kafka_orchestration to None, run_after=None
[2026-09-29T12:09:42.479+0000] {processor.py:183} INFO - Processing /opt/airflow/dags/day25_kafka_orchestration.py took 0.104 seconds
[2026-09-29T12:10:12.656+0000] {processor.py:161} INFO - Started process (PID=181) to work on /opt/airflow/dags/day25_kafka_orchestration.py
[2026-09-29T12:10:12.658+0000] {processor.py:830} INFO - Processing file /opt/airflow/dags/day25_kafka_orchestration.py for tasks to queue
[2026-09-29T12:10:12.660+0000] {logging_mixin.py:188} INFO - [2026-09-29T12:10:12.660+0000] {dagbag.py:545} INFO - Filling up the DagBag from /opt/airflow/dags/day25_kafka_orchestration.py
[2026-09-29T12:10:12.678+0000] {processor.py:840} INFO - DAG(s) 'day25_kafka_orchestration' retrieved from /opt/airflow/dags/day25_kafka_orchestration.py
[2026-09-29T12:10:12.705+0000] {logging_mixin.py:188} INFO - [2026-09-29T12:10:12.705+0000] {dag.py:3089} INFO - Sync 1 DAGs
[2026-09-29T12:10:12.715+0000] {logging_mixin.py:188} INFO - [2026-09-29T12:10:12.715+0000] {dag.py:3947} INFO - Setting next_dagrun for day25_kafka_orchestration to None, run_after=None
[2026-09-29T12:10:12.741+0000] {processor.py:183} INFO - Processing /opt/airflow/dags/day25_kafka_orchestration.py took 0.091 seconds
[2026-09-29T12:10:42.928+0000] {processor.py:161} INFO - Started process (PID=182) to work on /opt/airflow/dags/day25_kafka_orchestration.py
[2026-09-29T12:10:42.929+0000] {processor.py:830} INFO - Processing file /opt/airflow/dags/day25_kafka_orchestration.py for tasks to queue
[2026-09-29T12:10:42.931+0000] {logging_mixin.py:188} INFO - [2026-09-29T12:10:42.931+0000] {dagbag.py:545} INFO - Filling up the DagBag from /opt/airflow/dags/day25_kafka_orchestration.py
[2026-09-29T12:10:42.956+0000] {processor.py:840} INFO - DAG(s) 'day25_kafka_orchestration' retrieved from /opt/airflow/dags/day25_kafka_orchestration.py
[2026-09-29T12:10:43.006+0000] {logging_mixin.py:188} INFO - [2026-09-29T12:10:43.006+0000] {dag.py:3089} INFO - Sync 1 DAGs
[2026-09-29T12:10:43.017+0000] {logging_mixin.py:188} INFO - [2026-09-29T12:10:43.017+0000] {dag.py:3947} INFO - Setting next_dagrun for day25_kafka_orchestration to None, run_after=None
[2026-09-29T12:10:43.049+0000] {processor.py:183} INFO - Processing /opt/airflow/dags/day25_kafka_orchestration.py took 0.126 seconds
[2026-09-29T12:11:13.202+0000] {processor.py:161} INFO - Started process (PID=183) to work on /opt/airflow/dags/day25_kafka_orchestration.py
[2026-09-29T12:11:13.203+0000] {processor.py:830} INFO - Processing file /opt/airflow/dags/day25_kafka_orchestration.py for tasks to queue
[2026-09-29T12:11:13.206+0000] {logging_mixin.py:188} INFO - [2026-09-29T12:11:13.206+0000] {dagbag.py:545} INFO - Filling up the DagBag from /opt/airflow/dags/day25_kafka_orchestration.py
[2026-09-29T12:11:13.234+0000] {processor.py:840} INFO - DAG(s) 'day25_kafka_orchestration' retrieved from /opt/airflow/dags/day25_kafka_orchestration.py
[2026-09-29T12:11:13.259+0000] {logging_mixin.py:188} INFO - [2026-09-29T12:11:13.258+0000] {dag.py:3089} INFO - Sync 1 DAGs
[2026-09-29T12:11:13.271+0000] {logging_mixin.py:188} INFO - [2026-09-29T12:11:13.270+0000] {dag.py:3947} INFO - Setting next_dagrun for day25_kafka_orchestration to None, run_after=None
[2026-09-29T12:11:13.304+0000] {processor.py:183} INFO - Processing /opt/airflow/dags/day25_kafka_orchestration.py took 0.108 seconds
[2026-09-29T12:11:43.472+0000] {processor.py:161} INFO - Started process (PID=192) to work on /opt/airflow/dags/day25_kafka_orchestration.py
[2026-09-29T12:11:43.473+0000] {processor.py:830} INFO - Processing file /opt/airflow/dags/day25_kafka_orchestration.py for tasks to queue
[2026-09-29T12:11:43.475+0000] {logging_mixin.py:188} INFO - [2026-09-29T12:11:43.475+0000] {dagbag.py:545} INFO - Filling up the DagBag from /opt/airflow/dags/day25_kafka_orchestration.py
[2026-09-29T12:11:43.495+0000] {processor.py:840} INFO - DAG(s) 'day25_kafka_orchestration' retrieved from /opt/airflow/dags/day25_kafka_orchestration.py
[2026-09-29T12:11:43.543+0000] {logging_mixin.py:188} INFO - [2026-09-29T12:11:43.543+0000] {dag.py:3089} INFO - Sync 1 DAGs
[2026-09-29T12:11:43.571+0000] {logging_mixin.py:188} INFO - [2026-09-29T12:11:43.570+0000] {dag.py:3947} INFO - Setting next_dagrun for day25_kafka_orchestration to None, run_after=None
[2026-09-29T12:11:43.605+0000] {processor.py:183} INFO - Processing /opt/airflow/dags/day25_kafka_orchestration.py took 0.138 seconds
[2026-09-29T12:12:13.743+0000] {processor.py:161} INFO - Started process (PID=193) to work on /opt/airflow/dags/day25_kafka_orchestration.py
[2026-09-29T12:12:13.745+0000] {processor.py:830} INFO - Processing file /opt/airflow/dags/day25_kafka_orchestration.py for tasks to queue
[2026-09-29T12:12:13.747+0000] {logging_mixin.py:188} INFO - [2026-09-29T12:12:13.746+0000] {dagbag.py:545} INFO - Filling up the DagBag from /opt/airflow/dags/day25_kafka_orchestration.py
[2026-09-29T12:12:13.766+0000] {processor.py:840} INFO - DAG(s) 'day25_kafka_orchestration' retrieved from /opt/airflow/dags/day25_kafka_orchestration.py
[2026-09-29T12:12:13.791+0000] {logging_mixin.py:188} INFO - [2026-09-29T12:12:13.790+0000] {dag.py:3089} INFO - Sync 1 DAGs
[2026-09-29T12:12:13.802+0000] {logging_mixin.py:188} INFO - [2026-09-29T12:12:13.802+0000] {dag.py:3947} INFO - Setting next_dagrun for day25_kafka_orchestration to None, run_after=None
[2026-09-29T12:12:13.831+0000] {processor.py:183} INFO - Processing /opt/airflow/dags/day25_kafka_orchestration.py took 0.093 seconds
[2026-09-29T12:12:44.017+0000] {processor.py:161} INFO - Started process (PID=194) to work on /opt/airflow/dags/day25_kafka_orchestration.py
[2026-09-29T12:12:44.019+0000] {processor.py:830} INFO - Processing file /opt/airflow/dags/day25_kafka_orchestration.py for tasks to queue
[2026-09-29T12:12:44.025+0000] {logging_mixin.py:188} INFO - [2026-09-29T12:12:44.024+0000] {dagbag.py:545} INFO - Filling up the DagBag from /opt/airflow/dags/day25_kafka_orchestration.py
[2026-09-29T12:12:44.062+0000] {processor.py:840} INFO - DAG(s) 'day25_kafka_orchestration' retrieved from /opt/airflow/dags/day25_kafka_orchestration.py
[2026-09-29T12:12:44.122+0000] {logging_mixin.py:188} INFO - [2026-09-29T12:12:44.121+0000] {dag.py:3089} INFO - Sync 1 DAGs
[2026-09-29T12:12:44.140+0000] {logging_mixin.py:188} INFO - [2026-09-29T12:12:44.140+0000] {dag.py:3947} INFO - Setting next_dagrun for day25_kafka_orchestration to None, run_after=None
[2026-09-29T12:12:44.184+0000] {processor.py:183} INFO - Processing /opt/airflow/dags/day25_kafka_orchestration.py took 0.176 seconds
[2026-09-29T12:13:14.299+0000] {processor.py:161} INFO - Started process (PID=195) to work on /opt/airflow/dags/day25_kafka_orchestration.py
[2026-09-29T12:13:14.301+0000] {processor.py:830} INFO - Processing file /opt/airflow/dags/day25_kafka_orchestration.py for tasks to queue
[2026-09-29T12:13:14.303+0000] {logging_mixin.py:188} INFO - [2026-09-29T12:13:14.302+0000] {dagbag.py:545} INFO - Filling up the DagBag from /opt/airflow/dags/day25_kafka_orchestration.py
[2026-09-29T12:13:14.331+0000] {processor.py:840} INFO - DAG(s) 'day25_kafka_orchestration' retrieved from /opt/airflow/dags/day25_kafka_orchestration.py
[2026-09-29T12:13:14.356+0000] {logging_mixin.py:188} INFO - [2026-09-29T12:13:14.356+0000] {dag.py:3089} INFO - Sync 1 DAGs
[2026-09-29T12:13:14.368+0000] {logging_mixin.py:188} INFO - [2026-09-29T12:13:14.368+0000] {dag.py:3947} INFO - Setting next_dagrun for day25_kafka_orchestration to None, run_after=None
[2026-09-29T12:13:14.397+0000] {processor.py:183} INFO - Processing /opt/airflow/dags/day25_kafka_orchestration.py took 0.102 seconds
[2026-09-29T12:13:44.580+0000] {processor.py:161} INFO - Started process (PID=196) to work on /opt/airflow/dags/day25_kafka_orchestration.py
[2026-09-29T12:13:44.581+0000] {processor.py:830} INFO - Processing file /opt/airflow/dags/day25_kafka_orchestration.py for tasks to queue
[2026-09-29T12:13:44.584+0000] {logging_mixin.py:188} INFO - [2026-09-29T12:13:44.583+0000] {dagbag.py:545} INFO - Filling up the DagBag from /opt/airflow/dags/day25_kafka_orchestration.py
[2026-09-29T12:13:44.602+0000] {processor.py:840} INFO - DAG(s) 'day25_kafka_orchestration' retrieved from /opt/airflow/dags/day25_kafka_orchestration.py
[2026-09-29T12:13:44.630+0000] {logging_mixin.py:188} INFO - [2026-09-29T12:13:44.630+0000] {dag.py:3089} INFO - Sync 1 DAGs
[2026-09-29T12:13:44.652+0000] {logging_mixin.py:188} INFO - [2026-09-29T12:13:44.652+0000] {dag.py:3947} INFO - Setting next_dagrun for day25_kafka_orchestration to None, run_after=None
[2026-09-29T12:13:44.689+0000] {processor.py:183} INFO - Processing /opt/airflow/dags/day25_kafka_orchestration.py took 0.115 seconds
[2026-09-29T12:14:14.855+0000] {processor.py:161} INFO - Started process (PID=197) to work on /opt/airflow/dags/day25_kafka_orchestration.py
[2026-09-29T12:14:14.857+0000] {processor.py:830} INFO - Processing file /opt/airflow/dags/day25_kafka_orchestration.py for tasks to queue
[2026-09-29T12:14:14.859+0000] {logging_mixin.py:188} INFO - [2026-09-29T12:14:14.859+0000] {dagbag.py:545} INFO - Filling up the DagBag from /opt/airflow/dags/day25_kafka_orchestration.py
[2026-09-29T12:14:14.877+0000] {processor.py:840} INFO - DAG(s) 'day25_kafka_orchestration' retrieved from /opt/airflow/dags/day25_kafka_orchestration.py
[2026-09-29T12:14:14.898+0000] {logging_mixin.py:188} INFO - [2026-09-29T12:14:14.898+0000] {dag.py:3089} INFO - Sync 1 DAGs
[2026-09-29T12:14:14.909+0000] {logging_mixin.py:188} INFO - [2026-09-29T12:14:14.909+0000] {dag.py:3947} INFO - Setting next_dagrun for day25_kafka_orchestration to None, run_after=None
[2026-09-29T12:14:14.936+0000] {processor.py:183} INFO - Processing /opt/airflow/dags/day25_kafka_orchestration.py took 0.085 seconds
[2026-09-29T12:14:45.032+0000] {processor.py:161} INFO - Started process (PID=198) to work on /opt/airflow/dags/day25_kafka_orchestration.py
[2026-09-29T12:14:45.034+0000] {processor.py:830} INFO - Processing file /opt/airflow/dags/day25_kafka_orchestration.py for tasks to queue
[2026-09-29T12:14:45.036+0000] {logging_mixin.py:188} INFO - [2026-09-29T12:14:45.035+0000] {dagbag.py:545} INFO - Filling up the DagBag from /opt/airflow/dags/day25_kafka_orchestration.py
[2026-09-29T12:14:45.065+0000] {processor.py:840} INFO - DAG(s) 'day25_kafka_orchestration' retrieved from /opt/airflow/dags/day25_kafka_orchestration.py
[2026-09-29T12:14:45.087+0000] {logging_mixin.py:188} INFO - [2026-09-29T12:14:45.087+0000] {dag.py:3089} INFO - Sync 1 DAGs
[2026-09-29T12:14:45.098+0000] {logging_mixin.py:188} INFO - [2026-09-29T12:14:45.097+0000] {dag.py:3947} INFO - Setting next_dagrun for day25_kafka_orchestration to None, run_after=None
[2026-09-29T12:14:45.126+0000] {processor.py:183} INFO - Processing /opt/airflow/dags/day25_kafka_orchestration.py took 0.098 seconds
[2026-09-29T12:15:15.316+0000] {processor.py:161} INFO - Started process (PID=199) to work on /opt/airflow/dags/day25_kafka_orchestration.py
[2026-09-29T12:15:15.318+0000] {processor.py:830} INFO - Processing file /opt/airflow/dags/day25_kafka_orchestration.py for tasks to queue
[2026-09-29T12:15:15.320+0000] {logging_mixin.py:188} INFO - [2026-09-29T12:15:15.320+0000] {dagbag.py:545} INFO - Filling up the DagBag from /opt/airflow/dags/day25_kafka_orchestration.py
[2026-09-29T12:15:15.340+0000] {processor.py:840} INFO - DAG(s) 'day25_kafka_orchestration' retrieved from /opt/airflow/dags/day25_kafka_orchestration.py
[2026-09-29T12:15:15.367+0000] {logging_mixin.py:188} INFO - [2026-09-29T12:15:15.367+0000] {dag.py:3089} INFO - Sync 1 DAGs
[2026-09-29T12:15:15.381+0000] {logging_mixin.py:188} INFO - [2026-09-29T12:15:15.381+0000] {dag.py:3947} INFO - Setting next_dagrun for day25_kafka_orchestration to None, run_after=None
[2026-09-29T12:15:15.413+0000] {processor.py:183} INFO - Processing /opt/airflow/dags/day25_kafka_orchestration.py took 0.102 seconds
[2026-09-29T12:15:45.587+0000] {processor.py:161} INFO - Started process (PID=200) to work on /opt/airflow/dags/day25_kafka_orchestration.py
[2026-09-29T12:15:45.589+0000] {processor.py:830} INFO - Processing file /opt/airflow/dags/day25_kafka_orchestration.py for tasks to queue
[2026-09-29T12:15:45.591+0000] {logging_mixin.py:188} INFO - [2026-09-29T12:15:45.591+0000] {dagbag.py:545} INFO - Filling up the DagBag from /opt/airflow/dags/day25_kafka_orchestration.py
[2026-09-29T12:15:45.609+0000] {processor.py:840} INFO - DAG(s) 'day25_kafka_orchestration' retrieved from /opt/airflow/dags/day25_kafka_orchestration.py
[2026-09-29T12:15:45.634+0000] {logging_mixin.py:188} INFO - [2026-09-29T12:15:45.634+0000] {dag.py:3089} INFO - Sync 1 DAGs
[2026-09-29T12:15:45.645+0000] {logging_mixin.py:188} INFO - [2026-09-29T12:15:45.645+0000] {dag.py:3947} INFO - Setting next_dagrun for day25_kafka_orchestration to None, run_after=None
[2026-09-29T12:15:45.674+0000] {processor.py:183} INFO - Processing /opt/airflow/dags/day25_kafka_orchestration.py took 0.091 seconds
[2026-09-29T12:16:15.865+0000] {processor.py:161} INFO - Started process (PID=201) to work on /opt/airflow/dags/day25_kafka_orchestration.py
[2026-09-29T12:16:15.867+0000] {processor.py:830} INFO - Processing file /opt/airflow/dags/day25_kafka_orchestration.py for tasks to queue
[2026-09-29T12:16:15.868+0000] {logging_mixin.py:188} INFO - [2026-09-29T12:16:15.868+0000] {dagbag.py:545} INFO - Filling up the DagBag from /opt/airflow/dags/day25_kafka_orchestration.py
[2026-09-29T12:16:15.886+0000] {processor.py:840} INFO - DAG(s) 'day25_kafka_orchestration' retrieved from /opt/airflow/dags/day25_kafka_orchestration.py
[2026-09-29T12:16:15.910+0000] {logging_mixin.py:188} INFO - [2026-09-29T12:16:15.910+0000] {dag.py:3089} INFO - Sync 1 DAGs
[2026-09-29T12:16:15.924+0000] {logging_mixin.py:188} INFO - [2026-09-29T12:16:15.924+0000] {dag.py:3947} INFO - Setting next_dagrun for day25_kafka_orchestration to None, run_after=None
[2026-09-29T12:16:15.952+0000] {processor.py:183} INFO - Processing /opt/airflow/dags/day25_kafka_orchestration.py took 0.091 seconds
[2026-09-29T12:16:46.158+0000] {processor.py:161} INFO - Started process (PID=202) to work on /opt/airflow/dags/day25_kafka_orchestration.py
[2026-09-29T12:16:46.160+0000] {processor.py:830} INFO - Processing file /opt/airflow/dags/day25_kafka_orchestration.py for tasks to queue
[2026-09-29T12:16:46.162+0000] {logging_mixin.py:188} INFO - [2026-09-29T12:16:46.162+0000] {dagbag.py:545} INFO - Filling up the DagBag from /opt/airflow/dags/day25_kafka_orchestration.py
[2026-09-29T12:16:46.182+0000] {processor.py:840} INFO - DAG(s) 'day25_kafka_orchestration' retrieved from /opt/airflow/dags/day25_kafka_orchestration.py
[2026-09-29T12:16:46.206+0000] {logging_mixin.py:188} INFO - [2026-09-29T12:16:46.206+0000] {dag.py:3089} INFO - Sync 1 DAGs
[2026-09-29T12:16:46.217+0000] {logging_mixin.py:188} INFO - [2026-09-29T12:16:46.217+0000] {dag.py:3947} INFO - Setting next_dagrun for day25_kafka_orchestration to None, run_after=None
[2026-09-29T12:16:46.245+0000] {processor.py:183} INFO - Processing /opt/airflow/dags/day25_kafka_orchestration.py took 0.093 seconds
[2026-09-29T12:17:16.428+0000] {processor.py:161} INFO - Started process (PID=203) to work on /opt/airflow/dags/day25_kafka_orchestration.py
[2026-09-29T12:17:16.430+0000] {processor.py:830} INFO - Processing file /opt/airflow/dags/day25_kafka_orchestration.py for tasks to queue
[2026-09-29T12:17:16.432+0000] {logging_mixin.py:188} INFO - [2026-09-29T12:17:16.432+0000] {dagbag.py:545} INFO - Filling up the DagBag from /opt/airflow/dags/day25_kafka_orchestration.py
[2026-09-29T12:17:16.453+0000] {processor.py:840} INFO - DAG(s) 'day25_kafka_orchestration' retrieved from /opt/airflow/dags/day25_kafka_orchestration.py
[2026-09-29T12:17:16.477+0000] {logging_mixin.py:188} INFO - [2026-09-29T12:17:16.476+0000] {dag.py:3089} INFO - Sync 1 DAGs
[2026-09-29T12:17:16.488+0000] {logging_mixin.py:188} INFO - [2026-09-29T12:17:16.487+0000] {dag.py:3947} INFO - Setting next_dagrun for day25_kafka_orchestration to None, run_after=None
[2026-09-29T12:17:16.513+0000] {processor.py:183} INFO - Processing /opt/airflow/dags/day25_kafka_orchestration.py took 0.093 seconds
[2026-09-29T12:17:46.698+0000] {processor.py:161} INFO - Started process (PID=204) to work on /opt/airflow/dags/day25_kafka_orchestration.py
[2026-09-29T12:17:46.699+0000] {processor.py:830} INFO - Processing file /opt/airflow/dags/day25_kafka_orchestration.py for tasks to queue
[2026-09-29T12:17:46.702+0000] {logging_mixin.py:188} INFO - [2026-09-29T12:17:46.701+0000] {dagbag.py:545} INFO - Filling up the DagBag from /opt/airflow/dags/day25_kafka_orchestration.py
[2026-09-29T12:17:46.721+0000] {processor.py:840} INFO - DAG(s) 'day25_kafka_orchestration' retrieved from /opt/airflow/dags/day25_kafka_orchestration.py
[2026-09-29T12:17:46.742+0000] {logging_mixin.py:188} INFO - [2026-09-29T12:17:46.742+0000] {dag.py:3089} INFO - Sync 1 DAGs
[2026-09-29T12:17:46.753+0000] {logging_mixin.py:188} INFO - [2026-09-29T12:17:46.752+0000] {dag.py:3947} INFO - Setting next_dagrun for day25_kafka_orchestration to None, run_after=None
[2026-09-29T12:17:46.778+0000] {processor.py:183} INFO - Processing /opt/airflow/dags/day25_kafka_orchestration.py took 0.085 seconds
[2026-09-29T12:18:17.011+0000] {processor.py:161} INFO - Started process (PID=205) to work on /opt/airflow/dags/day25_kafka_orchestration.py
[2026-09-29T12:18:17.016+0000] {processor.py:830} INFO - Processing file /opt/airflow/dags/day25_kafka_orchestration.py for tasks to queue
[2026-09-29T12:18:17.028+0000] {logging_mixin.py:188} INFO - [2026-09-29T12:18:17.026+0000] {dagbag.py:545} INFO - Filling up the DagBag from /opt/airflow/dags/day25_kafka_orchestration.py
[2026-09-29T12:18:17.094+0000] {processor.py:840} INFO - DAG(s) 'day25_kafka_orchestration' retrieved from /opt/airflow/dags/day25_kafka_orchestration.py
[2026-09-29T12:18:17.180+0000] {logging_mixin.py:188} INFO - [2026-09-29T12:18:17.180+0000] {dag.py:3089} INFO - Sync 1 DAGs
[2026-09-29T12:18:17.223+0000] {logging_mixin.py:188} INFO - [2026-09-29T12:18:17.223+0000] {dag.py:3947} INFO - Setting next_dagrun for day25_kafka_orchestration to None, run_after=None
[2026-09-29T12:18:17.270+0000] {processor.py:183} INFO - Processing /opt/airflow/dags/day25_kafka_orchestration.py took 0.286 seconds
[2026-09-29T12:18:47.446+0000] {processor.py:161} INFO - Started process (PID=206) to work on /opt/airflow/dags/day25_kafka_orchestration.py
[2026-09-29T12:18:47.447+0000] {processor.py:830} INFO - Processing file /opt/airflow/dags/day25_kafka_orchestration.py for tasks to queue
[2026-09-29T12:18:47.449+0000] {logging_mixin.py:188} INFO - [2026-09-29T12:18:47.449+0000] {dagbag.py:545} INFO - Filling up the DagBag from /opt/airflow/dags/day25_kafka_orchestration.py
[2026-09-29T12:18:47.467+0000] {processor.py:840} INFO - DAG(s) 'day25_kafka_orchestration' retrieved from /opt/airflow/dags/day25_kafka_orchestration.py
[2026-09-29T12:18:47.489+0000] {logging_mixin.py:188} INFO - [2026-09-29T12:18:47.489+0000] {dag.py:3089} INFO - Sync 1 DAGs
[2026-09-29T12:18:47.500+0000] {logging_mixin.py:188} INFO - [2026-09-29T12:18:47.500+0000] {dag.py:3947} INFO - Setting next_dagrun for day25_kafka_orchestration to None, run_after=None
[2026-09-29T12:18:47.527+0000] {processor.py:183} INFO - Processing /opt/airflow/dags/day25_kafka_orchestration.py took 0.086 seconds
[2026-09-29T12:19:17.645+0000] {processor.py:161} INFO - Started process (PID=207) to work on /opt/airflow/dags/day25_kafka_orchestration.py
[2026-09-29T12:19:17.646+0000] {processor.py:830} INFO - Processing file /opt/airflow/dags/day25_kafka_orchestration.py for tasks to queue
[2026-09-29T12:19:17.648+0000] {logging_mixin.py:188} INFO - [2026-09-29T12:19:17.648+0000] {dagbag.py:545} INFO - Filling up the DagBag from /opt/airflow/dags/day25_kafka_orchestration.py
[2026-09-29T12:19:17.668+0000] {processor.py:840} INFO - DAG(s) 'day25_kafka_orchestration' retrieved from /opt/airflow/dags/day25_kafka_orchestration.py
[2026-09-29T12:19:17.696+0000] {logging_mixin.py:188} INFO - [2026-09-29T12:19:17.695+0000] {dag.py:3089} INFO - Sync 1 DAGs
[2026-09-29T12:19:17.708+0000] {logging_mixin.py:188} INFO - [2026-09-29T12:19:17.708+0000] {dag.py:3947} INFO - Setting next_dagrun for day25_kafka_orchestration to None, run_after=None
[2026-09-29T12:19:17.735+0000] {processor.py:183} INFO - Processing /opt/airflow/dags/day25_kafka_orchestration.py took 0.094 seconds
[2026-09-29T12:19:47.920+0000] {processor.py:161} INFO - Started process (PID=208) to work on /opt/airflow/dags/day25_kafka_orchestration.py
[2026-09-29T12:19:47.922+0000] {processor.py:830} INFO - Processing file /opt/airflow/dags/day25_kafka_orchestration.py for tasks to queue
[2026-09-29T12:19:47.925+0000] {logging_mixin.py:188} INFO - [2026-09-29T12:19:47.924+0000] {dagbag.py:545} INFO - Filling up the DagBag from /opt/airflow/dags/day25_kafka_orchestration.py
[2026-09-29T12:19:47.959+0000] {processor.py:840} INFO - DAG(s) 'day25_kafka_orchestration' retrieved from /opt/airflow/dags/day25_kafka_orchestration.py
[2026-09-29T12:19:47.999+0000] {logging_mixin.py:188} INFO - [2026-09-29T12:19:47.999+0000] {dag.py:3089} INFO - Sync 1 DAGs
[2026-09-29T12:19:48.012+0000] {logging_mixin.py:188} INFO - [2026-09-29T12:19:48.012+0000] {dag.py:3947} INFO - Setting next_dagrun for day25_kafka_orchestration to None, run_after=None
[2026-09-29T12:19:48.039+0000] {processor.py:183} INFO - Processing /opt/airflow/dags/day25_kafka_orchestration.py took 0.124 seconds
[2026-09-29T12:20:18.193+0000] {processor.py:161} INFO - Started process (PID=209) to work on /opt/airflow/dags/day25_kafka_orchestration.py
[2026-09-29T12:20:18.194+0000] {processor.py:830} INFO - Processing file /opt/airflow/dags/day25_kafka_orchestration.py for tasks to queue
[2026-09-29T12:20:18.196+0000] {logging_mixin.py:188} INFO - [2026-09-29T12:20:18.196+0000] {dagbag.py:545} INFO - Filling up the DagBag from /opt/airflow/dags/day25_kafka_orchestration.py
[2026-09-29T12:20:18.214+0000] {processor.py:840} INFO - DAG(s) 'day25_kafka_orchestration' retrieved from /opt/airflow/dags/day25_kafka_orchestration.py
[2026-09-29T12:20:18.236+0000] {logging_mixin.py:188} INFO - [2026-09-29T12:20:18.235+0000] {dag.py:3089} INFO - Sync 1 DAGs
[2026-09-29T12:20:18.246+0000] {logging_mixin.py:188} INFO - [2026-09-29T12:20:18.246+0000] {dag.py:3947} INFO - Setting next_dagrun for day25_kafka_orchestration to None, run_after=None
[2026-09-29T12:20:18.289+0000] {processor.py:183} INFO - Processing /opt/airflow/dags/day25_kafka_orchestration.py took 0.101 seconds
[2026-09-29T12:20:48.469+0000] {processor.py:161} INFO - Started process (PID=210) to work on /opt/airflow/dags/day25_kafka_orchestration.py
[2026-09-29T12:20:48.471+0000] {processor.py:830} INFO - Processing file /opt/airflow/dags/day25_kafka_orchestration.py for tasks to queue
[2026-09-29T12:20:48.473+0000] {logging_mixin.py:188} INFO - [2026-09-29T12:20:48.473+0000] {dagbag.py:545} INFO - Filling up the DagBag from /opt/airflow/dags/day25_kafka_orchestration.py
[2026-09-29T12:20:48.491+0000] {processor.py:840} INFO - DAG(s) 'day25_kafka_orchestration' retrieved from /opt/airflow/dags/day25_kafka_orchestration.py
[2026-09-29T12:20:48.514+0000] {logging_mixin.py:188} INFO - [2026-09-29T12:20:48.514+0000] {dag.py:3089} INFO - Sync 1 DAGs
[2026-09-29T12:20:48.525+0000] {logging_mixin.py:188} INFO - [2026-09-29T12:20:48.525+0000] {dag.py:3947} INFO - Setting next_dagrun for day25_kafka_orchestration to None, run_after=None
[2026-09-29T12:20:48.551+0000] {processor.py:183} INFO - Processing /opt/airflow/dags/day25_kafka_orchestration.py took 0.088 seconds
[2026-09-29T12:21:18.647+0000] {processor.py:161} INFO - Started process (PID=211) to work on /opt/airflow/dags/day25_kafka_orchestration.py
[2026-09-29T12:21:18.649+0000] {processor.py:830} INFO - Processing file /opt/airflow/dags/day25_kafka_orchestration.py for tasks to queue
[2026-09-29T12:21:18.651+0000] {logging_mixin.py:188} INFO - [2026-09-29T12:21:18.651+0000] {dagbag.py:545} INFO - Filling up the DagBag from /opt/airflow/dags/day25_kafka_orchestration.py
[2026-09-29T12:21:18.668+0000] {processor.py:840} INFO - DAG(s) 'day25_kafka_orchestration' retrieved from /opt/airflow/dags/day25_kafka_orchestration.py
[2026-09-29T12:21:18.690+0000] {logging_mixin.py:188} INFO - [2026-09-29T12:21:18.690+0000] {dag.py:3089} INFO - Sync 1 DAGs
[2026-09-29T12:21:18.701+0000] {logging_mixin.py:188} INFO - [2026-09-29T12:21:18.701+0000] {dag.py:3947} INFO - Setting next_dagrun for day25_kafka_orchestration to None, run_after=None
[2026-09-29T12:21:18.744+0000] {processor.py:183} INFO - Processing /opt/airflow/dags/day25_kafka_orchestration.py took 0.102 seconds
[2026-09-29T12:21:48.922+0000] {processor.py:161} INFO - Started process (PID=212) to work on /opt/airflow/dags/day25_kafka_orchestration.py
[2026-09-29T12:21:48.924+0000] {processor.py:830} INFO - Processing file /opt/airflow/dags/day25_kafka_orchestration.py for tasks to queue
[2026-09-29T12:21:48.926+0000] {logging_mixin.py:188} INFO - [2026-09-29T12:21:48.925+0000] {dagbag.py:545} INFO - Filling up the DagBag from /opt/airflow/dags/day25_kafka_orchestration.py
[2026-09-29T12:21:48.944+0000] {processor.py:840} INFO - DAG(s) 'day25_kafka_orchestration' retrieved from /opt/airflow/dags/day25_kafka_orchestration.py
[2026-09-29T12:21:48.966+0000] {logging_mixin.py:188} INFO - [2026-09-29T12:21:48.966+0000] {dag.py:3089} INFO - Sync 1 DAGs
[2026-09-29T12:21:48.977+0000] {logging_mixin.py:188} INFO - [2026-09-29T12:21:48.977+0000] {dag.py:3947} INFO - Setting next_dagrun for day25_kafka_orchestration to None, run_after=None
[2026-09-29T12:21:49.004+0000] {processor.py:183} INFO - Processing /opt/airflow/dags/day25_kafka_orchestration.py took 0.087 seconds
[2026-09-29T12:22:19.097+0000] {processor.py:161} INFO - Started process (PID=213) to work on /opt/airflow/dags/day25_kafka_orchestration.py
[2026-09-29T12:22:19.098+0000] {processor.py:830} INFO - Processing file /opt/airflow/dags/day25_kafka_orchestration.py for tasks to queue
[2026-09-29T12:22:19.101+0000] {logging_mixin.py:188} INFO - [2026-09-29T12:22:19.100+0000] {dagbag.py:545} INFO - Filling up the DagBag from /opt/airflow/dags/day25_kafka_orchestration.py
[2026-09-29T12:22:19.118+0000] {processor.py:840} INFO - DAG(s) 'day25_kafka_orchestration' retrieved from /opt/airflow/dags/day25_kafka_orchestration.py
[2026-09-29T12:22:19.140+0000] {logging_mixin.py:188} INFO - [2026-09-29T12:22:19.140+0000] {dag.py:3089} INFO - Sync 1 DAGs
[2026-09-29T12:22:19.151+0000] {logging_mixin.py:188} INFO - [2026-09-29T12:22:19.151+0000] {dag.py:3947} INFO - Setting next_dagrun for day25_kafka_orchestration to None, run_after=None
[2026-09-29T12:22:19.180+0000] {processor.py:183} INFO - Processing /opt/airflow/dags/day25_kafka_orchestration.py took 0.088 seconds
[2026-09-29T12:22:49.276+0000] {processor.py:161} INFO - Started process (PID=214) to work on /opt/airflow/dags/day25_kafka_orchestration.py
[2026-09-29T12:22:49.278+0000] {processor.py:830} INFO - Processing file /opt/airflow/dags/day25_kafka_orchestration.py for tasks to queue
[2026-09-29T12:22:49.281+0000] {logging_mixin.py:188} INFO - [2026-09-29T12:22:49.280+0000] {dagbag.py:545} INFO - Filling up the DagBag from /opt/airflow/dags/day25_kafka_orchestration.py
[2026-09-29T12:22:49.303+0000] {processor.py:840} INFO - DAG(s) 'day25_kafka_orchestration' retrieved from /opt/airflow/dags/day25_kafka_orchestration.py
[2026-09-29T12:22:49.330+0000] {logging_mixin.py:188} INFO - [2026-09-29T12:22:49.330+0000] {dag.py:3089} INFO - Sync 1 DAGs
[2026-09-29T12:22:49.345+0000] {logging_mixin.py:188} INFO - [2026-09-29T12:22:49.344+0000] {dag.py:3947} INFO - Setting next_dagrun for day25_kafka_orchestration to None, run_after=None
[2026-09-29T12:22:49.377+0000] {processor.py:183} INFO - Processing /opt/airflow/dags/day25_kafka_orchestration.py took 0.108 seconds
[2026-09-29T12:23:19.558+0000] {processor.py:161} INFO - Started process (PID=215) to work on /opt/airflow/dags/day25_kafka_orchestration.py
[2026-09-29T12:23:19.560+0000] {processor.py:830} INFO - Processing file /opt/airflow/dags/day25_kafka_orchestration.py for tasks to queue
[2026-09-29T12:23:19.563+0000] {logging_mixin.py:188} INFO - [2026-09-29T12:23:19.562+0000] {dagbag.py:545} INFO - Filling up the DagBag from /opt/airflow/dags/day25_kafka_orchestration.py
[2026-09-29T12:23:19.589+0000] {processor.py:840} INFO - DAG(s) 'day25_kafka_orchestration' retrieved from /opt/airflow/dags/day25_kafka_orchestration.py
[2026-09-29T12:23:19.616+0000] {logging_mixin.py:188} INFO - [2026-09-29T12:23:19.616+0000] {dag.py:3089} INFO - Sync 1 DAGs
[2026-09-29T12:23:19.628+0000] {logging_mixin.py:188} INFO - [2026-09-29T12:23:19.628+0000] {dag.py:3947} INFO - Setting next_dagrun for day25_kafka_orchestration to None, run_after=None
[2026-09-29T12:23:19.657+0000] {processor.py:183} INFO - Processing /opt/airflow/dags/day25_kafka_orchestration.py took 0.108 seconds
[2026-09-29T12:23:49.828+0000] {processor.py:161} INFO - Started process (PID=216) to work on /opt/airflow/dags/day25_kafka_orchestration.py
[2026-09-29T12:23:49.830+0000] {processor.py:830} INFO - Processing file /opt/airflow/dags/day25_kafka_orchestration.py for tasks to queue
[2026-09-29T12:23:49.832+0000] {logging_mixin.py:188} INFO - [2026-09-29T12:23:49.832+0000] {dagbag.py:545} INFO - Filling up the DagBag from /opt/airflow/dags/day25_kafka_orchestration.py
[2026-09-29T12:23:49.855+0000] {processor.py:840} INFO - DAG(s) 'day25_kafka_orchestration' retrieved from /opt/airflow/dags/day25_kafka_orchestration.py
[2026-09-29T12:23:49.888+0000] {logging_mixin.py:188} INFO - [2026-09-29T12:23:49.887+0000] {dag.py:3089} INFO - Sync 1 DAGs
[2026-09-29T12:23:49.916+0000] {logging_mixin.py:188} INFO - [2026-09-29T12:23:49.916+0000] {dag.py:3947} INFO - Setting next_dagrun for day25_kafka_orchestration to None, run_after=None
[2026-09-29T12:23:49.974+0000] {processor.py:183} INFO - Processing /opt/airflow/dags/day25_kafka_orchestration.py took 0.150 seconds
[2026-09-29T12:24:20.133+0000] {processor.py:161} INFO - Started process (PID=217) to work on /opt/airflow/dags/day25_kafka_orchestration.py
[2026-09-29T12:24:20.135+0000] {processor.py:830} INFO - Processing file /opt/airflow/dags/day25_kafka_orchestration.py for tasks to queue
[2026-09-29T12:24:20.138+0000] {logging_mixin.py:188} INFO - [2026-09-29T12:24:20.138+0000] {dagbag.py:545} INFO - Filling up the DagBag from /opt/airflow/dags/day25_kafka_orchestration.py
[2026-09-29T12:24:20.162+0000] {processor.py:840} INFO - DAG(s) 'day25_kafka_orchestration' retrieved from /opt/airflow/dags/day25_kafka_orchestration.py
[2026-09-29T12:24:20.190+0000] {logging_mixin.py:188} INFO - [2026-09-29T12:24:20.189+0000] {dag.py:3089} INFO - Sync 1 DAGs
[2026-09-29T12:24:20.203+0000] {logging_mixin.py:188} INFO - [2026-09-29T12:24:20.203+0000] {dag.py:3947} INFO - Setting next_dagrun for day25_kafka_orchestration to None, run_after=None
[2026-09-29T12:24:20.233+0000] {processor.py:183} INFO - Processing /opt/airflow/dags/day25_kafka_orchestration.py took 0.106 seconds
[2026-09-29T12:24:50.425+0000] {processor.py:161} INFO - Started process (PID=218) to work on /opt/airflow/dags/day25_kafka_orchestration.py
[2026-09-29T12:24:50.427+0000] {processor.py:830} INFO - Processing file /opt/airflow/dags/day25_kafka_orchestration.py for tasks to queue
[2026-09-29T12:24:50.431+0000] {logging_mixin.py:188} INFO - [2026-09-29T12:24:50.430+0000] {dagbag.py:545} INFO - Filling up the DagBag from /opt/airflow/dags/day25_kafka_orchestration.py
[2026-09-29T12:24:50.460+0000] {processor.py:840} INFO - DAG(s) 'day25_kafka_orchestration' retrieved from /opt/airflow/dags/day25_kafka_orchestration.py
[2026-09-29T12:24:50.518+0000] {logging_mixin.py:188} INFO - [2026-09-29T12:24:50.517+0000] {dag.py:3089} INFO - Sync 1 DAGs
[2026-09-29T12:24:50.533+0000] {logging_mixin.py:188} INFO - [2026-09-29T12:24:50.533+0000] {dag.py:3947} INFO - Setting next_dagrun for day25_kafka_orchestration to None, run_after=None
[2026-09-29T12:24:50.563+0000] {processor.py:183} INFO - Processing /opt/airflow/dags/day25_kafka_orchestration.py took 0.147 seconds
[2026-09-29T12:25:20.699+0000] {processor.py:161} INFO - Started process (PID=219) to work on /opt/airflow/dags/day25_kafka_orchestration.py
[2026-09-29T12:25:20.702+0000] {processor.py:830} INFO - Processing file /opt/airflow/dags/day25_kafka_orchestration.py for tasks to queue
[2026-09-29T12:25:20.706+0000] {logging_mixin.py:188} INFO - [2026-09-29T12:25:20.705+0000] {dagbag.py:545} INFO - Filling up the DagBag from /opt/airflow/dags/day25_kafka_orchestration.py
[2026-09-29T12:25:20.744+0000] {processor.py:840} INFO - DAG(s) 'day25_kafka_orchestration' retrieved from /opt/airflow/dags/day25_kafka_orchestration.py
[2026-09-29T12:25:20.789+0000] {logging_mixin.py:188} INFO - [2026-09-29T12:25:20.789+0000] {dag.py:3089} INFO - Sync 1 DAGs
[2026-09-29T12:25:20.803+0000] {logging_mixin.py:188} INFO - [2026-09-29T12:25:20.802+0000] {dag.py:3947} INFO - Setting next_dagrun for day25_kafka_orchestration to None, run_after=None
[2026-09-29T12:25:20.842+0000] {processor.py:183} INFO - Processing /opt/airflow/dags/day25_kafka_orchestration.py took 0.151 seconds
[2026-09-29T12:25:50.972+0000] {processor.py:161} INFO - Started process (PID=220) to work on /opt/airflow/dags/day25_kafka_orchestration.py
[2026-09-29T12:25:50.974+0000] {processor.py:830} INFO - Processing file /opt/airflow/dags/day25_kafka_orchestration.py for tasks to queue
[2026-09-29T12:25:50.977+0000] {logging_mixin.py:188} INFO - [2026-09-29T12:25:50.976+0000] {dagbag.py:545} INFO - Filling up the DagBag from /opt/airflow/dags/day25_kafka_orchestration.py
[2026-09-29T12:25:51.005+0000] {processor.py:840} INFO - DAG(s) 'day25_kafka_orchestration' retrieved from /opt/airflow/dags/day25_kafka_orchestration.py
[2026-09-29T12:25:51.056+0000] {logging_mixin.py:188} INFO - [2026-09-29T12:25:51.056+0000] {dag.py:3089} INFO - Sync 1 DAGs
[2026-09-29T12:25:51.083+0000] {logging_mixin.py:188} INFO - [2026-09-29T12:25:51.083+0000] {dag.py:3947} INFO - Setting next_dagrun for day25_kafka_orchestration to None, run_after=None
[2026-09-29T12:25:51.130+0000] {processor.py:183} INFO - Processing /opt/airflow/dags/day25_kafka_orchestration.py took 0.164 seconds
[2026-09-29T12:26:21.235+0000] {processor.py:161} INFO - Started process (PID=221) to work on /opt/airflow/dags/day25_kafka_orchestration.py
[2026-09-29T12:26:21.237+0000] {processor.py:830} INFO - Processing file /opt/airflow/dags/day25_kafka_orchestration.py for tasks to queue
[2026-09-29T12:26:21.240+0000] {logging_mixin.py:188} INFO - [2026-09-29T12:26:21.240+0000] {dagbag.py:545} INFO - Filling up the DagBag from /opt/airflow/dags/day25_kafka_orchestration.py
[2026-09-29T12:26:21.264+0000] {processor.py:840} INFO - DAG(s) 'day25_kafka_orchestration' retrieved from /opt/airflow/dags/day25_kafka_orchestration.py
[2026-09-29T12:26:21.293+0000] {logging_mixin.py:188} INFO - [2026-09-29T12:26:21.293+0000] {dag.py:3089} INFO - Sync 1 DAGs
[2026-09-29T12:26:21.307+0000] {logging_mixin.py:188} INFO - [2026-09-29T12:26:21.307+0000] {dag.py:3947} INFO - Setting next_dagrun for day25_kafka_orchestration to None, run_after=None
[2026-09-29T12:26:21.337+0000] {processor.py:183} INFO - Processing /opt/airflow/dags/day25_kafka_orchestration.py took 0.109 seconds
[2026-09-29T12:26:51.537+0000] {processor.py:161} INFO - Started process (PID=222) to work on /opt/airflow/dags/day25_kafka_orchestration.py
[2026-09-29T12:26:51.542+0000] {processor.py:830} INFO - Processing file /opt/airflow/dags/day25_kafka_orchestration.py for tasks to queue
[2026-09-29T12:26:51.547+0000] {logging_mixin.py:188} INFO - [2026-09-29T12:26:51.546+0000] {dagbag.py:545} INFO - Filling up the DagBag from /opt/airflow/dags/day25_kafka_orchestration.py
[2026-09-29T12:26:51.587+0000] {processor.py:840} INFO - DAG(s) 'day25_kafka_orchestration' retrieved from /opt/airflow/dags/day25_kafka_orchestration.py
[2026-09-29T12:26:51.638+0000] {logging_mixin.py:188} INFO - [2026-09-29T12:26:51.637+0000] {dag.py:3089} INFO - Sync 1 DAGs
[2026-09-29T12:26:51.664+0000] {logging_mixin.py:188} INFO - [2026-09-29T12:26:51.664+0000] {dag.py:3947} INFO - Setting next_dagrun for day25_kafka_orchestration to None, run_after=None
[2026-09-29T12:26:51.703+0000] {processor.py:183} INFO - Processing /opt/airflow/dags/day25_kafka_orchestration.py took 0.178 seconds
[2026-09-29T12:27:21.867+0000] {processor.py:161} INFO - Started process (PID=223) to work on /opt/airflow/dags/day25_kafka_orchestration.py
[2026-09-29T12:27:21.869+0000] {processor.py:830} INFO - Processing file /opt/airflow/dags/day25_kafka_orchestration.py for tasks to queue
[2026-09-29T12:27:21.872+0000] {logging_mixin.py:188} INFO - [2026-09-29T12:27:21.872+0000] {dagbag.py:545} INFO - Filling up the DagBag from /opt/airflow/dags/day25_kafka_orchestration.py
[2026-09-29T12:27:21.897+0000] {processor.py:840} INFO - DAG(s) 'day25_kafka_orchestration' retrieved from /opt/airflow/dags/day25_kafka_orchestration.py
[2026-09-29T12:27:21.926+0000] {logging_mixin.py:188} INFO - [2026-09-29T12:27:21.926+0000] {dag.py:3089} INFO - Sync 1 DAGs
[2026-09-29T12:27:21.941+0000] {logging_mixin.py:188} INFO - [2026-09-29T12:27:21.941+0000] {dag.py:3947} INFO - Setting next_dagrun for day25_kafka_orchestration to None, run_after=None
[2026-09-29T12:27:21.976+0000] {processor.py:183} INFO - Processing /opt/airflow/dags/day25_kafka_orchestration.py took 0.114 seconds
[2026-09-29T12:27:52.148+0000] {processor.py:161} INFO - Started process (PID=224) to work on /opt/airflow/dags/day25_kafka_orchestration.py
[2026-09-29T12:27:52.150+0000] {processor.py:830} INFO - Processing file /opt/airflow/dags/day25_kafka_orchestration.py for tasks to queue
[2026-09-29T12:27:52.153+0000] {logging_mixin.py:188} INFO - [2026-09-29T12:27:52.153+0000] {dagbag.py:545} INFO - Filling up the DagBag from /opt/airflow/dags/day25_kafka_orchestration.py
[2026-09-29T12:27:52.177+0000] {processor.py:840} INFO - DAG(s) 'day25_kafka_orchestration' retrieved from /opt/airflow/dags/day25_kafka_orchestration.py
[2026-09-29T12:27:52.207+0000] {logging_mixin.py:188} INFO - [2026-09-29T12:27:52.206+0000] {dag.py:3089} INFO - Sync 1 DAGs
[2026-09-29T12:27:52.224+0000] {logging_mixin.py:188} INFO - [2026-09-29T12:27:52.224+0000] {dag.py:3947} INFO - Setting next_dagrun for day25_kafka_orchestration to None, run_after=None
[2026-09-29T12:27:52.261+0000] {processor.py:183} INFO - Processing /opt/airflow/dags/day25_kafka_orchestration.py took 0.120 seconds
[2026-09-29T12:28:22.420+0000] {processor.py:161} INFO - Started process (PID=225) to work on /opt/airflow/dags/day25_kafka_orchestration.py
[2026-09-29T12:28:22.422+0000] {processor.py:830} INFO - Processing file /opt/airflow/dags/day25_kafka_orchestration.py for tasks to queue
[2026-09-29T12:28:22.426+0000] {logging_mixin.py:188} INFO - [2026-09-29T12:28:22.425+0000] {dagbag.py:545} INFO - Filling up the DagBag from /opt/airflow/dags/day25_kafka_orchestration.py
[2026-09-29T12:28:22.454+0000] {processor.py:840} INFO - DAG(s) 'day25_kafka_orchestration' retrieved from /opt/airflow/dags/day25_kafka_orchestration.py
[2026-09-29T12:28:22.482+0000] {logging_mixin.py:188} INFO - [2026-09-29T12:28:22.482+0000] {dag.py:3089} INFO - Sync 1 DAGs
[2026-09-29T12:28:22.497+0000] {logging_mixin.py:188} INFO - [2026-09-29T12:28:22.497+0000] {dag.py:3947} INFO - Setting next_dagrun for day25_kafka_orchestration to None, run_after=None
[2026-09-29T12:28:22.528+0000] {processor.py:183} INFO - Processing /opt/airflow/dags/day25_kafka_orchestration.py took 0.115 seconds
[2026-09-29T12:28:52.672+0000] {processor.py:161} INFO - Started process (PID=226) to work on /opt/airflow/dags/day25_kafka_orchestration.py
[2026-09-29T12:28:52.675+0000] {processor.py:830} INFO - Processing file /opt/airflow/dags/day25_kafka_orchestration.py for tasks to queue
[2026-09-29T12:28:52.677+0000] {logging_mixin.py:188} INFO - [2026-09-29T12:28:52.677+0000] {dagbag.py:545} INFO - Filling up the DagBag from /opt/airflow/dags/day25_kafka_orchestration.py
[2026-09-29T12:28:52.701+0000] {processor.py:840} INFO - DAG(s) 'day25_kafka_orchestration' retrieved from /opt/airflow/dags/day25_kafka_orchestration.py
[2026-09-29T12:28:52.729+0000] {logging_mixin.py:188} INFO - [2026-09-29T12:28:52.729+0000] {dag.py:3089} INFO - Sync 1 DAGs
[2026-09-29T12:28:52.742+0000] {logging_mixin.py:188} INFO - [2026-09-29T12:28:52.742+0000] {dag.py:3947} INFO - Setting next_dagrun for day25_kafka_orchestration to None, run_after=None
[2026-09-29T12:28:52.777+0000] {processor.py:183} INFO - Processing /opt/airflow/dags/day25_kafka_orchestration.py took 0.111 seconds
[2026-09-29T12:29:22.946+0000] {processor.py:161} INFO - Started process (PID=227) to work on /opt/airflow/dags/day25_kafka_orchestration.py
[2026-09-29T12:29:22.948+0000] {processor.py:830} INFO - Processing file /opt/airflow/dags/day25_kafka_orchestration.py for tasks to queue
[2026-09-29T12:29:22.950+0000] {logging_mixin.py:188} INFO - [2026-09-29T12:29:22.950+0000] {dagbag.py:545} INFO - Filling up the DagBag from /opt/airflow/dags/day25_kafka_orchestration.py
[2026-09-29T12:29:22.972+0000] {processor.py:840} INFO - DAG(s) 'day25_kafka_orchestration' retrieved from /opt/airflow/dags/day25_kafka_orchestration.py
[2026-09-29T12:29:22.997+0000] {logging_mixin.py:188} INFO - [2026-09-29T12:29:22.996+0000] {dag.py:3089} INFO - Sync 1 DAGs
[2026-09-29T12:29:23.010+0000] {logging_mixin.py:188} INFO - [2026-09-29T12:29:23.009+0000] {dag.py:3947} INFO - Setting next_dagrun for day25_kafka_orchestration to None, run_after=None
[2026-09-29T12:29:23.039+0000] {processor.py:183} INFO - Processing /opt/airflow/dags/day25_kafka_orchestration.py took 0.098 seconds
[2026-09-29T12:29:53.224+0000] {processor.py:161} INFO - Started process (PID=228) to work on /opt/airflow/dags/day25_kafka_orchestration.py
[2026-09-29T12:29:53.227+0000] {processor.py:830} INFO - Processing file /opt/airflow/dags/day25_kafka_orchestration.py for tasks to queue
[2026-09-29T12:29:53.229+0000] {logging_mixin.py:188} INFO - [2026-09-29T12:29:53.229+0000] {dagbag.py:545} INFO - Filling up the DagBag from /opt/airflow/dags/day25_kafka_orchestration.py
[2026-09-29T12:29:53.253+0000] {processor.py:840} INFO - DAG(s) 'day25_kafka_orchestration' retrieved from /opt/airflow/dags/day25_kafka_orchestration.py
[2026-09-29T12:29:53.289+0000] {logging_mixin.py:188} INFO - [2026-09-29T12:29:53.288+0000] {dag.py:3089} INFO - Sync 1 DAGs
[2026-09-29T12:29:53.304+0000] {logging_mixin.py:188} INFO - [2026-09-29T12:29:53.304+0000] {dag.py:3947} INFO - Setting next_dagrun for day25_kafka_orchestration to None, run_after=None
[2026-09-29T12:29:53.337+0000] {processor.py:183} INFO - Processing /opt/airflow/dags/day25_kafka_orchestration.py took 0.118 seconds
[2026-09-29T12:30:23.506+0000] {processor.py:161} INFO - Started process (PID=229) to work on /opt/airflow/dags/day25_kafka_orchestration.py
[2026-09-29T12:30:23.508+0000] {processor.py:830} INFO - Processing file /opt/airflow/dags/day25_kafka_orchestration.py for tasks to queue
[2026-09-29T12:30:23.511+0000] {logging_mixin.py:188} INFO - [2026-09-29T12:30:23.510+0000] {dagbag.py:545} INFO - Filling up the DagBag from /opt/airflow/dags/day25_kafka_orchestration.py
[2026-09-29T12:30:23.536+0000] {processor.py:840} INFO - DAG(s) 'day25_kafka_orchestration' retrieved from /opt/airflow/dags/day25_kafka_orchestration.py
[2026-09-29T12:30:23.565+0000] {logging_mixin.py:188} INFO - [2026-09-29T12:30:23.565+0000] {dag.py:3089} INFO - Sync 1 DAGs
[2026-09-29T12:30:23.579+0000] {logging_mixin.py:188} INFO - [2026-09-29T12:30:23.579+0000] {dag.py:3947} INFO - Setting next_dagrun for day25_kafka_orchestration to None, run_after=None
[2026-09-29T12:30:23.613+0000] {processor.py:183} INFO - Processing /opt/airflow/dags/day25_kafka_orchestration.py took 0.112 seconds
[2026-09-29T12:30:53.784+0000] {processor.py:161} INFO - Started process (PID=230) to work on /opt/airflow/dags/day25_kafka_orchestration.py
[2026-09-29T12:30:53.785+0000] {processor.py:830} INFO - Processing file /opt/airflow/dags/day25_kafka_orchestration.py for tasks to queue
[2026-09-29T12:30:53.788+0000] {logging_mixin.py:188} INFO - [2026-09-29T12:30:53.787+0000] {dagbag.py:545} INFO - Filling up the DagBag from /opt/airflow/dags/day25_kafka_orchestration.py
[2026-09-29T12:30:53.810+0000] {processor.py:840} INFO - DAG(s) 'day25_kafka_orchestration' retrieved from /opt/airflow/dags/day25_kafka_orchestration.py
[2026-09-29T12:30:53.835+0000] {logging_mixin.py:188} INFO - [2026-09-29T12:30:53.835+0000] {dag.py:3089} INFO - Sync 1 DAGs
[2026-09-29T12:30:53.847+0000] {logging_mixin.py:188} INFO - [2026-09-29T12:30:53.847+0000] {dag.py:3947} INFO - Setting next_dagrun for day25_kafka_orchestration to None, run_after=None
[2026-09-29T12:30:53.880+0000] {processor.py:183} INFO - Processing /opt/airflow/dags/day25_kafka_orchestration.py took 0.103 seconds
[2026-09-29T12:31:24.146+0000] {processor.py:161} INFO - Started process (PID=231) to work on /opt/airflow/dags/day25_kafka_orchestration.py
[2026-09-29T12:31:24.149+0000] {processor.py:830} INFO - Processing file /opt/airflow/dags/day25_kafka_orchestration.py for tasks to queue
[2026-09-29T12:31:24.154+0000] {logging_mixin.py:188} INFO - [2026-09-29T12:31:24.153+0000] {dagbag.py:545} INFO - Filling up the DagBag from /opt/airflow/dags/day25_kafka_orchestration.py
[2026-09-29T12:31:24.191+0000] {processor.py:840} INFO - DAG(s) 'day25_kafka_orchestration' retrieved from /opt/airflow/dags/day25_kafka_orchestration.py
[2026-09-29T12:31:24.259+0000] {logging_mixin.py:188} INFO - [2026-09-29T12:31:24.259+0000] {dag.py:3089} INFO - Sync 1 DAGs
[2026-09-29T12:31:24.283+0000] {logging_mixin.py:188} INFO - [2026-09-29T12:31:24.282+0000] {dag.py:3947} INFO - Setting next_dagrun for day25_kafka_orchestration to None, run_after=None
[2026-09-29T12:31:24.325+0000] {processor.py:183} INFO - Processing /opt/airflow/dags/day25_kafka_orchestration.py took 0.188 seconds
[2026-09-29T12:31:54.488+0000] {processor.py:161} INFO - Started process (PID=247) to work on /opt/airflow/dags/day25_kafka_orchestration.py
[2026-09-29T12:31:54.490+0000] {processor.py:830} INFO - Processing file /opt/airflow/dags/day25_kafka_orchestration.py for tasks to queue
[2026-09-29T12:31:54.492+0000] {logging_mixin.py:188} INFO - [2026-09-29T12:31:54.492+0000] {dagbag.py:545} INFO - Filling up the DagBag from /opt/airflow/dags/day25_kafka_orchestration.py
[2026-09-29T12:31:54.518+0000] {processor.py:840} INFO - DAG(s) 'day25_kafka_orchestration' retrieved from /opt/airflow/dags/day25_kafka_orchestration.py
[2026-09-29T12:31:54.550+0000] {logging_mixin.py:188} INFO - [2026-09-29T12:31:54.550+0000] {dag.py:3089} INFO - Sync 1 DAGs
[2026-09-29T12:31:54.562+0000] {logging_mixin.py:188} INFO - [2026-09-29T12:31:54.562+0000] {dag.py:3947} INFO - Setting next_dagrun for day25_kafka_orchestration to None, run_after=None
[2026-09-29T12:31:54.594+0000] {processor.py:183} INFO - Processing /opt/airflow/dags/day25_kafka_orchestration.py took 0.111 seconds
[2026-09-29T12:32:24.763+0000] {processor.py:161} INFO - Started process (PID=248) to work on /opt/airflow/dags/day25_kafka_orchestration.py
[2026-09-29T12:32:24.764+0000] {processor.py:830} INFO - Processing file /opt/airflow/dags/day25_kafka_orchestration.py for tasks to queue
[2026-09-29T12:32:24.767+0000] {logging_mixin.py:188} INFO - [2026-09-29T12:32:24.766+0000] {dagbag.py:545} INFO - Filling up the DagBag from /opt/airflow/dags/day25_kafka_orchestration.py
[2026-09-29T12:32:24.787+0000] {processor.py:840} INFO - DAG(s) 'day25_kafka_orchestration' retrieved from /opt/airflow/dags/day25_kafka_orchestration.py
[2026-09-29T12:32:24.817+0000] {logging_mixin.py:188} INFO - [2026-09-29T12:32:24.817+0000] {dag.py:3089} INFO - Sync 1 DAGs
[2026-09-29T12:32:24.839+0000] {logging_mixin.py:188} INFO - [2026-09-29T12:32:24.839+0000] {dag.py:3947} INFO - Setting next_dagrun for day25_kafka_orchestration to None, run_after=None
[2026-09-29T12:32:24.877+0000] {processor.py:183} INFO - Processing /opt/airflow/dags/day25_kafka_orchestration.py took 0.120 seconds
[2026-09-29T12:32:55.033+0000] {processor.py:161} INFO - Started process (PID=249) to work on /opt/airflow/dags/day25_kafka_orchestration.py
[2026-09-29T12:32:55.035+0000] {processor.py:830} INFO - Processing file /opt/airflow/dags/day25_kafka_orchestration.py for tasks to queue
[2026-09-29T12:32:55.038+0000] {logging_mixin.py:188} INFO - [2026-09-29T12:32:55.037+0000] {dagbag.py:545} INFO - Filling up the DagBag from /opt/airflow/dags/day25_kafka_orchestration.py
[2026-09-29T12:32:55.058+0000] {processor.py:840} INFO - DAG(s) 'day25_kafka_orchestration' retrieved from /opt/airflow/dags/day25_kafka_orchestration.py
[2026-09-29T12:32:55.125+0000] {logging_mixin.py:188} INFO - [2026-09-29T12:32:55.125+0000] {dag.py:3089} INFO - Sync 1 DAGs
[2026-09-29T12:32:55.139+0000] {logging_mixin.py:188} INFO - [2026-09-29T12:32:55.139+0000] {dag.py:3947} INFO - Setting next_dagrun for day25_kafka_orchestration to None, run_after=None
[2026-09-29T12:32:55.170+0000] {processor.py:183} INFO - Processing /opt/airflow/dags/day25_kafka_orchestration.py took 0.141 seconds
[2026-09-29T12:33:25.433+0000] {processor.py:161} INFO - Started process (PID=250) to work on /opt/airflow/dags/day25_kafka_orchestration.py
[2026-09-29T12:33:25.435+0000] {processor.py:830} INFO - Processing file /opt/airflow/dags/day25_kafka_orchestration.py for tasks to queue
[2026-09-29T12:33:25.442+0000] {logging_mixin.py:188} INFO - [2026-09-29T12:33:25.441+0000] {dagbag.py:545} INFO - Filling up the DagBag from /opt/airflow/dags/day25_kafka_orchestration.py
[2026-09-29T12:33:25.499+0000] {processor.py:840} INFO - DAG(s) 'day25_kafka_orchestration' retrieved from /opt/airflow/dags/day25_kafka_orchestration.py
[2026-09-29T12:33:25.561+0000] {logging_mixin.py:188} INFO - [2026-09-29T12:33:25.560+0000] {dag.py:3089} INFO - Sync 1 DAGs
[2026-09-29T12:33:25.582+0000] {logging_mixin.py:188} INFO - [2026-09-29T12:33:25.581+0000] {dag.py:3947} INFO - Setting next_dagrun for day25_kafka_orchestration to None, run_after=None
[2026-09-29T12:33:25.630+0000] {processor.py:183} INFO - Processing /opt/airflow/dags/day25_kafka_orchestration.py took 0.209 seconds
[2026-09-29T12:33:55.869+0000] {processor.py:161} INFO - Started process (PID=251) to work on /opt/airflow/dags/day25_kafka_orchestration.py
[2026-09-29T12:33:55.874+0000] {processor.py:830} INFO - Processing file /opt/airflow/dags/day25_kafka_orchestration.py for tasks to queue
[2026-09-29T12:33:55.884+0000] {logging_mixin.py:188} INFO - [2026-09-29T12:33:55.882+0000] {dagbag.py:545} INFO - Filling up the DagBag from /opt/airflow/dags/day25_kafka_orchestration.py
[2026-09-29T12:33:55.954+0000] {processor.py:840} INFO - DAG(s) 'day25_kafka_orchestration' retrieved from /opt/airflow/dags/day25_kafka_orchestration.py
[2026-09-29T12:33:56.069+0000] {logging_mixin.py:188} INFO - [2026-09-29T12:33:56.068+0000] {dag.py:3089} INFO - Sync 1 DAGs
[2026-09-29T12:33:56.097+0000] {logging_mixin.py:188} INFO - [2026-09-29T12:33:56.097+0000] {dag.py:3947} INFO - Setting next_dagrun for day25_kafka_orchestration to None, run_after=None
[2026-09-29T12:33:56.143+0000] {processor.py:183} INFO - Processing /opt/airflow/dags/day25_kafka_orchestration.py took 0.297 seconds
[2026-09-29T12:34:26.327+0000] {processor.py:161} INFO - Started process (PID=259) to work on /opt/airflow/dags/day25_kafka_orchestration.py
[2026-09-29T12:34:26.329+0000] {processor.py:830} INFO - Processing file /opt/airflow/dags/day25_kafka_orchestration.py for tasks to queue
[2026-09-29T12:34:26.334+0000] {logging_mixin.py:188} INFO - [2026-09-29T12:34:26.334+0000] {dagbag.py:545} INFO - Filling up the DagBag from /opt/airflow/dags/day25_kafka_orchestration.py
[2026-09-29T12:34:26.360+0000] {processor.py:840} INFO - DAG(s) 'day25_kafka_orchestration' retrieved from /opt/airflow/dags/day25_kafka_orchestration.py
[2026-09-29T12:34:26.392+0000] {logging_mixin.py:188} INFO - [2026-09-29T12:34:26.392+0000] {dag.py:3089} INFO - Sync 1 DAGs
[2026-09-29T12:34:26.407+0000] {logging_mixin.py:188} INFO - [2026-09-29T12:34:26.407+0000] {dag.py:3947} INFO - Setting next_dagrun for day25_kafka_orchestration to None, run_after=None
[2026-09-29T12:34:26.436+0000] {processor.py:183} INFO - Processing /opt/airflow/dags/day25_kafka_orchestration.py took 0.118 seconds
[2026-09-29T12:34:56.599+0000] {processor.py:161} INFO - Started process (PID=260) to work on /opt/airflow/dags/day25_kafka_orchestration.py
[2026-09-29T12:34:56.602+0000] {processor.py:830} INFO - Processing file /opt/airflow/dags/day25_kafka_orchestration.py for tasks to queue
[2026-09-29T12:34:56.606+0000] {logging_mixin.py:188} INFO - [2026-09-29T12:34:56.605+0000] {dagbag.py:545} INFO - Filling up the DagBag from /opt/airflow/dags/day25_kafka_orchestration.py
[2026-09-29T12:34:56.624+0000] {processor.py:840} INFO - DAG(s) 'day25_kafka_orchestration' retrieved from /opt/airflow/dags/day25_kafka_orchestration.py
[2026-09-29T12:34:56.649+0000] {logging_mixin.py:188} INFO - [2026-09-29T12:34:56.649+0000] {dag.py:3089} INFO - Sync 1 DAGs
[2026-09-29T12:34:56.662+0000] {logging_mixin.py:188} INFO - [2026-09-29T12:34:56.662+0000] {dag.py:3947} INFO - Setting next_dagrun for day25_kafka_orchestration to None, run_after=None
[2026-09-29T12:34:56.691+0000] {processor.py:183} INFO - Processing /opt/airflow/dags/day25_kafka_orchestration.py took 0.098 seconds
[2026-09-29T12:35:39.908+0000] {processor.py:161} INFO - Started process (PID=277) to work on /opt/airflow/dags/day25_kafka_orchestration.py
[2026-09-29T12:35:39.910+0000] {processor.py:830} INFO - Processing file /opt/airflow/dags/day25_kafka_orchestration.py for tasks to queue
[2026-09-29T12:35:39.914+0000] {logging_mixin.py:188} INFO - [2026-09-29T12:35:39.913+0000] {dagbag.py:545} INFO - Filling up the DagBag from /opt/airflow/dags/day25_kafka_orchestration.py
[2026-09-29T12:35:39.946+0000] {processor.py:840} INFO - DAG(s) 'day25_kafka_orchestration' retrieved from /opt/airflow/dags/day25_kafka_orchestration.py
[2026-09-29T12:35:39.989+0000] {logging_mixin.py:188} INFO - [2026-09-29T12:35:39.989+0000] {dag.py:3089} INFO - Sync 1 DAGs
[2026-09-29T12:35:40.005+0000] {logging_mixin.py:188} INFO - [2026-09-29T12:35:40.005+0000] {dag.py:3947} INFO - Setting next_dagrun for day25_kafka_orchestration to None, run_after=None
[2026-09-29T12:35:40.042+0000] {processor.py:183} INFO - Processing /opt/airflow/dags/day25_kafka_orchestration.py took 0.145 seconds
[2026-09-29T12:36:11.111+0000] {processor.py:161} INFO - Started process (PID=287) to work on /opt/airflow/dags/day25_kafka_orchestration.py
[2026-09-29T12:36:11.112+0000] {processor.py:830} INFO - Processing file /opt/airflow/dags/day25_kafka_orchestration.py for tasks to queue
[2026-09-29T12:36:11.114+0000] {logging_mixin.py:188} INFO - [2026-09-29T12:36:11.114+0000] {dagbag.py:545} INFO - Filling up the DagBag from /opt/airflow/dags/day25_kafka_orchestration.py
[2026-09-29T12:36:11.134+0000] {processor.py:840} INFO - DAG(s) 'day25_kafka_orchestration' retrieved from /opt/airflow/dags/day25_kafka_orchestration.py
[2026-09-29T12:36:11.167+0000] {logging_mixin.py:188} INFO - [2026-09-29T12:36:11.167+0000] {dag.py:3089} INFO - Sync 1 DAGs
[2026-09-29T12:36:11.179+0000] {logging_mixin.py:188} INFO - [2026-09-29T12:36:11.179+0000] {dag.py:3947} INFO - Setting next_dagrun for day25_kafka_orchestration to None, run_after=None
[2026-09-29T12:36:11.208+0000] {processor.py:183} INFO - Processing /opt/airflow/dags/day25_kafka_orchestration.py took 0.102 seconds
[2026-09-29T12:36:41.369+0000] {processor.py:161} INFO - Started process (PID=288) to work on /opt/airflow/dags/day25_kafka_orchestration.py
[2026-09-29T12:36:41.370+0000] {processor.py:830} INFO - Processing file /opt/airflow/dags/day25_kafka_orchestration.py for tasks to queue
[2026-09-29T12:36:41.373+0000] {logging_mixin.py:188} INFO - [2026-09-29T12:36:41.372+0000] {dagbag.py:545} INFO - Filling up the DagBag from /opt/airflow/dags/day25_kafka_orchestration.py
[2026-09-29T12:36:41.392+0000] {processor.py:840} INFO - DAG(s) 'day25_kafka_orchestration' retrieved from /opt/airflow/dags/day25_kafka_orchestration.py
[2026-09-29T12:36:41.416+0000] {logging_mixin.py:188} INFO - [2026-09-29T12:36:41.416+0000] {dag.py:3089} INFO - Sync 1 DAGs
[2026-09-29T12:36:41.426+0000] {logging_mixin.py:188} INFO - [2026-09-29T12:36:41.426+0000] {dag.py:3947} INFO - Setting next_dagrun for day25_kafka_orchestration to None, run_after=None
[2026-09-29T12:36:41.454+0000] {processor.py:183} INFO - Processing /opt/airflow/dags/day25_kafka_orchestration.py took 0.090 seconds
[2026-09-29T12:37:11.651+0000] {processor.py:161} INFO - Started process (PID=289) to work on /opt/airflow/dags/day25_kafka_orchestration.py
[2026-09-29T12:37:11.653+0000] {processor.py:830} INFO - Processing file /opt/airflow/dags/day25_kafka_orchestration.py for tasks to queue
[2026-09-29T12:37:11.655+0000] {logging_mixin.py:188} INFO - [2026-09-29T12:37:11.655+0000] {dagbag.py:545} INFO - Filling up the DagBag from /opt/airflow/dags/day25_kafka_orchestration.py
[2026-09-29T12:37:11.675+0000] {processor.py:840} INFO - DAG(s) 'day25_kafka_orchestration' retrieved from /opt/airflow/dags/day25_kafka_orchestration.py
[2026-09-29T12:37:11.698+0000] {logging_mixin.py:188} INFO - [2026-09-29T12:37:11.697+0000] {dag.py:3089} INFO - Sync 1 DAGs
[2026-09-29T12:37:11.709+0000] {logging_mixin.py:188} INFO - [2026-09-29T12:37:11.709+0000] {dag.py:3947} INFO - Setting next_dagrun for day25_kafka_orchestration to None, run_after=None
[2026-09-29T12:37:11.737+0000] {processor.py:183} INFO - Processing /opt/airflow/dags/day25_kafka_orchestration.py took 0.091 seconds
[2026-09-29T12:37:41.925+0000] {processor.py:161} INFO - Started process (PID=290) to work on /opt/airflow/dags/day25_kafka_orchestration.py
[2026-09-29T12:37:41.927+0000] {processor.py:830} INFO - Processing file /opt/airflow/dags/day25_kafka_orchestration.py for tasks to queue
[2026-09-29T12:37:41.930+0000] {logging_mixin.py:188} INFO - [2026-09-29T12:37:41.929+0000] {dagbag.py:545} INFO - Filling up the DagBag from /opt/airflow/dags/day25_kafka_orchestration.py
[2026-09-29T12:37:41.948+0000] {processor.py:840} INFO - DAG(s) 'day25_kafka_orchestration' retrieved from /opt/airflow/dags/day25_kafka_orchestration.py
[2026-09-29T12:37:41.973+0000] {logging_mixin.py:188} INFO - [2026-09-29T12:37:41.973+0000] {dag.py:3089} INFO - Sync 1 DAGs
[2026-09-29T12:37:41.984+0000] {logging_mixin.py:188} INFO - [2026-09-29T12:37:41.983+0000] {dag.py:3947} INFO - Setting next_dagrun for day25_kafka_orchestration to None, run_after=None
[2026-09-29T12:37:42.013+0000] {processor.py:183} INFO - Processing /opt/airflow/dags/day25_kafka_orchestration.py took 0.093 seconds
[2026-09-29T12:38:12.233+0000] {processor.py:161} INFO - Started process (PID=291) to work on /opt/airflow/dags/day25_kafka_orchestration.py
[2026-09-29T12:38:12.238+0000] {processor.py:830} INFO - Processing file /opt/airflow/dags/day25_kafka_orchestration.py for tasks to queue
[2026-09-29T12:38:12.247+0000] {logging_mixin.py:188} INFO - [2026-09-29T12:38:12.245+0000] {dagbag.py:545} INFO - Filling up the DagBag from /opt/airflow/dags/day25_kafka_orchestration.py
[2026-09-29T12:38:12.292+0000] {processor.py:840} INFO - DAG(s) 'day25_kafka_orchestration' retrieved from /opt/airflow/dags/day25_kafka_orchestration.py
[2026-09-29T12:38:12.365+0000] {logging_mixin.py:188} INFO - [2026-09-29T12:38:12.364+0000] {dag.py:3089} INFO - Sync 1 DAGs
[2026-09-29T12:38:12.395+0000] {logging_mixin.py:188} INFO - [2026-09-29T12:38:12.395+0000] {dag.py:3947} INFO - Setting next_dagrun for day25_kafka_orchestration to None, run_after=None
[2026-09-29T12:38:12.439+0000] {processor.py:183} INFO - Processing /opt/airflow/dags/day25_kafka_orchestration.py took 0.229 seconds
[2026-09-29T12:38:43.492+0000] {processor.py:161} INFO - Started process (PID=292) to work on /opt/airflow/dags/day25_kafka_orchestration.py
[2026-09-29T12:38:43.495+0000] {processor.py:830} INFO - Processing file /opt/airflow/dags/day25_kafka_orchestration.py for tasks to queue
[2026-09-29T12:38:43.499+0000] {logging_mixin.py:188} INFO - [2026-09-29T12:38:43.498+0000] {dagbag.py:545} INFO - Filling up the DagBag from /opt/airflow/dags/day25_kafka_orchestration.py
[2026-09-29T12:38:43.526+0000] {processor.py:840} INFO - DAG(s) 'day25_kafka_orchestration' retrieved from /opt/airflow/dags/day25_kafka_orchestration.py
[2026-09-29T12:38:43.569+0000] {logging_mixin.py:188} INFO - [2026-09-29T12:38:43.569+0000] {dag.py:3089} INFO - Sync 1 DAGs
[2026-09-29T12:38:43.589+0000] {logging_mixin.py:188} INFO - [2026-09-29T12:38:43.588+0000] {dag.py:3947} INFO - Setting next_dagrun for day25_kafka_orchestration to None, run_after=None
[2026-09-29T12:38:43.630+0000] {processor.py:183} INFO - Processing /opt/airflow/dags/day25_kafka_orchestration.py took 0.146 seconds
[2026-09-29T12:39:13.847+0000] {processor.py:161} INFO - Started process (PID=293) to work on /opt/airflow/dags/day25_kafka_orchestration.py
[2026-09-29T12:39:13.851+0000] {processor.py:830} INFO - Processing file /opt/airflow/dags/day25_kafka_orchestration.py for tasks to queue
[2026-09-29T12:39:13.858+0000] {logging_mixin.py:188} INFO - [2026-09-29T12:39:13.857+0000] {dagbag.py:545} INFO - Filling up the DagBag from /opt/airflow/dags/day25_kafka_orchestration.py
[2026-09-29T12:39:13.891+0000] {processor.py:840} INFO - DAG(s) 'day25_kafka_orchestration' retrieved from /opt/airflow/dags/day25_kafka_orchestration.py
[2026-09-29T12:39:13.950+0000] {logging_mixin.py:188} INFO - [2026-09-29T12:39:13.949+0000] {dag.py:3089} INFO - Sync 1 DAGs
[2026-09-29T12:39:13.975+0000] {logging_mixin.py:188} INFO - [2026-09-29T12:39:13.975+0000] {dag.py:3947} INFO - Setting next_dagrun for day25_kafka_orchestration to None, run_after=None
[2026-09-29T12:39:14.010+0000] {processor.py:183} INFO - Processing /opt/airflow/dags/day25_kafka_orchestration.py took 0.171 seconds
[2026-09-29T12:39:44.106+0000] {processor.py:161} INFO - Started process (PID=294) to work on /opt/airflow/dags/day25_kafka_orchestration.py
[2026-09-29T12:39:44.108+0000] {processor.py:830} INFO - Processing file /opt/airflow/dags/day25_kafka_orchestration.py for tasks to queue
[2026-09-29T12:39:44.110+0000] {logging_mixin.py:188} INFO - [2026-09-29T12:39:44.110+0000] {dagbag.py:545} INFO - Filling up the DagBag from /opt/airflow/dags/day25_kafka_orchestration.py
[2026-09-29T12:39:44.130+0000] {processor.py:840} INFO - DAG(s) 'day25_kafka_orchestration' retrieved from /opt/airflow/dags/day25_kafka_orchestration.py
[2026-09-29T12:39:44.158+0000] {logging_mixin.py:188} INFO - [2026-09-29T12:39:44.158+0000] {dag.py:3089} INFO - Sync 1 DAGs
[2026-09-29T12:39:44.182+0000] {logging_mixin.py:188} INFO - [2026-09-29T12:39:44.181+0000] {dag.py:3947} INFO - Setting next_dagrun for day25_kafka_orchestration to None, run_after=None
[2026-09-29T12:39:44.210+0000] {processor.py:183} INFO - Processing /opt/airflow/dags/day25_kafka_orchestration.py took 0.111 seconds
[2026-09-29T12:40:14.402+0000] {processor.py:161} INFO - Started process (PID=295) to work on /opt/airflow/dags/day25_kafka_orchestration.py
[2026-09-29T12:40:14.404+0000] {processor.py:830} INFO - Processing file /opt/airflow/dags/day25_kafka_orchestration.py for tasks to queue
[2026-09-29T12:40:14.406+0000] {logging_mixin.py:188} INFO - [2026-09-29T12:40:14.406+0000] {dagbag.py:545} INFO - Filling up the DagBag from /opt/airflow/dags/day25_kafka_orchestration.py
[2026-09-29T12:40:14.428+0000] {processor.py:840} INFO - DAG(s) 'day25_kafka_orchestration' retrieved from /opt/airflow/dags/day25_kafka_orchestration.py
[2026-09-29T12:40:14.454+0000] {logging_mixin.py:188} INFO - [2026-09-29T12:40:14.453+0000] {dag.py:3089} INFO - Sync 1 DAGs
[2026-09-29T12:40:14.466+0000] {logging_mixin.py:188} INFO - [2026-09-29T12:40:14.466+0000] {dag.py:3947} INFO - Setting next_dagrun for day25_kafka_orchestration to None, run_after=None
[2026-09-29T12:40:14.497+0000] {processor.py:183} INFO - Processing /opt/airflow/dags/day25_kafka_orchestration.py took 0.101 seconds
[2026-09-29T12:40:44.693+0000] {processor.py:161} INFO - Started process (PID=296) to work on /opt/airflow/dags/day25_kafka_orchestration.py
[2026-09-29T12:40:44.694+0000] {processor.py:830} INFO - Processing file /opt/airflow/dags/day25_kafka_orchestration.py for tasks to queue
[2026-09-29T12:40:44.697+0000] {logging_mixin.py:188} INFO - [2026-09-29T12:40:44.696+0000] {dagbag.py:545} INFO - Filling up the DagBag from /opt/airflow/dags/day25_kafka_orchestration.py
[2026-09-29T12:40:44.717+0000] {processor.py:840} INFO - DAG(s) 'day25_kafka_orchestration' retrieved from /opt/airflow/dags/day25_kafka_orchestration.py
[2026-09-29T12:40:44.743+0000] {logging_mixin.py:188} INFO - [2026-09-29T12:40:44.743+0000] {dag.py:3089} INFO - Sync 1 DAGs
[2026-09-29T12:40:44.761+0000] {logging_mixin.py:188} INFO - [2026-09-29T12:40:44.761+0000] {dag.py:3947} INFO - Setting next_dagrun for day25_kafka_orchestration to None, run_after=None
[2026-09-29T12:40:44.802+0000] {processor.py:183} INFO - Processing /opt/airflow/dags/day25_kafka_orchestration.py took 0.115 seconds
[2026-09-29T12:41:14.937+0000] {processor.py:161} INFO - Started process (PID=297) to work on /opt/airflow/dags/day25_kafka_orchestration.py
[2026-09-29T12:41:14.939+0000] {processor.py:830} INFO - Processing file /opt/airflow/dags/day25_kafka_orchestration.py for tasks to queue
[2026-09-29T12:41:14.946+0000] {logging_mixin.py:188} INFO - [2026-09-29T12:41:14.946+0000] {dagbag.py:545} INFO - Filling up the DagBag from /opt/airflow/dags/day25_kafka_orchestration.py
[2026-09-29T12:41:14.967+0000] {processor.py:840} INFO - DAG(s) 'day25_kafka_orchestration' retrieved from /opt/airflow/dags/day25_kafka_orchestration.py
[2026-09-29T12:41:14.997+0000] {logging_mixin.py:188} INFO - [2026-09-29T12:41:14.997+0000] {dag.py:3089} INFO - Sync 1 DAGs
[2026-09-29T12:41:15.011+0000] {logging_mixin.py:188} INFO - [2026-09-29T12:41:15.011+0000] {dag.py:3947} INFO - Setting next_dagrun for day25_kafka_orchestration to None, run_after=None
[2026-09-29T12:41:15.041+0000] {processor.py:183} INFO - Processing /opt/airflow/dags/day25_kafka_orchestration.py took 0.111 seconds
[2026-09-29T12:41:45.251+0000] {processor.py:161} INFO - Started process (PID=298) to work on /opt/airflow/dags/day25_kafka_orchestration.py
[2026-09-29T12:41:45.253+0000] {processor.py:830} INFO - Processing file /opt/airflow/dags/day25_kafka_orchestration.py for tasks to queue
[2026-09-29T12:41:45.259+0000] {logging_mixin.py:188} INFO - [2026-09-29T12:41:45.259+0000] {dagbag.py:545} INFO - Filling up the DagBag from /opt/airflow/dags/day25_kafka_orchestration.py
[2026-09-29T12:41:45.290+0000] {processor.py:840} INFO - DAG(s) 'day25_kafka_orchestration' retrieved from /opt/airflow/dags/day25_kafka_orchestration.py
[2026-09-29T12:41:45.322+0000] {logging_mixin.py:188} INFO - [2026-09-29T12:41:45.322+0000] {dag.py:3089} INFO - Sync 1 DAGs
[2026-09-29T12:41:45.343+0000] {logging_mixin.py:188} INFO - [2026-09-29T12:41:45.343+0000] {dag.py:3947} INFO - Setting next_dagrun for day25_kafka_orchestration to None, run_after=None
[2026-09-29T12:41:45.374+0000] {processor.py:183} INFO - Processing /opt/airflow/dags/day25_kafka_orchestration.py took 0.133 seconds
[2026-09-29T12:42:15.493+0000] {processor.py:161} INFO - Started process (PID=299) to work on /opt/airflow/dags/day25_kafka_orchestration.py
[2026-09-29T12:42:15.495+0000] {processor.py:830} INFO - Processing file /opt/airflow/dags/day25_kafka_orchestration.py for tasks to queue
[2026-09-29T12:42:15.498+0000] {logging_mixin.py:188} INFO - [2026-09-29T12:42:15.497+0000] {dagbag.py:545} INFO - Filling up the DagBag from /opt/airflow/dags/day25_kafka_orchestration.py
[2026-09-29T12:42:15.523+0000] {processor.py:840} INFO - DAG(s) 'day25_kafka_orchestration' retrieved from /opt/airflow/dags/day25_kafka_orchestration.py
[2026-09-29T12:42:15.558+0000] {logging_mixin.py:188} INFO - [2026-09-29T12:42:15.558+0000] {dag.py:3089} INFO - Sync 1 DAGs
[2026-09-29T12:42:15.583+0000] {logging_mixin.py:188} INFO - [2026-09-29T12:42:15.582+0000] {dag.py:3947} INFO - Setting next_dagrun for day25_kafka_orchestration to None, run_after=None
[2026-09-29T12:42:15.619+0000] {processor.py:183} INFO - Processing /opt/airflow/dags/day25_kafka_orchestration.py took 0.133 seconds
[2026-09-29T12:42:45.773+0000] {processor.py:161} INFO - Started process (PID=300) to work on /opt/airflow/dags/day25_kafka_orchestration.py
[2026-09-29T12:42:45.774+0000] {processor.py:830} INFO - Processing file /opt/airflow/dags/day25_kafka_orchestration.py for tasks to queue
[2026-09-29T12:42:45.777+0000] {logging_mixin.py:188} INFO - [2026-09-29T12:42:45.776+0000] {dagbag.py:545} INFO - Filling up the DagBag from /opt/airflow/dags/day25_kafka_orchestration.py
[2026-09-29T12:42:45.802+0000] {processor.py:840} INFO - DAG(s) 'day25_kafka_orchestration' retrieved from /opt/airflow/dags/day25_kafka_orchestration.py
[2026-09-29T12:42:45.836+0000] {logging_mixin.py:188} INFO - [2026-09-29T12:42:45.836+0000] {dag.py:3089} INFO - Sync 1 DAGs
[2026-09-29T12:42:45.865+0000] {logging_mixin.py:188} INFO - [2026-09-29T12:42:45.865+0000] {dag.py:3947} INFO - Setting next_dagrun for day25_kafka_orchestration to None, run_after=None
[2026-09-29T12:42:45.911+0000] {processor.py:183} INFO - Processing /opt/airflow/dags/day25_kafka_orchestration.py took 0.144 seconds
[2026-09-29T12:43:16.036+0000] {processor.py:161} INFO - Started process (PID=301) to work on /opt/airflow/dags/day25_kafka_orchestration.py
[2026-09-29T12:43:16.038+0000] {processor.py:830} INFO - Processing file /opt/airflow/dags/day25_kafka_orchestration.py for tasks to queue
[2026-09-29T12:43:16.040+0000] {logging_mixin.py:188} INFO - [2026-09-29T12:43:16.040+0000] {dagbag.py:545} INFO - Filling up the DagBag from /opt/airflow/dags/day25_kafka_orchestration.py
[2026-09-29T12:43:16.059+0000] {processor.py:840} INFO - DAG(s) 'day25_kafka_orchestration' retrieved from /opt/airflow/dags/day25_kafka_orchestration.py
[2026-09-29T12:43:16.083+0000] {logging_mixin.py:188} INFO - [2026-09-29T12:43:16.083+0000] {dag.py:3089} INFO - Sync 1 DAGs
[2026-09-29T12:43:16.096+0000] {logging_mixin.py:188} INFO - [2026-09-29T12:43:16.095+0000] {dag.py:3947} INFO - Setting next_dagrun for day25_kafka_orchestration to None, run_after=None
[2026-09-29T12:43:16.125+0000] {processor.py:183} INFO - Processing /opt/airflow/dags/day25_kafka_orchestration.py took 0.095 seconds
[2026-09-29T12:43:46.298+0000] {processor.py:161} INFO - Started process (PID=302) to work on /opt/airflow/dags/day25_kafka_orchestration.py
[2026-09-29T12:43:46.300+0000] {processor.py:830} INFO - Processing file /opt/airflow/dags/day25_kafka_orchestration.py for tasks to queue
[2026-09-29T12:43:46.302+0000] {logging_mixin.py:188} INFO - [2026-09-29T12:43:46.302+0000] {dagbag.py:545} INFO - Filling up the DagBag from /opt/airflow/dags/day25_kafka_orchestration.py
[2026-09-29T12:43:46.323+0000] {processor.py:840} INFO - DAG(s) 'day25_kafka_orchestration' retrieved from /opt/airflow/dags/day25_kafka_orchestration.py
[2026-09-29T12:43:46.346+0000] {logging_mixin.py:188} INFO - [2026-09-29T12:43:46.346+0000] {dag.py:3089} INFO - Sync 1 DAGs
[2026-09-29T12:43:46.357+0000] {logging_mixin.py:188} INFO - [2026-09-29T12:43:46.356+0000] {dag.py:3947} INFO - Setting next_dagrun for day25_kafka_orchestration to None, run_after=None
[2026-09-29T12:43:46.384+0000] {processor.py:183} INFO - Processing /opt/airflow/dags/day25_kafka_orchestration.py took 0.091 seconds
[2026-09-29T12:44:16.534+0000] {processor.py:161} INFO - Started process (PID=303) to work on /opt/airflow/dags/day25_kafka_orchestration.py
[2026-09-29T12:44:16.536+0000] {processor.py:830} INFO - Processing file /opt/airflow/dags/day25_kafka_orchestration.py for tasks to queue
[2026-09-29T12:44:16.540+0000] {logging_mixin.py:188} INFO - [2026-09-29T12:44:16.539+0000] {dagbag.py:545} INFO - Filling up the DagBag from /opt/airflow/dags/day25_kafka_orchestration.py
[2026-09-29T12:44:16.557+0000] {processor.py:840} INFO - DAG(s) 'day25_kafka_orchestration' retrieved from /opt/airflow/dags/day25_kafka_orchestration.py
[2026-09-29T12:44:16.580+0000] {logging_mixin.py:188} INFO - [2026-09-29T12:44:16.580+0000] {dag.py:3089} INFO - Sync 1 DAGs
[2026-09-29T12:44:16.591+0000] {logging_mixin.py:188} INFO - [2026-09-29T12:44:16.591+0000] {dag.py:3947} INFO - Setting next_dagrun for day25_kafka_orchestration to None, run_after=None
[2026-09-29T12:44:16.632+0000] {processor.py:183} INFO - Processing /opt/airflow/dags/day25_kafka_orchestration.py took 0.104 seconds
[2026-09-29T12:44:46.849+0000] {processor.py:161} INFO - Started process (PID=304) to work on /opt/airflow/dags/day25_kafka_orchestration.py
[2026-09-29T12:44:46.850+0000] {processor.py:830} INFO - Processing file /opt/airflow/dags/day25_kafka_orchestration.py for tasks to queue
[2026-09-29T12:44:46.852+0000] {logging_mixin.py:188} INFO - [2026-09-29T12:44:46.852+0000] {dagbag.py:545} INFO - Filling up the DagBag from /opt/airflow/dags/day25_kafka_orchestration.py
[2026-09-29T12:44:46.869+0000] {processor.py:840} INFO - DAG(s) 'day25_kafka_orchestration' retrieved from /opt/airflow/dags/day25_kafka_orchestration.py
[2026-09-29T12:44:46.912+0000] {logging_mixin.py:188} INFO - [2026-09-29T12:44:46.912+0000] {dag.py:3089} INFO - Sync 1 DAGs
[2026-09-29T12:44:46.937+0000] {logging_mixin.py:188} INFO - [2026-09-29T12:44:46.937+0000] {dag.py:3947} INFO - Setting next_dagrun for day25_kafka_orchestration to None, run_after=None
[2026-09-29T12:44:46.967+0000] {processor.py:183} INFO - Processing /opt/airflow/dags/day25_kafka_orchestration.py took 0.124 seconds
[2026-09-29T12:45:17.099+0000] {processor.py:161} INFO - Started process (PID=305) to work on /opt/airflow/dags/day25_kafka_orchestration.py
[2026-09-29T12:45:17.100+0000] {processor.py:830} INFO - Processing file /opt/airflow/dags/day25_kafka_orchestration.py for tasks to queue
[2026-09-29T12:45:17.102+0000] {logging_mixin.py:188} INFO - [2026-09-29T12:45:17.102+0000] {dagbag.py:545} INFO - Filling up the DagBag from /opt/airflow/dags/day25_kafka_orchestration.py
[2026-09-29T12:45:17.120+0000] {processor.py:840} INFO - DAG(s) 'day25_kafka_orchestration' retrieved from /opt/airflow/dags/day25_kafka_orchestration.py
[2026-09-29T12:45:17.142+0000] {logging_mixin.py:188} INFO - [2026-09-29T12:45:17.142+0000] {dag.py:3089} INFO - Sync 1 DAGs
[2026-09-29T12:45:17.154+0000] {logging_mixin.py:188} INFO - [2026-09-29T12:45:17.154+0000] {dag.py:3947} INFO - Setting next_dagrun for day25_kafka_orchestration to None, run_after=None
[2026-09-29T12:45:17.182+0000] {processor.py:183} INFO - Processing /opt/airflow/dags/day25_kafka_orchestration.py took 0.088 seconds
[2026-09-29T12:45:47.437+0000] {processor.py:161} INFO - Started process (PID=306) to work on /opt/airflow/dags/day25_kafka_orchestration.py
[2026-09-29T12:45:47.439+0000] {processor.py:830} INFO - Processing file /opt/airflow/dags/day25_kafka_orchestration.py for tasks to queue
[2026-09-29T12:45:47.442+0000] {logging_mixin.py:188} INFO - [2026-09-29T12:45:47.442+0000] {dagbag.py:545} INFO - Filling up the DagBag from /opt/airflow/dags/day25_kafka_orchestration.py
[2026-09-29T12:45:47.463+0000] {processor.py:840} INFO - DAG(s) 'day25_kafka_orchestration' retrieved from /opt/airflow/dags/day25_kafka_orchestration.py
[2026-09-29T12:45:47.487+0000] {logging_mixin.py:188} INFO - [2026-09-29T12:45:47.487+0000] {dag.py:3089} INFO - Sync 1 DAGs
[2026-09-29T12:45:47.499+0000] {logging_mixin.py:188} INFO - [2026-09-29T12:45:47.499+0000] {dag.py:3947} INFO - Setting next_dagrun for day25_kafka_orchestration to None, run_after=None
[2026-09-29T12:45:47.527+0000] {processor.py:183} INFO - Processing /opt/airflow/dags/day25_kafka_orchestration.py took 0.095 seconds
[2026-09-29T12:46:17.688+0000] {processor.py:161} INFO - Started process (PID=307) to work on /opt/airflow/dags/day25_kafka_orchestration.py
[2026-09-29T12:46:17.690+0000] {processor.py:830} INFO - Processing file /opt/airflow/dags/day25_kafka_orchestration.py for tasks to queue
[2026-09-29T12:46:17.693+0000] {logging_mixin.py:188} INFO - [2026-09-29T12:46:17.692+0000] {dagbag.py:545} INFO - Filling up the DagBag from /opt/airflow/dags/day25_kafka_orchestration.py
[2026-09-29T12:46:17.716+0000] {processor.py:840} INFO - DAG(s) 'day25_kafka_orchestration' retrieved from /opt/airflow/dags/day25_kafka_orchestration.py
[2026-09-29T12:46:17.741+0000] {logging_mixin.py:188} INFO - [2026-09-29T12:46:17.740+0000] {dag.py:3089} INFO - Sync 1 DAGs
[2026-09-29T12:46:17.753+0000] {logging_mixin.py:188} INFO - [2026-09-29T12:46:17.753+0000] {dag.py:3947} INFO - Setting next_dagrun for day25_kafka_orchestration to None, run_after=None
[2026-09-29T12:46:17.783+0000] {processor.py:183} INFO - Processing /opt/airflow/dags/day25_kafka_orchestration.py took 0.101 seconds
[2026-09-29T12:46:47.948+0000] {processor.py:161} INFO - Started process (PID=308) to work on /opt/airflow/dags/day25_kafka_orchestration.py
[2026-09-29T12:46:47.950+0000] {processor.py:830} INFO - Processing file /opt/airflow/dags/day25_kafka_orchestration.py for tasks to queue
[2026-09-29T12:46:47.953+0000] {logging_mixin.py:188} INFO - [2026-09-29T12:46:47.952+0000] {dagbag.py:545} INFO - Filling up the DagBag from /opt/airflow/dags/day25_kafka_orchestration.py
[2026-09-29T12:46:47.978+0000] {processor.py:840} INFO - DAG(s) 'day25_kafka_orchestration' retrieved from /opt/airflow/dags/day25_kafka_orchestration.py
[2026-09-29T12:46:48.004+0000] {logging_mixin.py:188} INFO - [2026-09-29T12:46:48.004+0000] {dag.py:3089} INFO - Sync 1 DAGs
[2026-09-29T12:46:48.018+0000] {logging_mixin.py:188} INFO - [2026-09-29T12:46:48.018+0000] {dag.py:3947} INFO - Setting next_dagrun for day25_kafka_orchestration to None, run_after=None
[2026-09-29T12:46:48.051+0000] {processor.py:183} INFO - Processing /opt/airflow/dags/day25_kafka_orchestration.py took 0.109 seconds
[2026-09-29T12:47:18.263+0000] {processor.py:161} INFO - Started process (PID=309) to work on /opt/airflow/dags/day25_kafka_orchestration.py
[2026-09-29T12:47:18.265+0000] {processor.py:830} INFO - Processing file /opt/airflow/dags/day25_kafka_orchestration.py for tasks to queue
[2026-09-29T12:47:18.269+0000] {logging_mixin.py:188} INFO - [2026-09-29T12:47:18.268+0000] {dagbag.py:545} INFO - Filling up the DagBag from /opt/airflow/dags/day25_kafka_orchestration.py
[2026-09-29T12:47:18.296+0000] {processor.py:840} INFO - DAG(s) 'day25_kafka_orchestration' retrieved from /opt/airflow/dags/day25_kafka_orchestration.py
[2026-09-29T12:47:18.364+0000] {logging_mixin.py:188} INFO - [2026-09-29T12:47:18.364+0000] {dag.py:3089} INFO - Sync 1 DAGs
[2026-09-29T12:47:18.380+0000] {logging_mixin.py:188} INFO - [2026-09-29T12:47:18.379+0000] {dag.py:3947} INFO - Setting next_dagrun for day25_kafka_orchestration to None, run_after=None
[2026-09-29T12:47:18.411+0000] {processor.py:183} INFO - Processing /opt/airflow/dags/day25_kafka_orchestration.py took 0.156 seconds
[2026-09-29T12:47:48.567+0000] {processor.py:161} INFO - Started process (PID=310) to work on /opt/airflow/dags/day25_kafka_orchestration.py
[2026-09-29T12:47:48.569+0000] {processor.py:830} INFO - Processing file /opt/airflow/dags/day25_kafka_orchestration.py for tasks to queue
[2026-09-29T12:47:48.573+0000] {logging_mixin.py:188} INFO - [2026-09-29T12:47:48.572+0000] {dagbag.py:545} INFO - Filling up the DagBag from /opt/airflow/dags/day25_kafka_orchestration.py
[2026-09-29T12:47:48.599+0000] {processor.py:840} INFO - DAG(s) 'day25_kafka_orchestration' retrieved from /opt/airflow/dags/day25_kafka_orchestration.py
[2026-09-29T12:47:48.679+0000] {logging_mixin.py:188} INFO - [2026-09-29T12:47:48.678+0000] {dag.py:3089} INFO - Sync 1 DAGs
[2026-09-29T12:47:48.729+0000] {logging_mixin.py:188} INFO - [2026-09-29T12:47:48.729+0000] {dag.py:3947} INFO - Setting next_dagrun for day25_kafka_orchestration to None, run_after=None
[2026-09-29T12:47:48.786+0000] {processor.py:183} INFO - Processing /opt/airflow/dags/day25_kafka_orchestration.py took 0.227 seconds
[2026-09-29T12:48:19.779+0000] {processor.py:161} INFO - Started process (PID=311) to work on /opt/airflow/dags/day25_kafka_orchestration.py
[2026-09-29T12:48:19.783+0000] {processor.py:830} INFO - Processing file /opt/airflow/dags/day25_kafka_orchestration.py for tasks to queue
[2026-09-29T12:48:19.793+0000] {logging_mixin.py:188} INFO - [2026-09-29T12:48:19.791+0000] {dagbag.py:545} INFO - Filling up the DagBag from /opt/airflow/dags/day25_kafka_orchestration.py
[2026-09-29T12:48:19.846+0000] {processor.py:840} INFO - DAG(s) 'day25_kafka_orchestration' retrieved from /opt/airflow/dags/day25_kafka_orchestration.py
[2026-09-29T12:48:19.933+0000] {logging_mixin.py:188} INFO - [2026-09-29T12:48:19.933+0000] {dag.py:3089} INFO - Sync 1 DAGs
[2026-09-29T12:48:19.970+0000] {logging_mixin.py:188} INFO - [2026-09-29T12:48:19.970+0000] {dag.py:3947} INFO - Setting next_dagrun for day25_kafka_orchestration to None, run_after=None
[2026-09-29T12:48:20.020+0000] {processor.py:183} INFO - Processing /opt/airflow/dags/day25_kafka_orchestration.py took 0.261 seconds
[2026-09-29T12:48:50.953+0000] {processor.py:161} INFO - Started process (PID=312) to work on /opt/airflow/dags/day25_kafka_orchestration.py
[2026-09-29T12:48:50.957+0000] {processor.py:830} INFO - Processing file /opt/airflow/dags/day25_kafka_orchestration.py for tasks to queue
[2026-09-29T12:48:50.964+0000] {logging_mixin.py:188} INFO - [2026-09-29T12:48:50.963+0000] {dagbag.py:545} INFO - Filling up the DagBag from /opt/airflow/dags/day25_kafka_orchestration.py
[2026-09-29T12:48:50.998+0000] {processor.py:840} INFO - DAG(s) 'day25_kafka_orchestration' retrieved from /opt/airflow/dags/day25_kafka_orchestration.py
[2026-09-29T12:48:51.029+0000] {logging_mixin.py:188} INFO - [2026-09-29T12:48:51.029+0000] {dag.py:3089} INFO - Sync 1 DAGs
[2026-09-29T12:48:51.044+0000] {logging_mixin.py:188} INFO - [2026-09-29T12:48:51.043+0000] {dag.py:3947} INFO - Setting next_dagrun for day25_kafka_orchestration to None, run_after=None
[2026-09-29T12:48:51.083+0000] {processor.py:183} INFO - Processing /opt/airflow/dags/day25_kafka_orchestration.py took 0.145 seconds
[2026-09-29T12:49:21.263+0000] {processor.py:161} INFO - Started process (PID=313) to work on /opt/airflow/dags/day25_kafka_orchestration.py
[2026-09-29T12:49:21.265+0000] {processor.py:830} INFO - Processing file /opt/airflow/dags/day25_kafka_orchestration.py for tasks to queue
[2026-09-29T12:49:21.267+0000] {logging_mixin.py:188} INFO - [2026-09-29T12:49:21.267+0000] {dagbag.py:545} INFO - Filling up the DagBag from /opt/airflow/dags/day25_kafka_orchestration.py
[2026-09-29T12:49:21.290+0000] {processor.py:840} INFO - DAG(s) 'day25_kafka_orchestration' retrieved from /opt/airflow/dags/day25_kafka_orchestration.py
[2026-09-29T12:49:21.317+0000] {logging_mixin.py:188} INFO - [2026-09-29T12:49:21.316+0000] {dag.py:3089} INFO - Sync 1 DAGs
[2026-09-29T12:49:21.331+0000] {logging_mixin.py:188} INFO - [2026-09-29T12:49:21.330+0000] {dag.py:3947} INFO - Setting next_dagrun for day25_kafka_orchestration to None, run_after=None
[2026-09-29T12:49:21.359+0000] {processor.py:183} INFO - Processing /opt/airflow/dags/day25_kafka_orchestration.py took 0.102 seconds
[2026-09-29T12:49:51.497+0000] {processor.py:161} INFO - Started process (PID=314) to work on /opt/airflow/dags/day25_kafka_orchestration.py
[2026-09-29T12:49:51.499+0000] {processor.py:830} INFO - Processing file /opt/airflow/dags/day25_kafka_orchestration.py for tasks to queue
[2026-09-29T12:49:51.502+0000] {logging_mixin.py:188} INFO - [2026-09-29T12:49:51.501+0000] {dagbag.py:545} INFO - Filling up the DagBag from /opt/airflow/dags/day25_kafka_orchestration.py
[2026-09-29T12:49:51.524+0000] {processor.py:840} INFO - DAG(s) 'day25_kafka_orchestration' retrieved from /opt/airflow/dags/day25_kafka_orchestration.py
[2026-09-29T12:49:51.573+0000] {logging_mixin.py:188} INFO - [2026-09-29T12:49:51.573+0000] {dag.py:3089} INFO - Sync 1 DAGs
[2026-09-29T12:49:51.605+0000] {logging_mixin.py:188} INFO - [2026-09-29T12:49:51.604+0000] {dag.py:3947} INFO - Setting next_dagrun for day25_kafka_orchestration to None, run_after=None
[2026-09-29T12:49:51.665+0000] {processor.py:183} INFO - Processing /opt/airflow/dags/day25_kafka_orchestration.py took 0.176 seconds
[2026-09-29T12:50:21.771+0000] {processor.py:161} INFO - Started process (PID=315) to work on /opt/airflow/dags/day25_kafka_orchestration.py
[2026-09-29T12:50:21.773+0000] {processor.py:830} INFO - Processing file /opt/airflow/dags/day25_kafka_orchestration.py for tasks to queue
[2026-09-29T12:50:21.776+0000] {logging_mixin.py:188} INFO - [2026-09-29T12:50:21.775+0000] {dagbag.py:545} INFO - Filling up the DagBag from /opt/airflow/dags/day25_kafka_orchestration.py
[2026-09-29T12:50:21.798+0000] {processor.py:840} INFO - DAG(s) 'day25_kafka_orchestration' retrieved from /opt/airflow/dags/day25_kafka_orchestration.py
[2026-09-29T12:50:21.827+0000] {logging_mixin.py:188} INFO - [2026-09-29T12:50:21.827+0000] {dag.py:3089} INFO - Sync 1 DAGs
[2026-09-29T12:50:21.840+0000] {logging_mixin.py:188} INFO - [2026-09-29T12:50:21.839+0000] {dag.py:3947} INFO - Setting next_dagrun for day25_kafka_orchestration to None, run_after=None
[2026-09-29T12:50:21.869+0000] {processor.py:183} INFO - Processing /opt/airflow/dags/day25_kafka_orchestration.py took 0.104 seconds
[2026-09-29T12:50:52.045+0000] {processor.py:161} INFO - Started process (PID=316) to work on /opt/airflow/dags/day25_kafka_orchestration.py
[2026-09-29T12:50:52.047+0000] {processor.py:830} INFO - Processing file /opt/airflow/dags/day25_kafka_orchestration.py for tasks to queue
[2026-09-29T12:50:52.049+0000] {logging_mixin.py:188} INFO - [2026-09-29T12:50:52.049+0000] {dagbag.py:545} INFO - Filling up the DagBag from /opt/airflow/dags/day25_kafka_orchestration.py
[2026-09-29T12:50:52.071+0000] {processor.py:840} INFO - DAG(s) 'day25_kafka_orchestration' retrieved from /opt/airflow/dags/day25_kafka_orchestration.py
[2026-09-29T12:50:52.096+0000] {logging_mixin.py:188} INFO - [2026-09-29T12:50:52.095+0000] {dag.py:3089} INFO - Sync 1 DAGs
[2026-09-29T12:50:52.107+0000] {logging_mixin.py:188} INFO - [2026-09-29T12:50:52.107+0000] {dag.py:3947} INFO - Setting next_dagrun for day25_kafka_orchestration to None, run_after=None
[2026-09-29T12:50:52.135+0000] {processor.py:183} INFO - Processing /opt/airflow/dags/day25_kafka_orchestration.py took 0.095 seconds
[2026-09-29T12:51:22.316+0000] {processor.py:161} INFO - Started process (PID=317) to work on /opt/airflow/dags/day25_kafka_orchestration.py
[2026-09-29T12:51:22.318+0000] {processor.py:830} INFO - Processing file /opt/airflow/dags/day25_kafka_orchestration.py for tasks to queue
[2026-09-29T12:51:22.320+0000] {logging_mixin.py:188} INFO - [2026-09-29T12:51:22.320+0000] {dagbag.py:545} INFO - Filling up the DagBag from /opt/airflow/dags/day25_kafka_orchestration.py
[2026-09-29T12:51:22.342+0000] {processor.py:840} INFO - DAG(s) 'day25_kafka_orchestration' retrieved from /opt/airflow/dags/day25_kafka_orchestration.py
[2026-09-29T12:51:22.369+0000] {logging_mixin.py:188} INFO - [2026-09-29T12:51:22.368+0000] {dag.py:3089} INFO - Sync 1 DAGs
[2026-09-29T12:51:22.380+0000] {logging_mixin.py:188} INFO - [2026-09-29T12:51:22.380+0000] {dag.py:3947} INFO - Setting next_dagrun for day25_kafka_orchestration to None, run_after=None
[2026-09-29T12:51:22.407+0000] {processor.py:183} INFO - Processing /opt/airflow/dags/day25_kafka_orchestration.py took 0.096 seconds
[2026-09-29T12:51:52.575+0000] {processor.py:161} INFO - Started process (PID=318) to work on /opt/airflow/dags/day25_kafka_orchestration.py
[2026-09-29T12:51:52.577+0000] {processor.py:830} INFO - Processing file /opt/airflow/dags/day25_kafka_orchestration.py for tasks to queue
[2026-09-29T12:51:52.580+0000] {logging_mixin.py:188} INFO - [2026-09-29T12:51:52.579+0000] {dagbag.py:545} INFO - Filling up the DagBag from /opt/airflow/dags/day25_kafka_orchestration.py
[2026-09-29T12:51:52.598+0000] {processor.py:840} INFO - DAG(s) 'day25_kafka_orchestration' retrieved from /opt/airflow/dags/day25_kafka_orchestration.py
[2026-09-29T12:51:52.621+0000] {logging_mixin.py:188} INFO - [2026-09-29T12:51:52.621+0000] {dag.py:3089} INFO - Sync 1 DAGs
[2026-09-29T12:51:52.637+0000] {logging_mixin.py:188} INFO - [2026-09-29T12:51:52.636+0000] {dag.py:3947} INFO - Setting next_dagrun for day25_kafka_orchestration to None, run_after=None
[2026-09-29T12:51:52.672+0000] {processor.py:183} INFO - Processing /opt/airflow/dags/day25_kafka_orchestration.py took 0.102 seconds
[2026-09-29T12:52:22.887+0000] {processor.py:161} INFO - Started process (PID=319) to work on /opt/airflow/dags/day25_kafka_orchestration.py
[2026-09-29T12:52:22.889+0000] {processor.py:830} INFO - Processing file /opt/airflow/dags/day25_kafka_orchestration.py for tasks to queue
[2026-09-29T12:52:22.893+0000] {logging_mixin.py:188} INFO - [2026-09-29T12:52:22.892+0000] {dagbag.py:545} INFO - Filling up the DagBag from /opt/airflow/dags/day25_kafka_orchestration.py
[2026-09-29T12:52:22.915+0000] {processor.py:840} INFO - DAG(s) 'day25_kafka_orchestration' retrieved from /opt/airflow/dags/day25_kafka_orchestration.py
[2026-09-29T12:52:23.012+0000] {logging_mixin.py:188} INFO - [2026-09-29T12:52:23.012+0000] {dag.py:3089} INFO - Sync 1 DAGs
[2026-09-29T12:52:23.040+0000] {logging_mixin.py:188} INFO - [2026-09-29T12:52:23.040+0000] {dag.py:3947} INFO - Setting next_dagrun for day25_kafka_orchestration to None, run_after=None
[2026-09-29T12:52:23.084+0000] {processor.py:183} INFO - Processing /opt/airflow/dags/day25_kafka_orchestration.py took 0.220 seconds
[2026-09-29T12:52:53.271+0000] {processor.py:161} INFO - Started process (PID=320) to work on /opt/airflow/dags/day25_kafka_orchestration.py
[2026-09-29T12:52:53.272+0000] {processor.py:830} INFO - Processing file /opt/airflow/dags/day25_kafka_orchestration.py for tasks to queue
[2026-09-29T12:52:53.275+0000] {logging_mixin.py:188} INFO - [2026-09-29T12:52:53.275+0000] {dagbag.py:545} INFO - Filling up the DagBag from /opt/airflow/dags/day25_kafka_orchestration.py
[2026-09-29T12:52:53.298+0000] {processor.py:840} INFO - DAG(s) 'day25_kafka_orchestration' retrieved from /opt/airflow/dags/day25_kafka_orchestration.py
[2026-09-29T12:52:53.327+0000] {logging_mixin.py:188} INFO - [2026-09-29T12:52:53.326+0000] {dag.py:3089} INFO - Sync 1 DAGs
[2026-09-29T12:52:53.340+0000] {logging_mixin.py:188} INFO - [2026-09-29T12:52:53.340+0000] {dag.py:3947} INFO - Setting next_dagrun for day25_kafka_orchestration to None, run_after=None
[2026-09-29T12:52:53.387+0000] {processor.py:183} INFO - Processing /opt/airflow/dags/day25_kafka_orchestration.py took 0.122 seconds
[2026-09-29T12:53:23.583+0000] {processor.py:161} INFO - Started process (PID=321) to work on /opt/airflow/dags/day25_kafka_orchestration.py
[2026-09-29T12:53:23.585+0000] {processor.py:830} INFO - Processing file /opt/airflow/dags/day25_kafka_orchestration.py for tasks to queue
[2026-09-29T12:53:23.587+0000] {logging_mixin.py:188} INFO - [2026-09-29T12:53:23.587+0000] {dagbag.py:545} INFO - Filling up the DagBag from /opt/airflow/dags/day25_kafka_orchestration.py
[2026-09-29T12:53:23.608+0000] {processor.py:840} INFO - DAG(s) 'day25_kafka_orchestration' retrieved from /opt/airflow/dags/day25_kafka_orchestration.py
[2026-09-29T12:53:23.646+0000] {logging_mixin.py:188} INFO - [2026-09-29T12:53:23.646+0000] {dag.py:3089} INFO - Sync 1 DAGs
[2026-09-29T12:53:23.660+0000] {logging_mixin.py:188} INFO - [2026-09-29T12:53:23.659+0000] {dag.py:3947} INFO - Setting next_dagrun for day25_kafka_orchestration to None, run_after=None
[2026-09-29T12:53:23.693+0000] {processor.py:183} INFO - Processing /opt/airflow/dags/day25_kafka_orchestration.py took 0.115 seconds
[2026-09-29T12:53:53.884+0000] {processor.py:161} INFO - Started process (PID=322) to work on /opt/airflow/dags/day25_kafka_orchestration.py
[2026-09-29T12:53:53.886+0000] {processor.py:830} INFO - Processing file /opt/airflow/dags/day25_kafka_orchestration.py for tasks to queue
[2026-09-29T12:53:53.888+0000] {logging_mixin.py:188} INFO - [2026-09-29T12:53:53.888+0000] {dagbag.py:545} INFO - Filling up the DagBag from /opt/airflow/dags/day25_kafka_orchestration.py
[2026-09-29T12:53:53.913+0000] {processor.py:840} INFO - DAG(s) 'day25_kafka_orchestration' retrieved from /opt/airflow/dags/day25_kafka_orchestration.py
[2026-09-29T12:53:53.939+0000] {logging_mixin.py:188} INFO - [2026-09-29T12:53:53.939+0000] {dag.py:3089} INFO - Sync 1 DAGs
[2026-09-29T12:53:53.952+0000] {logging_mixin.py:188} INFO - [2026-09-29T12:53:53.952+0000] {dag.py:3947} INFO - Setting next_dagrun for day25_kafka_orchestration to None, run_after=None
[2026-09-29T12:53:53.983+0000] {processor.py:183} INFO - Processing /opt/airflow/dags/day25_kafka_orchestration.py took 0.104 seconds
[2026-09-29T12:54:24.198+0000] {processor.py:161} INFO - Started process (PID=323) to work on /opt/airflow/dags/day25_kafka_orchestration.py
[2026-09-29T12:54:24.200+0000] {processor.py:830} INFO - Processing file /opt/airflow/dags/day25_kafka_orchestration.py for tasks to queue
[2026-09-29T12:54:24.203+0000] {logging_mixin.py:188} INFO - [2026-09-29T12:54:24.202+0000] {dagbag.py:545} INFO - Filling up the DagBag from /opt/airflow/dags/day25_kafka_orchestration.py
[2026-09-29T12:54:24.222+0000] {processor.py:840} INFO - DAG(s) 'day25_kafka_orchestration' retrieved from /opt/airflow/dags/day25_kafka_orchestration.py
[2026-09-29T12:54:24.265+0000] {logging_mixin.py:188} INFO - [2026-09-29T12:54:24.265+0000] {dag.py:3089} INFO - Sync 1 DAGs
[2026-09-29T12:54:24.299+0000] {logging_mixin.py:188} INFO - [2026-09-29T12:54:24.299+0000] {dag.py:3947} INFO - Setting next_dagrun for day25_kafka_orchestration to None, run_after=None
[2026-09-29T12:54:24.330+0000] {processor.py:183} INFO - Processing /opt/airflow/dags/day25_kafka_orchestration.py took 0.138 seconds
[2026-09-29T12:54:54.499+0000] {processor.py:161} INFO - Started process (PID=324) to work on /opt/airflow/dags/day25_kafka_orchestration.py
[2026-09-29T12:54:54.501+0000] {processor.py:830} INFO - Processing file /opt/airflow/dags/day25_kafka_orchestration.py for tasks to queue
[2026-09-29T12:54:54.504+0000] {logging_mixin.py:188} INFO - [2026-09-29T12:54:54.504+0000] {dagbag.py:545} INFO - Filling up the DagBag from /opt/airflow/dags/day25_kafka_orchestration.py
[2026-09-29T12:54:54.526+0000] {processor.py:840} INFO - DAG(s) 'day25_kafka_orchestration' retrieved from /opt/airflow/dags/day25_kafka_orchestration.py
[2026-09-29T12:54:54.555+0000] {logging_mixin.py:188} INFO - [2026-09-29T12:54:54.555+0000] {dag.py:3089} INFO - Sync 1 DAGs
[2026-09-29T12:54:54.569+0000] {logging_mixin.py:188} INFO - [2026-09-29T12:54:54.569+0000] {dag.py:3947} INFO - Setting next_dagrun for day25_kafka_orchestration to None, run_after=None
[2026-09-29T12:54:54.599+0000] {processor.py:183} INFO - Processing /opt/airflow/dags/day25_kafka_orchestration.py took 0.106 seconds
[2026-09-29T12:55:24.795+0000] {processor.py:161} INFO - Started process (PID=325) to work on /opt/airflow/dags/day25_kafka_orchestration.py
[2026-09-29T12:55:24.796+0000] {processor.py:830} INFO - Processing file /opt/airflow/dags/day25_kafka_orchestration.py for tasks to queue
[2026-09-29T12:55:24.798+0000] {logging_mixin.py:188} INFO - [2026-09-29T12:55:24.798+0000] {dagbag.py:545} INFO - Filling up the DagBag from /opt/airflow/dags/day25_kafka_orchestration.py
[2026-09-29T12:55:24.819+0000] {processor.py:840} INFO - DAG(s) 'day25_kafka_orchestration' retrieved from /opt/airflow/dags/day25_kafka_orchestration.py
[2026-09-29T12:55:24.915+0000] {logging_mixin.py:188} INFO - [2026-09-29T12:55:24.915+0000] {dag.py:3089} INFO - Sync 1 DAGs
[2026-09-29T12:55:24.947+0000] {logging_mixin.py:188} INFO - [2026-09-29T12:55:24.946+0000] {dag.py:3947} INFO - Setting next_dagrun for day25_kafka_orchestration to None, run_after=None
[2026-09-29T12:55:25.012+0000] {processor.py:183} INFO - Processing /opt/airflow/dags/day25_kafka_orchestration.py took 0.223 seconds
[2026-09-29T12:55:55.208+0000] {processor.py:161} INFO - Started process (PID=326) to work on /opt/airflow/dags/day25_kafka_orchestration.py
[2026-09-29T12:55:55.210+0000] {processor.py:830} INFO - Processing file /opt/airflow/dags/day25_kafka_orchestration.py for tasks to queue
[2026-09-29T12:55:55.213+0000] {logging_mixin.py:188} INFO - [2026-09-29T12:55:55.213+0000] {dagbag.py:545} INFO - Filling up the DagBag from /opt/airflow/dags/day25_kafka_orchestration.py
[2026-09-29T12:55:55.234+0000] {processor.py:840} INFO - DAG(s) 'day25_kafka_orchestration' retrieved from /opt/airflow/dags/day25_kafka_orchestration.py
[2026-09-29T12:55:55.265+0000] {logging_mixin.py:188} INFO - [2026-09-29T12:55:55.265+0000] {dag.py:3089} INFO - Sync 1 DAGs
[2026-09-29T12:55:55.279+0000] {logging_mixin.py:188} INFO - [2026-09-29T12:55:55.279+0000] {dag.py:3947} INFO - Setting next_dagrun for day25_kafka_orchestration to None, run_after=None
[2026-09-29T12:55:55.309+0000] {processor.py:183} INFO - Processing /opt/airflow/dags/day25_kafka_orchestration.py took 0.106 seconds
[2026-09-29T12:56:25.498+0000] {processor.py:161} INFO - Started process (PID=327) to work on /opt/airflow/dags/day25_kafka_orchestration.py
[2026-09-29T12:56:25.500+0000] {processor.py:830} INFO - Processing file /opt/airflow/dags/day25_kafka_orchestration.py for tasks to queue
[2026-09-29T12:56:25.503+0000] {logging_mixin.py:188} INFO - [2026-09-29T12:56:25.502+0000] {dagbag.py:545} INFO - Filling up the DagBag from /opt/airflow/dags/day25_kafka_orchestration.py
[2026-09-29T12:56:25.524+0000] {processor.py:840} INFO - DAG(s) 'day25_kafka_orchestration' retrieved from /opt/airflow/dags/day25_kafka_orchestration.py
[2026-09-29T12:56:25.550+0000] {logging_mixin.py:188} INFO - [2026-09-29T12:56:25.549+0000] {dag.py:3089} INFO - Sync 1 DAGs
[2026-09-29T12:56:25.561+0000] {logging_mixin.py:188} INFO - [2026-09-29T12:56:25.561+0000] {dag.py:3947} INFO - Setting next_dagrun for day25_kafka_orchestration to None, run_after=None
[2026-09-29T12:56:25.590+0000] {processor.py:183} INFO - Processing /opt/airflow/dags/day25_kafka_orchestration.py took 0.098 seconds
[2026-09-29T12:56:55.847+0000] {processor.py:161} INFO - Started process (PID=328) to work on /opt/airflow/dags/day25_kafka_orchestration.py
[2026-09-29T12:56:55.857+0000] {processor.py:830} INFO - Processing file /opt/airflow/dags/day25_kafka_orchestration.py for tasks to queue
[2026-09-29T12:56:55.867+0000] {logging_mixin.py:188} INFO - [2026-09-29T12:56:55.866+0000] {dagbag.py:545} INFO - Filling up the DagBag from /opt/airflow/dags/day25_kafka_orchestration.py
[2026-09-29T12:56:55.934+0000] {processor.py:840} INFO - DAG(s) 'day25_kafka_orchestration' retrieved from /opt/airflow/dags/day25_kafka_orchestration.py
[2026-09-29T12:56:56.038+0000] {logging_mixin.py:188} INFO - [2026-09-29T12:56:56.037+0000] {dag.py:3089} INFO - Sync 1 DAGs
[2026-09-29T12:56:56.064+0000] {logging_mixin.py:188} INFO - [2026-09-29T12:56:56.064+0000] {dag.py:3947} INFO - Setting next_dagrun for day25_kafka_orchestration to None, run_after=None
[2026-09-29T12:56:56.105+0000] {processor.py:183} INFO - Processing /opt/airflow/dags/day25_kafka_orchestration.py took 0.283 seconds
[2026-09-29T12:57:26.320+0000] {processor.py:161} INFO - Started process (PID=329) to work on /opt/airflow/dags/day25_kafka_orchestration.py
[2026-09-29T12:57:26.321+0000] {processor.py:830} INFO - Processing file /opt/airflow/dags/day25_kafka_orchestration.py for tasks to queue
[2026-09-29T12:57:26.324+0000] {logging_mixin.py:188} INFO - [2026-09-29T12:57:26.323+0000] {dagbag.py:545} INFO - Filling up the DagBag from /opt/airflow/dags/day25_kafka_orchestration.py
[2026-09-29T12:57:26.349+0000] {processor.py:840} INFO - DAG(s) 'day25_kafka_orchestration' retrieved from /opt/airflow/dags/day25_kafka_orchestration.py
[2026-09-29T12:57:26.447+0000] {logging_mixin.py:188} INFO - [2026-09-29T12:57:26.447+0000] {dag.py:3089} INFO - Sync 1 DAGs
[2026-09-29T12:57:26.502+0000] {logging_mixin.py:188} INFO - [2026-09-29T12:57:26.502+0000] {dag.py:3947} INFO - Setting next_dagrun for day25_kafka_orchestration to None, run_after=None
[2026-09-29T12:57:26.543+0000] {processor.py:183} INFO - Processing /opt/airflow/dags/day25_kafka_orchestration.py took 0.228 seconds
[2026-09-29T12:57:56.750+0000] {processor.py:161} INFO - Started process (PID=330) to work on /opt/airflow/dags/day25_kafka_orchestration.py
[2026-09-29T12:57:56.753+0000] {processor.py:830} INFO - Processing file /opt/airflow/dags/day25_kafka_orchestration.py for tasks to queue
[2026-09-29T12:57:56.758+0000] {logging_mixin.py:188} INFO - [2026-09-29T12:57:56.757+0000] {dagbag.py:545} INFO - Filling up the DagBag from /opt/airflow/dags/day25_kafka_orchestration.py
[2026-09-29T12:57:56.787+0000] {processor.py:840} INFO - DAG(s) 'day25_kafka_orchestration' retrieved from /opt/airflow/dags/day25_kafka_orchestration.py
[2026-09-29T12:57:56.847+0000] {logging_mixin.py:188} INFO - [2026-09-29T12:57:56.847+0000] {dag.py:3089} INFO - Sync 1 DAGs
[2026-09-29T12:57:56.862+0000] {logging_mixin.py:188} INFO - [2026-09-29T12:57:56.862+0000] {dag.py:3947} INFO - Setting next_dagrun for day25_kafka_orchestration to None, run_after=None
[2026-09-29T12:57:56.936+0000] {processor.py:183} INFO - Processing /opt/airflow/dags/day25_kafka_orchestration.py took 0.197 seconds
[2026-09-29T12:58:27.135+0000] {processor.py:161} INFO - Started process (PID=331) to work on /opt/airflow/dags/day25_kafka_orchestration.py
[2026-09-29T12:58:27.137+0000] {processor.py:830} INFO - Processing file /opt/airflow/dags/day25_kafka_orchestration.py for tasks to queue
[2026-09-29T12:58:27.140+0000] {logging_mixin.py:188} INFO - [2026-09-29T12:58:27.139+0000] {dagbag.py:545} INFO - Filling up the DagBag from /opt/airflow/dags/day25_kafka_orchestration.py
[2026-09-29T12:58:27.164+0000] {processor.py:840} INFO - DAG(s) 'day25_kafka_orchestration' retrieved from /opt/airflow/dags/day25_kafka_orchestration.py
[2026-09-29T12:58:27.216+0000] {logging_mixin.py:188} INFO - [2026-09-29T12:58:27.216+0000] {dag.py:3089} INFO - Sync 1 DAGs
[2026-09-29T12:58:27.266+0000] {logging_mixin.py:188} INFO - [2026-09-29T12:58:27.266+0000] {dag.py:3947} INFO - Setting next_dagrun for day25_kafka_orchestration to None, run_after=None
[2026-09-29T12:58:27.313+0000] {processor.py:183} INFO - Processing /opt/airflow/dags/day25_kafka_orchestration.py took 0.185 seconds
[2026-09-29T12:58:57.639+0000] {processor.py:161} INFO - Started process (PID=332) to work on /opt/airflow/dags/day25_kafka_orchestration.py
[2026-09-29T12:58:57.641+0000] {processor.py:830} INFO - Processing file /opt/airflow/dags/day25_kafka_orchestration.py for tasks to queue
[2026-09-29T12:58:57.644+0000] {logging_mixin.py:188} INFO - [2026-09-29T12:58:57.644+0000] {dagbag.py:545} INFO - Filling up the DagBag from /opt/airflow/dags/day25_kafka_orchestration.py
[2026-09-29T12:58:57.666+0000] {processor.py:840} INFO - DAG(s) 'day25_kafka_orchestration' retrieved from /opt/airflow/dags/day25_kafka_orchestration.py
[2026-09-29T12:58:57.694+0000] {logging_mixin.py:188} INFO - [2026-09-29T12:58:57.694+0000] {dag.py:3089} INFO - Sync 1 DAGs
[2026-09-29T12:58:57.711+0000] {logging_mixin.py:188} INFO - [2026-09-29T12:58:57.710+0000] {dag.py:3947} INFO - Setting next_dagrun for day25_kafka_orchestration to None, run_after=None
[2026-09-29T12:58:57.744+0000] {processor.py:183} INFO - Processing /opt/airflow/dags/day25_kafka_orchestration.py took 0.110 seconds
[2026-09-29T12:59:27.898+0000] {processor.py:161} INFO - Started process (PID=333) to work on /opt/airflow/dags/day25_kafka_orchestration.py
[2026-09-29T12:59:27.900+0000] {processor.py:830} INFO - Processing file /opt/airflow/dags/day25_kafka_orchestration.py for tasks to queue
[2026-09-29T12:59:27.904+0000] {logging_mixin.py:188} INFO - [2026-09-29T12:59:27.904+0000] {dagbag.py:545} INFO - Filling up the DagBag from /opt/airflow/dags/day25_kafka_orchestration.py
[2026-09-29T12:59:27.926+0000] {processor.py:840} INFO - DAG(s) 'day25_kafka_orchestration' retrieved from /opt/airflow/dags/day25_kafka_orchestration.py
[2026-09-29T12:59:27.954+0000] {logging_mixin.py:188} INFO - [2026-09-29T12:59:27.954+0000] {dag.py:3089} INFO - Sync 1 DAGs
[2026-09-29T12:59:27.967+0000] {logging_mixin.py:188} INFO - [2026-09-29T12:59:27.966+0000] {dag.py:3947} INFO - Setting next_dagrun for day25_kafka_orchestration to None, run_after=None
[2026-09-29T12:59:27.995+0000] {processor.py:183} INFO - Processing /opt/airflow/dags/day25_kafka_orchestration.py took 0.103 seconds
[2026-09-29T12:59:58.176+0000] {processor.py:161} INFO - Started process (PID=334) to work on /opt/airflow/dags/day25_kafka_orchestration.py
[2026-09-29T12:59:58.177+0000] {processor.py:830} INFO - Processing file /opt/airflow/dags/day25_kafka_orchestration.py for tasks to queue
[2026-09-29T12:59:58.180+0000] {logging_mixin.py:188} INFO - [2026-09-29T12:59:58.179+0000] {dagbag.py:545} INFO - Filling up the DagBag from /opt/airflow/dags/day25_kafka_orchestration.py
[2026-09-29T12:59:58.202+0000] {processor.py:840} INFO - DAG(s) 'day25_kafka_orchestration' retrieved from /opt/airflow/dags/day25_kafka_orchestration.py
[2026-09-29T12:59:58.229+0000] {logging_mixin.py:188} INFO - [2026-09-29T12:59:58.229+0000] {dag.py:3089} INFO - Sync 1 DAGs
[2026-09-29T12:59:58.247+0000] {logging_mixin.py:188} INFO - [2026-09-29T12:59:58.247+0000] {dag.py:3947} INFO - Setting next_dagrun for day25_kafka_orchestration to None, run_after=None
[2026-09-29T12:59:58.284+0000] {processor.py:183} INFO - Processing /opt/airflow/dags/day25_kafka_orchestration.py took 0.114 seconds
[2026-09-29T13:00:28.451+0000] {processor.py:161} INFO - Started process (PID=335) to work on /opt/airflow/dags/day25_kafka_orchestration.py
[2026-09-29T13:00:28.453+0000] {processor.py:830} INFO - Processing file /opt/airflow/dags/day25_kafka_orchestration.py for tasks to queue
[2026-09-29T13:00:28.455+0000] {logging_mixin.py:188} INFO - [2026-09-29T13:00:28.455+0000] {dagbag.py:545} INFO - Filling up the DagBag from /opt/airflow/dags/day25_kafka_orchestration.py
[2026-09-29T13:00:28.487+0000] {processor.py:840} INFO - DAG(s) 'day25_kafka_orchestration' retrieved from /opt/airflow/dags/day25_kafka_orchestration.py
[2026-09-29T13:00:28.512+0000] {logging_mixin.py:188} INFO - [2026-09-29T13:00:28.511+0000] {dag.py:3089} INFO - Sync 1 DAGs
[2026-09-29T13:00:28.523+0000] {logging_mixin.py:188} INFO - [2026-09-29T13:00:28.522+0000] {dag.py:3947} INFO - Setting next_dagrun for day25_kafka_orchestration to None, run_after=None
[2026-09-29T13:00:28.550+0000] {processor.py:183} INFO - Processing /opt/airflow/dags/day25_kafka_orchestration.py took 0.109 seconds
[2026-09-29T13:00:58.819+0000] {processor.py:161} INFO - Started process (PID=336) to work on /opt/airflow/dags/day25_kafka_orchestration.py
[2026-09-29T13:00:58.823+0000] {processor.py:830} INFO - Processing file /opt/airflow/dags/day25_kafka_orchestration.py for tasks to queue
[2026-09-29T13:00:58.828+0000] {logging_mixin.py:188} INFO - [2026-09-29T13:00:58.827+0000] {dagbag.py:545} INFO - Filling up the DagBag from /opt/airflow/dags/day25_kafka_orchestration.py
[2026-09-29T13:00:58.854+0000] {processor.py:840} INFO - DAG(s) 'day25_kafka_orchestration' retrieved from /opt/airflow/dags/day25_kafka_orchestration.py
[2026-09-29T13:00:58.885+0000] {logging_mixin.py:188} INFO - [2026-09-29T13:00:58.885+0000] {dag.py:3089} INFO - Sync 1 DAGs
[2026-09-29T13:00:58.911+0000] {logging_mixin.py:188} INFO - [2026-09-29T13:00:58.911+0000] {dag.py:3947} INFO - Setting next_dagrun for day25_kafka_orchestration to None, run_after=None
[2026-09-29T13:00:58.949+0000] {processor.py:183} INFO - Processing /opt/airflow/dags/day25_kafka_orchestration.py took 0.142 seconds
[2026-09-29T13:01:29.083+0000] {processor.py:161} INFO - Started process (PID=337) to work on /opt/airflow/dags/day25_kafka_orchestration.py
[2026-09-29T13:01:29.086+0000] {processor.py:830} INFO - Processing file /opt/airflow/dags/day25_kafka_orchestration.py for tasks to queue
[2026-09-29T13:01:29.092+0000] {logging_mixin.py:188} INFO - [2026-09-29T13:01:29.091+0000] {dagbag.py:545} INFO - Filling up the DagBag from /opt/airflow/dags/day25_kafka_orchestration.py
[2026-09-29T13:01:29.128+0000] {processor.py:840} INFO - DAG(s) 'day25_kafka_orchestration' retrieved from /opt/airflow/dags/day25_kafka_orchestration.py
[2026-09-29T13:01:29.285+0000] {logging_mixin.py:188} INFO - [2026-09-29T13:01:29.284+0000] {dag.py:3089} INFO - Sync 1 DAGs
[2026-09-29T13:01:29.322+0000] {logging_mixin.py:188} INFO - [2026-09-29T13:01:29.322+0000] {dag.py:3947} INFO - Setting next_dagrun for day25_kafka_orchestration to None, run_after=None
[2026-09-29T13:01:29.375+0000] {processor.py:183} INFO - Processing /opt/airflow/dags/day25_kafka_orchestration.py took 0.305 seconds
[2026-09-29T13:01:59.547+0000] {processor.py:161} INFO - Started process (PID=338) to work on /opt/airflow/dags/day25_kafka_orchestration.py
[2026-09-29T13:01:59.549+0000] {processor.py:830} INFO - Processing file /opt/airflow/dags/day25_kafka_orchestration.py for tasks to queue
[2026-09-29T13:01:59.552+0000] {logging_mixin.py:188} INFO - [2026-09-29T13:01:59.551+0000] {dagbag.py:545} INFO - Filling up the DagBag from /opt/airflow/dags/day25_kafka_orchestration.py
[2026-09-29T13:01:59.573+0000] {processor.py:840} INFO - DAG(s) 'day25_kafka_orchestration' retrieved from /opt/airflow/dags/day25_kafka_orchestration.py
[2026-09-29T13:01:59.599+0000] {logging_mixin.py:188} INFO - [2026-09-29T13:01:59.599+0000] {dag.py:3089} INFO - Sync 1 DAGs
[2026-09-29T13:01:59.611+0000] {logging_mixin.py:188} INFO - [2026-09-29T13:01:59.610+0000] {dag.py:3947} INFO - Setting next_dagrun for day25_kafka_orchestration to None, run_after=None
[2026-09-29T13:01:59.639+0000] {processor.py:183} INFO - Processing /opt/airflow/dags/day25_kafka_orchestration.py took 0.097 seconds
[2026-09-29T13:02:29.845+0000] {processor.py:161} INFO - Started process (PID=339) to work on /opt/airflow/dags/day25_kafka_orchestration.py
[2026-09-29T13:02:29.848+0000] {processor.py:830} INFO - Processing file /opt/airflow/dags/day25_kafka_orchestration.py for tasks to queue
[2026-09-29T13:02:29.853+0000] {logging_mixin.py:188} INFO - [2026-09-29T13:02:29.852+0000] {dagbag.py:545} INFO - Filling up the DagBag from /opt/airflow/dags/day25_kafka_orchestration.py
[2026-09-29T13:02:29.881+0000] {processor.py:840} INFO - DAG(s) 'day25_kafka_orchestration' retrieved from /opt/airflow/dags/day25_kafka_orchestration.py
[2026-09-29T13:02:29.917+0000] {logging_mixin.py:188} INFO - [2026-09-29T13:02:29.917+0000] {dag.py:3089} INFO - Sync 1 DAGs
[2026-09-29T13:02:29.933+0000] {logging_mixin.py:188} INFO - [2026-09-29T13:02:29.932+0000] {dag.py:3947} INFO - Setting next_dagrun for day25_kafka_orchestration to None, run_after=None
[2026-09-29T13:02:29.967+0000] {processor.py:183} INFO - Processing /opt/airflow/dags/day25_kafka_orchestration.py took 0.131 seconds
[2026-09-29T13:03:00.112+0000] {processor.py:161} INFO - Started process (PID=340) to work on /opt/airflow/dags/day25_kafka_orchestration.py
[2026-09-29T13:03:00.113+0000] {processor.py:830} INFO - Processing file /opt/airflow/dags/day25_kafka_orchestration.py for tasks to queue
[2026-09-29T13:03:00.116+0000] {logging_mixin.py:188} INFO - [2026-09-29T13:03:00.115+0000] {dagbag.py:545} INFO - Filling up the DagBag from /opt/airflow/dags/day25_kafka_orchestration.py
[2026-09-29T13:03:00.156+0000] {processor.py:840} INFO - DAG(s) 'day25_kafka_orchestration' retrieved from /opt/airflow/dags/day25_kafka_orchestration.py
[2026-09-29T13:03:00.197+0000] {logging_mixin.py:188} INFO - [2026-09-29T13:03:00.197+0000] {dag.py:3089} INFO - Sync 1 DAGs
[2026-09-29T13:03:00.228+0000] {logging_mixin.py:188} INFO - [2026-09-29T13:03:00.228+0000] {dag.py:3947} INFO - Setting next_dagrun for day25_kafka_orchestration to None, run_after=None
[2026-09-29T13:03:00.264+0000] {processor.py:183} INFO - Processing /opt/airflow/dags/day25_kafka_orchestration.py took 0.162 seconds
[2026-09-29T13:03:30.388+0000] {processor.py:161} INFO - Started process (PID=341) to work on /opt/airflow/dags/day25_kafka_orchestration.py
[2026-09-29T13:03:30.390+0000] {processor.py:830} INFO - Processing file /opt/airflow/dags/day25_kafka_orchestration.py for tasks to queue
[2026-09-29T13:03:30.393+0000] {logging_mixin.py:188} INFO - [2026-09-29T13:03:30.393+0000] {dagbag.py:545} INFO - Filling up the DagBag from /opt/airflow/dags/day25_kafka_orchestration.py
[2026-09-29T13:03:30.415+0000] {processor.py:840} INFO - DAG(s) 'day25_kafka_orchestration' retrieved from /opt/airflow/dags/day25_kafka_orchestration.py
[2026-09-29T13:03:30.440+0000] {logging_mixin.py:188} INFO - [2026-09-29T13:03:30.440+0000] {dag.py:3089} INFO - Sync 1 DAGs
[2026-09-29T13:03:30.453+0000] {logging_mixin.py:188} INFO - [2026-09-29T13:03:30.453+0000] {dag.py:3947} INFO - Setting next_dagrun for day25_kafka_orchestration to None, run_after=None
[2026-09-29T13:03:30.484+0000] {processor.py:183} INFO - Processing /opt/airflow/dags/day25_kafka_orchestration.py took 0.105 seconds
[2026-09-29T13:04:00.657+0000] {processor.py:161} INFO - Started process (PID=342) to work on /opt/airflow/dags/day25_kafka_orchestration.py
[2026-09-29T13:04:00.659+0000] {processor.py:830} INFO - Processing file /opt/airflow/dags/day25_kafka_orchestration.py for tasks to queue
[2026-09-29T13:04:00.661+0000] {logging_mixin.py:188} INFO - [2026-09-29T13:04:00.661+0000] {dagbag.py:545} INFO - Filling up the DagBag from /opt/airflow/dags/day25_kafka_orchestration.py
[2026-09-29T13:04:00.682+0000] {processor.py:840} INFO - DAG(s) 'day25_kafka_orchestration' retrieved from /opt/airflow/dags/day25_kafka_orchestration.py
[2026-09-29T13:04:00.736+0000] {logging_mixin.py:188} INFO - [2026-09-29T13:04:00.736+0000] {dag.py:3089} INFO - Sync 1 DAGs
[2026-09-29T13:04:00.748+0000] {logging_mixin.py:188} INFO - [2026-09-29T13:04:00.748+0000] {dag.py:3947} INFO - Setting next_dagrun for day25_kafka_orchestration to None, run_after=None
[2026-09-29T13:04:00.775+0000] {processor.py:183} INFO - Processing /opt/airflow/dags/day25_kafka_orchestration.py took 0.123 seconds
[2026-09-29T13:04:30.941+0000] {processor.py:161} INFO - Started process (PID=343) to work on /opt/airflow/dags/day25_kafka_orchestration.py
[2026-09-29T13:04:30.942+0000] {processor.py:830} INFO - Processing file /opt/airflow/dags/day25_kafka_orchestration.py for tasks to queue
[2026-09-29T13:04:30.945+0000] {logging_mixin.py:188} INFO - [2026-09-29T13:04:30.944+0000] {dagbag.py:545} INFO - Filling up the DagBag from /opt/airflow/dags/day25_kafka_orchestration.py
[2026-09-29T13:04:30.971+0000] {processor.py:840} INFO - DAG(s) 'day25_kafka_orchestration' retrieved from /opt/airflow/dags/day25_kafka_orchestration.py
[2026-09-29T13:04:31.008+0000] {logging_mixin.py:188} INFO - [2026-09-29T13:04:31.008+0000] {dag.py:3089} INFO - Sync 1 DAGs
[2026-09-29T13:04:31.025+0000] {logging_mixin.py:188} INFO - [2026-09-29T13:04:31.025+0000] {dag.py:3947} INFO - Setting next_dagrun for day25_kafka_orchestration to None, run_after=None
[2026-09-29T13:04:31.056+0000] {processor.py:183} INFO - Processing /opt/airflow/dags/day25_kafka_orchestration.py took 0.119 seconds
[2026-09-29T13:05:01.214+0000] {processor.py:161} INFO - Started process (PID=344) to work on /opt/airflow/dags/day25_kafka_orchestration.py
[2026-09-29T13:05:01.215+0000] {processor.py:830} INFO - Processing file /opt/airflow/dags/day25_kafka_orchestration.py for tasks to queue
[2026-09-29T13:05:01.218+0000] {logging_mixin.py:188} INFO - [2026-09-29T13:05:01.217+0000] {dagbag.py:545} INFO - Filling up the DagBag from /opt/airflow/dags/day25_kafka_orchestration.py
[2026-09-29T13:05:01.261+0000] {processor.py:840} INFO - DAG(s) 'day25_kafka_orchestration' retrieved from /opt/airflow/dags/day25_kafka_orchestration.py
[2026-09-29T13:05:01.353+0000] {logging_mixin.py:188} INFO - [2026-09-29T13:05:01.352+0000] {dag.py:3089} INFO - Sync 1 DAGs
[2026-09-29T13:05:01.366+0000] {logging_mixin.py:188} INFO - [2026-09-29T13:05:01.366+0000] {dag.py:3947} INFO - Setting next_dagrun for day25_kafka_orchestration to None, run_after=None
[2026-09-29T13:05:01.411+0000] {processor.py:183} INFO - Processing /opt/airflow/dags/day25_kafka_orchestration.py took 0.203 seconds
[2026-09-29T13:05:31.592+0000] {processor.py:161} INFO - Started process (PID=345) to work on /opt/airflow/dags/day25_kafka_orchestration.py
[2026-09-29T13:05:31.593+0000] {processor.py:830} INFO - Processing file /opt/airflow/dags/day25_kafka_orchestration.py for tasks to queue
[2026-09-29T13:05:31.596+0000] {logging_mixin.py:188} INFO - [2026-09-29T13:05:31.595+0000] {dagbag.py:545} INFO - Filling up the DagBag from /opt/airflow/dags/day25_kafka_orchestration.py
[2026-09-29T13:05:31.619+0000] {processor.py:840} INFO - DAG(s) 'day25_kafka_orchestration' retrieved from /opt/airflow/dags/day25_kafka_orchestration.py
[2026-09-29T13:05:31.654+0000] {logging_mixin.py:188} INFO - [2026-09-29T13:05:31.653+0000] {dag.py:3089} INFO - Sync 1 DAGs
[2026-09-29T13:05:31.684+0000] {logging_mixin.py:188} INFO - [2026-09-29T13:05:31.684+0000] {dag.py:3947} INFO - Setting next_dagrun for day25_kafka_orchestration to None, run_after=None
[2026-09-29T13:05:31.727+0000] {processor.py:183} INFO - Processing /opt/airflow/dags/day25_kafka_orchestration.py took 0.141 seconds
[2026-09-29T13:06:01.897+0000] {processor.py:161} INFO - Started process (PID=355) to work on /opt/airflow/dags/day25_kafka_orchestration.py
[2026-09-29T13:06:01.899+0000] {processor.py:830} INFO - Processing file /opt/airflow/dags/day25_kafka_orchestration.py for tasks to queue
[2026-09-29T13:06:01.903+0000] {logging_mixin.py:188} INFO - [2026-09-29T13:06:01.902+0000] {dagbag.py:545} INFO - Filling up the DagBag from /opt/airflow/dags/day25_kafka_orchestration.py
[2026-09-29T13:06:01.952+0000] {processor.py:840} INFO - DAG(s) 'day25_kafka_orchestration' retrieved from /opt/airflow/dags/day25_kafka_orchestration.py
[2026-09-29T13:06:02.012+0000] {logging_mixin.py:188} INFO - [2026-09-29T13:06:02.012+0000] {dag.py:3089} INFO - Sync 1 DAGs
[2026-09-29T13:06:02.037+0000] {logging_mixin.py:188} INFO - [2026-09-29T13:06:02.037+0000] {dag.py:3947} INFO - Setting next_dagrun for day25_kafka_orchestration to None, run_after=None
[2026-09-29T13:06:02.103+0000] {processor.py:183} INFO - Processing /opt/airflow/dags/day25_kafka_orchestration.py took 0.214 seconds
[2026-09-29T13:06:32.318+0000] {processor.py:161} INFO - Started process (PID=356) to work on /opt/airflow/dags/day25_kafka_orchestration.py
[2026-09-29T13:06:32.321+0000] {processor.py:830} INFO - Processing file /opt/airflow/dags/day25_kafka_orchestration.py for tasks to queue
[2026-09-29T13:06:32.326+0000] {logging_mixin.py:188} INFO - [2026-09-29T13:06:32.325+0000] {dagbag.py:545} INFO - Filling up the DagBag from /opt/airflow/dags/day25_kafka_orchestration.py
[2026-09-29T13:06:32.369+0000] {processor.py:840} INFO - DAG(s) 'day25_kafka_orchestration' retrieved from /opt/airflow/dags/day25_kafka_orchestration.py
[2026-09-29T13:06:32.419+0000] {logging_mixin.py:188} INFO - [2026-09-29T13:06:32.419+0000] {dag.py:3089} INFO - Sync 1 DAGs
[2026-09-29T13:06:32.442+0000] {logging_mixin.py:188} INFO - [2026-09-29T13:06:32.442+0000] {dag.py:3947} INFO - Setting next_dagrun for day25_kafka_orchestration to None, run_after=None
[2026-09-29T13:06:32.520+0000] {processor.py:183} INFO - Processing /opt/airflow/dags/day25_kafka_orchestration.py took 0.210 seconds
[2026-09-29T13:39:45.428+0000] {processor.py:161} INFO - Started process (PID=357) to work on /opt/airflow/dags/day25_kafka_orchestration.py
[2026-09-29T13:39:45.433+0000] {processor.py:830} INFO - Processing file /opt/airflow/dags/day25_kafka_orchestration.py for tasks to queue
[2026-09-29T13:39:45.450+0000] {logging_mixin.py:188} INFO - [2026-09-29T13:39:45.447+0000] {dagbag.py:545} INFO - Filling up the DagBag from /opt/airflow/dags/day25_kafka_orchestration.py
[2026-09-29T13:39:45.575+0000] {processor.py:840} INFO - DAG(s) 'day25_kafka_orchestration' retrieved from /opt/airflow/dags/day25_kafka_orchestration.py
[2026-09-29T13:39:45.724+0000] {logging_mixin.py:188} INFO - [2026-09-29T13:39:45.723+0000] {dag.py:3089} INFO - Sync 1 DAGs
[2026-09-29T13:39:45.971+0000] {logging_mixin.py:188} INFO - [2026-09-29T13:39:45.971+0000] {dag.py:3947} INFO - Setting next_dagrun for day25_kafka_orchestration to None, run_after=None
[2026-09-29T13:39:46.073+0000] {processor.py:183} INFO - Processing /opt/airflow/dags/day25_kafka_orchestration.py took 0.680 seconds
[2026-09-29T13:40:16.372+0000] {processor.py:161} INFO - Started process (PID=358) to work on /opt/airflow/dags/day25_kafka_orchestration.py
[2026-09-29T13:40:16.376+0000] {processor.py:830} INFO - Processing file /opt/airflow/dags/day25_kafka_orchestration.py for tasks to queue
[2026-09-29T13:40:16.380+0000] {logging_mixin.py:188} INFO - [2026-09-29T13:40:16.379+0000] {dagbag.py:545} INFO - Filling up the DagBag from /opt/airflow/dags/day25_kafka_orchestration.py
[2026-09-29T13:40:16.464+0000] {processor.py:840} INFO - DAG(s) 'day25_kafka_orchestration' retrieved from /opt/airflow/dags/day25_kafka_orchestration.py
[2026-09-29T13:40:16.562+0000] {logging_mixin.py:188} INFO - [2026-09-29T13:40:16.562+0000] {dag.py:3089} INFO - Sync 1 DAGs
[2026-09-29T13:40:16.608+0000] {logging_mixin.py:188} INFO - [2026-09-29T13:40:16.608+0000] {dag.py:3947} INFO - Setting next_dagrun for day25_kafka_orchestration to None, run_after=None
[2026-09-29T13:40:16.698+0000] {processor.py:183} INFO - Processing /opt/airflow/dags/day25_kafka_orchestration.py took 0.336 seconds
[2026-09-29T13:40:47.452+0000] {processor.py:161} INFO - Started process (PID=359) to work on /opt/airflow/dags/day25_kafka_orchestration.py
[2026-09-29T13:40:47.455+0000] {processor.py:830} INFO - Processing file /opt/airflow/dags/day25_kafka_orchestration.py for tasks to queue
[2026-09-29T13:40:47.467+0000] {logging_mixin.py:188} INFO - [2026-09-29T13:40:47.462+0000] {dagbag.py:545} INFO - Filling up the DagBag from /opt/airflow/dags/day25_kafka_orchestration.py
[2026-09-29T13:40:47.530+0000] {processor.py:840} INFO - DAG(s) 'day25_kafka_orchestration' retrieved from /opt/airflow/dags/day25_kafka_orchestration.py
[2026-09-29T13:40:47.579+0000] {logging_mixin.py:188} INFO - [2026-09-29T13:40:47.579+0000] {dag.py:3089} INFO - Sync 1 DAGs
[2026-09-29T13:40:47.602+0000] {logging_mixin.py:188} INFO - [2026-09-29T13:40:47.601+0000] {dag.py:3947} INFO - Setting next_dagrun for day25_kafka_orchestration to None, run_after=None
[2026-09-29T13:40:47.645+0000] {processor.py:183} INFO - Processing /opt/airflow/dags/day25_kafka_orchestration.py took 0.214 seconds
[2026-09-29T13:41:17.872+0000] {processor.py:161} INFO - Started process (PID=360) to work on /opt/airflow/dags/day25_kafka_orchestration.py
[2026-09-29T13:41:17.875+0000] {processor.py:830} INFO - Processing file /opt/airflow/dags/day25_kafka_orchestration.py for tasks to queue
[2026-09-29T13:41:17.880+0000] {logging_mixin.py:188} INFO - [2026-09-29T13:41:17.879+0000] {dagbag.py:545} INFO - Filling up the DagBag from /opt/airflow/dags/day25_kafka_orchestration.py
[2026-09-29T13:41:17.929+0000] {processor.py:840} INFO - DAG(s) 'day25_kafka_orchestration' retrieved from /opt/airflow/dags/day25_kafka_orchestration.py
[2026-09-29T13:41:17.999+0000] {logging_mixin.py:188} INFO - [2026-09-29T13:41:17.998+0000] {dag.py:3089} INFO - Sync 1 DAGs
[2026-09-29T13:41:18.035+0000] {logging_mixin.py:188} INFO - [2026-09-29T13:41:18.034+0000] {dag.py:3947} INFO - Setting next_dagrun for day25_kafka_orchestration to None, run_after=None
[2026-09-29T13:41:18.095+0000] {processor.py:183} INFO - Processing /opt/airflow/dags/day25_kafka_orchestration.py took 0.233 seconds
