[2026-09-29T11:35:26.480+0000] {manager.py:470} INFO - Processing files using up to 1 processes at a time 
[2026-09-29T11:35:26.490+0000] {manager.py:471} INFO - Process each file at most once every 30 seconds
[2026-09-29T11:35:26.492+0000] {manager.py:472} INFO - Checking for new files in /opt/airflow/dags every 300 seconds
[2026-09-29T11:35:26.495+0000] {manager.py:737} INFO - Searching for files in /opt/airflow/dags
[2026-09-29T11:35:26.501+0000] {manager.py:740} INFO - There are 0 files in /opt/airflow/dags
[2026-09-29T11:40:26.670+0000] {manager.py:737} INFO - Searching for files in /opt/airflow/dags
[2026-09-29T11:40:26.711+0000] {manager.py:740} INFO - There are 0 files in /opt/airflow/dags
[2026-09-29T11:44:21.047+0000] {manager.py:470} INFO - Processing files using up to 1 processes at a time 
[2026-09-29T11:44:21.049+0000] {manager.py:471} INFO - Process each file at most once every 30 seconds
[2026-09-29T11:44:21.051+0000] {manager.py:472} INFO - Checking for new files in /opt/airflow/dags every 300 seconds
[2026-09-29T11:44:21.052+0000] {manager.py:737} INFO - Searching for files in /opt/airflow/dags
[2026-09-29T11:44:21.108+0000] {manager.py:740} INFO - There are 1 files in /opt/airflow/dags
[2026-09-29T11:44:21.690+0000] {manager.py:878} INFO - 
================================================================================
DAG File Processing Stats

File Path                                       PID    Runtime      # DAGs    # Errors  Last Runtime    Last Run
----------------------------------------------  -----  ---------  --------  ----------  --------------  -------------------
/opt/airflow/dags/day25_kafka_orchestration.py                           1           0  0.35s           2026-09-29T11:44:21
================================================================================
[2026-09-29T11:44:52.569+0000] {manager.py:878} INFO - 
================================================================================
DAG File Processing Stats

File Path                                       PID    Runtime      # DAGs    # Errors  Last Runtime    Last Run
----------------------------------------------  -----  ---------  --------  ----------  --------------  -------------------
/opt/airflow/dags/day25_kafka_orchestration.py                           1           0  0.21s           2026-09-29T11:44:52
================================================================================
[2026-09-29T11:45:22.738+0000] {manager.py:878} INFO - 
================================================================================
DAG File Processing Stats

File Path                                       PID    Runtime      # DAGs    # Errors  Last Runtime    Last Run
----------------------------------------------  -----  ---------  --------  ----------  --------------  -------------------
/opt/airflow/dags/day25_kafka_orchestration.py                           1           0  0.12s           2026-09-29T11:45:22
================================================================================
[2026-09-29T11:45:53.158+0000] {manager.py:878} INFO - 
================================================================================
DAG File Processing Stats

File Path                                       PID    Runtime      # DAGs    # Errors  Last Runtime    Last Run
----------------------------------------------  -----  ---------  --------  ----------  --------------  -------------------
/opt/airflow/dags/day25_kafka_orchestration.py                           1           0  0.21s           2026-09-29T11:45:53
================================================================================
[2026-09-29T11:46:25.330+0000] {manager.py:878} INFO - 
================================================================================
DAG File Processing Stats

File Path                                       PID    Runtime      # DAGs    # Errors  Last Runtime    Last Run
----------------------------------------------  -----  ---------  --------  ----------  --------------  -------------------
/opt/airflow/dags/day25_kafka_orchestration.py                           1           0  0.11s           2026-09-29T11:46:25
================================================================================
[2026-09-29T11:46:55.813+0000] {manager.py:878} INFO - 
================================================================================
DAG File Processing Stats

File Path                                       PID    Runtime      # DAGs    # Errors  Last Runtime    Last Run
----------------------------------------------  -----  ---------  --------  ----------  --------------  -------------------
/opt/airflow/dags/day25_kafka_orchestration.py                           1           0  0.21s           2026-09-29T11:46:55
================================================================================
[2026-09-29T11:47:26.124+0000] {manager.py:878} INFO - 
================================================================================
DAG File Processing Stats

File Path                                       PID    Runtime      # DAGs    # Errors  Last Runtime    Last Run
----------------------------------------------  -----  ---------  --------  ----------  --------------  -------------------
/opt/airflow/dags/day25_kafka_orchestration.py                           1           0  0.21s           2026-09-29T11:47:26
================================================================================
[2026-09-29T11:47:56.539+0000] {manager.py:878} INFO - 
================================================================================
DAG File Processing Stats

File Path                                       PID    Runtime      # DAGs    # Errors  Last Runtime    Last Run
----------------------------------------------  -----  ---------  --------  ----------  --------------  -------------------
/opt/airflow/dags/day25_kafka_orchestration.py                           1           0  0.21s           2026-09-29T11:47:56
================================================================================
[2026-09-29T11:48:26.806+0000] {manager.py:878} INFO - 
================================================================================
DAG File Processing Stats

File Path                                       PID    Runtime      # DAGs    # Errors  Last Runtime    Last Run
----------------------------------------------  -----  ---------  --------  ----------  --------------  -------------------
/opt/airflow/dags/day25_kafka_orchestration.py                           1           0  0.21s           2026-09-29T11:48:26
================================================================================
[2026-09-29T11:48:57.056+0000] {manager.py:878} INFO - 
================================================================================
DAG File Processing Stats

File Path                                       PID    Runtime      # DAGs    # Errors  Last Runtime    Last Run
----------------------------------------------  -----  ---------  --------  ----------  --------------  -------------------
/opt/airflow/dags/day25_kafka_orchestration.py                           1           0  0.21s           2026-09-29T11:48:57
================================================================================
[2026-09-29T11:49:21.166+0000] {manager.py:737} INFO - Searching for files in /opt/airflow/dags
[2026-09-29T11:49:21.215+0000] {manager.py:740} INFO - There are 1 files in /opt/airflow/dags
[2026-09-29T11:49:27.311+0000] {manager.py:878} INFO - 
================================================================================
DAG File Processing Stats

File Path                                       PID    Runtime      # DAGs    # Errors  Last Runtime    Last Run
----------------------------------------------  -----  ---------  --------  ----------  --------------  -------------------
/opt/airflow/dags/day25_kafka_orchestration.py                           1           0  0.21s           2026-09-29T11:49:27
================================================================================
[2026-09-29T11:49:57.560+0000] {manager.py:878} INFO - 
================================================================================
DAG File Processing Stats

File Path                                       PID    Runtime      # DAGs    # Errors  Last Runtime    Last Run
----------------------------------------------  -----  ---------  --------  ----------  --------------  -------------------
/opt/airflow/dags/day25_kafka_orchestration.py                           1           0  0.21s           2026-09-29T11:49:57
================================================================================
[2026-09-29T11:50:27.821+0000] {manager.py:878} INFO - 
================================================================================
DAG File Processing Stats

File Path                                       PID    Runtime      # DAGs    # Errors  Last Runtime    Last Run
----------------------------------------------  -----  ---------  --------  ----------  --------------  -------------------
/opt/airflow/dags/day25_kafka_orchestration.py                           1           0  0.21s           2026-09-29T11:50:27
================================================================================
[2026-09-29T11:50:58.076+0000] {manager.py:878} INFO - 
================================================================================
DAG File Processing Stats

File Path                                       PID    Runtime      # DAGs    # Errors  Last Runtime    Last Run
----------------------------------------------  -----  ---------  --------  ----------  --------------  -------------------
/opt/airflow/dags/day25_kafka_orchestration.py                           1           0  0.21s           2026-09-29T11:50:58
================================================================================
[2026-09-29T11:51:28.337+0000] {manager.py:878} INFO - 
================================================================================
DAG File Processing Stats

File Path                                       PID    Runtime      # DAGs    # Errors  Last Runtime    Last Run
----------------------------------------------  -----  ---------  --------  ----------  --------------  -------------------
/opt/airflow/dags/day25_kafka_orchestration.py                           1           0  0.21s           2026-09-29T11:51:28
================================================================================
[2026-09-29T11:51:58.605+0000] {manager.py:878} INFO - 
================================================================================
DAG File Processing Stats

File Path                                       PID    Runtime      # DAGs    # Errors  Last Runtime    Last Run
----------------------------------------------  -----  ---------  --------  ----------  --------------  -------------------
/opt/airflow/dags/day25_kafka_orchestration.py                           1           0  0.21s           2026-09-29T11:51:58
================================================================================
[2026-09-29T11:52:28.844+0000] {manager.py:878} INFO - 
================================================================================
DAG File Processing Stats

File Path                                       PID    Runtime      # DAGs    # Errors  Last Runtime    Last Run
----------------------------------------------  -----  ---------  --------  ----------  --------------  -------------------
/opt/airflow/dags/day25_kafka_orchestration.py                           1           0  0.21s           2026-09-29T11:52:28
================================================================================
[2026-09-29T11:52:59.239+0000] {manager.py:878} INFO - 
================================================================================
DAG File Processing Stats

File Path                                       PID    Runtime      # DAGs    # Errors  Last Runtime    Last Run
----------------------------------------------  -----  ---------  --------  ----------  --------------  -------------------
/opt/airflow/dags/day25_kafka_orchestration.py                           1           0  0.21s           2026-09-29T11:52:59
================================================================================
[2026-09-29T11:53:29.594+0000] {manager.py:878} INFO - 
================================================================================
DAG File Processing Stats

File Path                                       PID    Runtime      # DAGs    # Errors  Last Runtime    Last Run
----------------------------------------------  -----  ---------  --------  ----------  --------------  -------------------
/opt/airflow/dags/day25_kafka_orchestration.py                           1           0  0.21s           2026-09-29T11:53:29
================================================================================
[2026-09-29T11:53:59.885+0000] {manager.py:878} INFO - 
================================================================================
DAG File Processing Stats

File Path                                       PID    Runtime      # DAGs    # Errors  Last Runtime    Last Run
----------------------------------------------  -----  ---------  --------  ----------  --------------  -------------------
/opt/airflow/dags/day25_kafka_orchestration.py                           1           0  0.21s           2026-09-29T11:53:59
================================================================================
[2026-09-29T11:54:21.270+0000] {manager.py:737} INFO - Searching for files in /opt/airflow/dags
[2026-09-29T11:54:21.317+0000] {manager.py:740} INFO - There are 1 files in /opt/airflow/dags
[2026-09-29T11:54:30.206+0000] {manager.py:878} INFO - 
================================================================================
DAG File Processing Stats

File Path                                       PID    Runtime      # DAGs    # Errors  Last Runtime    Last Run
----------------------------------------------  -----  ---------  --------  ----------  --------------  -------------------
/opt/airflow/dags/day25_kafka_orchestration.py                           1           0  0.21s           2026-09-29T11:54:30
================================================================================
[2026-09-29T11:55:00.508+0000] {manager.py:878} INFO - 
================================================================================
DAG File Processing Stats

File Path                                       PID    Runtime      # DAGs    # Errors  Last Runtime    Last Run
----------------------------------------------  -----  ---------  --------  ----------  --------------  -------------------
/opt/airflow/dags/day25_kafka_orchestration.py                           1           0  0.21s           2026-09-29T11:55:00
================================================================================
[2026-09-29T11:55:33.040+0000] {manager.py:878} INFO - 
================================================================================
DAG File Processing Stats

File Path                                       PID    Runtime      # DAGs    # Errors  Last Runtime    Last Run
----------------------------------------------  -----  ---------  --------  ----------  --------------  -------------------
/opt/airflow/dags/day25_kafka_orchestration.py                           1           0  0.86s           2026-09-29T11:55:33
================================================================================
[2026-09-29T11:56:03.935+0000] {manager.py:878} INFO - 
================================================================================
DAG File Processing Stats

File Path                                       PID    Runtime      # DAGs    # Errors  Last Runtime    Last Run
----------------------------------------------  -----  ---------  --------  ----------  --------------  -------------------
/opt/airflow/dags/day25_kafka_orchestration.py                           1           0  0.36s           2026-09-29T11:56:03
================================================================================
[2026-09-29T11:56:34.886+0000] {manager.py:878} INFO - 
================================================================================
DAG File Processing Stats

File Path                                       PID    Runtime      # DAGs    # Errors  Last Runtime    Last Run
----------------------------------------------  -----  ---------  --------  ----------  --------------  -------------------
/opt/airflow/dags/day25_kafka_orchestration.py                           1           0  0.68s           2026-09-29T11:56:34
================================================================================
[2026-09-29T11:57:05.543+0000] {manager.py:878} INFO - 
================================================================================
DAG File Processing Stats

File Path                                       PID    Runtime      # DAGs    # Errors  Last Runtime    Last Run
----------------------------------------------  -----  ---------  --------  ----------  --------------  -------------------
/opt/airflow/dags/day25_kafka_orchestration.py                           1           0  0.52s           2026-09-29T11:57:05
================================================================================
[2026-09-29T11:57:35.882+0000] {manager.py:878} INFO - 
================================================================================
DAG File Processing Stats

File Path                                       PID    Runtime      # DAGs    # Errors  Last Runtime    Last Run
----------------------------------------------  -----  ---------  --------  ----------  --------------  -------------------
/opt/airflow/dags/day25_kafka_orchestration.py                           1           0  0.21s           2026-09-29T11:57:35
================================================================================
[2026-09-29T11:58:06.205+0000] {manager.py:878} INFO - 
================================================================================
DAG File Processing Stats

File Path                                       PID    Runtime      # DAGs    # Errors  Last Runtime    Last Run
----------------------------------------------  -----  ---------  --------  ----------  --------------  -------------------
/opt/airflow/dags/day25_kafka_orchestration.py                           1           0  0.21s           2026-09-29T11:58:06
================================================================================
[2026-09-29T11:58:36.510+0000] {manager.py:878} INFO - 
================================================================================
DAG File Processing Stats

File Path                                       PID    Runtime      # DAGs    # Errors  Last Runtime    Last Run
----------------------------------------------  -----  ---------  --------  ----------  --------------  -------------------
/opt/airflow/dags/day25_kafka_orchestration.py                           1           0  0.21s           2026-09-29T11:58:36
================================================================================
[2026-09-29T11:59:06.811+0000] {manager.py:878} INFO - 
================================================================================
DAG File Processing Stats

File Path                                       PID    Runtime      # DAGs    # Errors  Last Runtime    Last Run
----------------------------------------------  -----  ---------  --------  ----------  --------------  -------------------
/opt/airflow/dags/day25_kafka_orchestration.py                           1           0  0.21s           2026-09-29T11:59:06
================================================================================
[2026-09-29T11:59:21.339+0000] {manager.py:737} INFO - Searching for files in /opt/airflow/dags
[2026-09-29T11:59:21.385+0000] {manager.py:740} INFO - There are 1 files in /opt/airflow/dags
[2026-09-29T11:59:37.112+0000] {manager.py:878} INFO - 
================================================================================
DAG File Processing Stats

File Path                                       PID    Runtime      # DAGs    # Errors  Last Runtime    Last Run
----------------------------------------------  -----  ---------  --------  ----------  --------------  -------------------
/opt/airflow/dags/day25_kafka_orchestration.py                           1           0  0.21s           2026-09-29T11:59:37
================================================================================
[2026-09-29T12:00:07.415+0000] {manager.py:878} INFO - 
================================================================================
DAG File Processing Stats

File Path                                       PID    Runtime      # DAGs    # Errors  Last Runtime    Last Run
----------------------------------------------  -----  ---------  --------  ----------  --------------  -------------------
/opt/airflow/dags/day25_kafka_orchestration.py                           1           0  0.21s           2026-09-29T12:00:07
================================================================================
[2026-09-29T12:00:37.819+0000] {manager.py:878} INFO - 
================================================================================
DAG File Processing Stats

File Path                                       PID    Runtime      # DAGs    # Errors  Last Runtime    Last Run
----------------------------------------------  -----  ---------  --------  ----------  --------------  -------------------
/opt/airflow/dags/day25_kafka_orchestration.py                           1           0  0.31s           2026-09-29T12:00:37
================================================================================
[2026-09-29T12:01:08.118+0000] {manager.py:878} INFO - 
================================================================================
DAG File Processing Stats

File Path                                       PID    Runtime      # DAGs    # Errors  Last Runtime    Last Run
----------------------------------------------  -----  ---------  --------  ----------  --------------  -------------------
/opt/airflow/dags/day25_kafka_orchestration.py                           1           0  0.21s           2026-09-29T12:01:08
================================================================================
[2026-09-29T12:01:38.420+0000] {manager.py:878} INFO - 
================================================================================
DAG File Processing Stats

File Path                                       PID    Runtime      # DAGs    # Errors  Last Runtime    Last Run
----------------------------------------------  -----  ---------  --------  ----------  --------------  -------------------
/opt/airflow/dags/day25_kafka_orchestration.py                           1           0  0.21s           2026-09-29T12:01:38
================================================================================
[2026-09-29T12:02:08.719+0000] {manager.py:878} INFO - 
================================================================================
DAG File Processing Stats

File Path                                       PID    Runtime      # DAGs    # Errors  Last Runtime    Last Run
----------------------------------------------  -----  ---------  --------  ----------  --------------  -------------------
/opt/airflow/dags/day25_kafka_orchestration.py                           1           0  0.21s           2026-09-29T12:02:08
================================================================================
[2026-09-29T12:02:39.017+0000] {manager.py:878} INFO - 
================================================================================
DAG File Processing Stats

File Path                                       PID    Runtime      # DAGs    # Errors  Last Runtime    Last Run
----------------------------------------------  -----  ---------  --------  ----------  --------------  -------------------
/opt/airflow/dags/day25_kafka_orchestration.py                           1           0  0.21s           2026-09-29T12:02:39
================================================================================
[2026-09-29T12:03:09.306+0000] {manager.py:878} INFO - 
================================================================================
DAG File Processing Stats

File Path                                       PID    Runtime      # DAGs    # Errors  Last Runtime    Last Run
----------------------------------------------  -----  ---------  --------  ----------  --------------  -------------------
/opt/airflow/dags/day25_kafka_orchestration.py                           1           0  0.21s           2026-09-29T12:03:09
================================================================================
[2026-09-29T12:03:39.578+0000] {manager.py:878} INFO - 
================================================================================
DAG File Processing Stats

File Path                                       PID    Runtime      # DAGs    # Errors  Last Runtime    Last Run
----------------------------------------------  -----  ---------  --------  ----------  --------------  -------------------
/opt/airflow/dags/day25_kafka_orchestration.py                           1           0  0.21s           2026-09-29T12:03:39
================================================================================
[2026-09-29T12:04:09.847+0000] {manager.py:878} INFO - 
================================================================================
DAG File Processing Stats

File Path                                       PID    Runtime      # DAGs    # Errors  Last Runtime    Last Run
----------------------------------------------  -----  ---------  --------  ----------  --------------  -------------------
/opt/airflow/dags/day25_kafka_orchestration.py                           1           0  0.21s           2026-09-29T12:04:09
================================================================================
[2026-09-29T12:04:21.437+0000] {manager.py:737} INFO - Searching for files in /opt/airflow/dags
[2026-09-29T12:04:21.492+0000] {manager.py:740} INFO - There are 1 files in /opt/airflow/dags
[2026-09-29T12:04:40.106+0000] {manager.py:878} INFO - 
================================================================================
DAG File Processing Stats

File Path                                       PID    Runtime      # DAGs    # Errors  Last Runtime    Last Run
----------------------------------------------  -----  ---------  --------  ----------  --------------  -------------------
/opt/airflow/dags/day25_kafka_orchestration.py                           1           0  0.21s           2026-09-29T12:04:40
================================================================================
[2026-09-29T12:05:10.379+0000] {manager.py:878} INFO - 
================================================================================
DAG File Processing Stats

File Path                                       PID    Runtime      # DAGs    # Errors  Last Runtime    Last Run
----------------------------------------------  -----  ---------  --------  ----------  --------------  -------------------
/opt/airflow/dags/day25_kafka_orchestration.py                           1           0  0.21s           2026-09-29T12:05:10
================================================================================
[2026-09-29T12:05:40.555+0000] {manager.py:878} INFO - 
================================================================================
DAG File Processing Stats

File Path                                       PID    Runtime      # DAGs    # Errors  Last Runtime    Last Run
----------------------------------------------  -----  ---------  --------  ----------  --------------  -------------------
/opt/airflow/dags/day25_kafka_orchestration.py                           1           0  0.11s           2026-09-29T12:05:40
================================================================================
[2026-09-29T12:06:10.735+0000] {manager.py:878} INFO - 
================================================================================
DAG File Processing Stats

File Path                                       PID    Runtime      # DAGs    # Errors  Last Runtime    Last Run
----------------------------------------------  -----  ---------  --------  ----------  --------------  -------------------
/opt/airflow/dags/day25_kafka_orchestration.py                           1           0  0.12s           2026-09-29T12:06:10
================================================================================
[2026-09-29T12:06:41.015+0000] {manager.py:878} INFO - 
================================================================================
DAG File Processing Stats

File Path                                       PID    Runtime      # DAGs    # Errors  Last Runtime    Last Run
----------------------------------------------  -----  ---------  --------  ----------  --------------  -------------------
/opt/airflow/dags/day25_kafka_orchestration.py                           1           0  0.21s           2026-09-29T12:06:41
================================================================================
[2026-09-29T12:07:11.291+0000] {manager.py:878} INFO - 
================================================================================
DAG File Processing Stats

File Path                                       PID    Runtime      # DAGs    # Errors  Last Runtime    Last Run
----------------------------------------------  -----  ---------  --------  ----------  --------------  -------------------
/opt/airflow/dags/day25_kafka_orchestration.py                           1           0  0.21s           2026-09-29T12:07:11
================================================================================
[2026-09-29T12:07:41.565+0000] {manager.py:878} INFO - 
================================================================================
DAG File Processing Stats

File Path                                       PID    Runtime      # DAGs    # Errors  Last Runtime    Last Run
----------------------------------------------  -----  ---------  --------  ----------  --------------  -------------------
/opt/airflow/dags/day25_kafka_orchestration.py                           1           0  0.21s           2026-09-29T12:07:41
================================================================================
[2026-09-29T12:08:11.838+0000] {manager.py:878} INFO - 
================================================================================
DAG File Processing Stats

File Path                                       PID    Runtime      # DAGs    # Errors  Last Runtime    Last Run
----------------------------------------------  -----  ---------  --------  ----------  --------------  -------------------
/opt/airflow/dags/day25_kafka_orchestration.py                           1           0  0.21s           2026-09-29T12:08:11
================================================================================
[2026-09-29T12:08:42.110+0000] {manager.py:878} INFO - 
================================================================================
DAG File Processing Stats

File Path                                       PID    Runtime      # DAGs    # Errors  Last Runtime    Last Run
----------------------------------------------  -----  ---------  --------  ----------  --------------  -------------------
/opt/airflow/dags/day25_kafka_orchestration.py                           1           0  0.21s           2026-09-29T12:08:42
================================================================================
[2026-09-29T12:09:12.292+0000] {manager.py:878} INFO - 
================================================================================
DAG File Processing Stats

File Path                                       PID    Runtime      # DAGs    # Errors  Last Runtime    Last Run
----------------------------------------------  -----  ---------  --------  ----------  --------------  -------------------
/opt/airflow/dags/day25_kafka_orchestration.py                           1           0  0.11s           2026-09-29T12:09:12
================================================================================
[2026-09-29T12:09:21.537+0000] {manager.py:737} INFO - Searching for files in /opt/airflow/dags
[2026-09-29T12:09:21.584+0000] {manager.py:740} INFO - There are 1 files in /opt/airflow/dags
[2026-09-29T12:09:42.562+0000] {manager.py:878} INFO - 
================================================================================
DAG File Processing Stats

File Path                                       PID    Runtime      # DAGs    # Errors  Last Runtime    Last Run
----------------------------------------------  -----  ---------  --------  ----------  --------------  -------------------
/opt/airflow/dags/day25_kafka_orchestration.py                           1           0  0.21s           2026-09-29T12:09:42
================================================================================
[2026-09-29T12:10:12.840+0000] {manager.py:878} INFO - 
================================================================================
DAG File Processing Stats

File Path                                       PID    Runtime      # DAGs    # Errors  Last Runtime    Last Run
----------------------------------------------  -----  ---------  --------  ----------  --------------  -------------------
/opt/airflow/dags/day25_kafka_orchestration.py                           1           0  0.21s           2026-09-29T12:10:12
================================================================================
[2026-09-29T12:10:43.112+0000] {manager.py:878} INFO - 
================================================================================
DAG File Processing Stats

File Path                                       PID    Runtime      # DAGs    # Errors  Last Runtime    Last Run
----------------------------------------------  -----  ---------  --------  ----------  --------------  -------------------
/opt/airflow/dags/day25_kafka_orchestration.py                           1           0  0.21s           2026-09-29T12:10:43
================================================================================
[2026-09-29T12:11:13.385+0000] {manager.py:878} INFO - 
================================================================================
DAG File Processing Stats

File Path                                       PID    Runtime      # DAGs    # Errors  Last Runtime    Last Run
----------------------------------------------  -----  ---------  --------  ----------  --------------  -------------------
/opt/airflow/dags/day25_kafka_orchestration.py                           1           0  0.21s           2026-09-29T12:11:13
================================================================================
[2026-09-29T12:11:43.655+0000] {manager.py:878} INFO - 
================================================================================
DAG File Processing Stats

File Path                                       PID    Runtime      # DAGs    # Errors  Last Runtime    Last Run
----------------------------------------------  -----  ---------  --------  ----------  --------------  -------------------
/opt/airflow/dags/day25_kafka_orchestration.py                           1           0  0.21s           2026-09-29T12:11:43
================================================================================
[2026-09-29T12:12:13.925+0000] {manager.py:878} INFO - 
================================================================================
DAG File Processing Stats

File Path                                       PID    Runtime      # DAGs    # Errors  Last Runtime    Last Run
----------------------------------------------  -----  ---------  --------  ----------  --------------  -------------------
/opt/airflow/dags/day25_kafka_orchestration.py                           1           0  0.21s           2026-09-29T12:12:13
================================================================================
[2026-09-29T12:12:44.196+0000] {manager.py:878} INFO - 
================================================================================
DAG File Processing Stats

File Path                                       PID    Runtime      # DAGs    # Errors  Last Runtime    Last Run
----------------------------------------------  -----  ---------  --------  ----------  --------------  -------------------
/opt/airflow/dags/day25_kafka_orchestration.py                           1           0  0.21s           2026-09-29T12:12:44
================================================================================
[2026-09-29T12:13:14.485+0000] {manager.py:878} INFO - 
================================================================================
DAG File Processing Stats

File Path                                       PID    Runtime      # DAGs    # Errors  Last Runtime    Last Run
----------------------------------------------  -----  ---------  --------  ----------  --------------  -------------------
/opt/airflow/dags/day25_kafka_orchestration.py                           1           0  0.21s           2026-09-29T12:13:14
================================================================================
[2026-09-29T12:13:44.764+0000] {manager.py:878} INFO - 
================================================================================
DAG File Processing Stats

File Path                                       PID    Runtime      # DAGs    # Errors  Last Runtime    Last Run
----------------------------------------------  -----  ---------  --------  ----------  --------------  -------------------
/opt/airflow/dags/day25_kafka_orchestration.py                           1           0  0.21s           2026-09-29T12:13:44
================================================================================
[2026-09-29T12:14:14.946+0000] {manager.py:878} INFO - 
================================================================================
DAG File Processing Stats

File Path                                       PID    Runtime      # DAGs    # Errors  Last Runtime    Last Run
----------------------------------------------  -----  ---------  --------  ----------  --------------  -------------------
/opt/airflow/dags/day25_kafka_orchestration.py                           1           0  0.11s           2026-09-29T12:14:14
================================================================================
[2026-09-29T12:14:21.582+0000] {manager.py:737} INFO - Searching for files in /opt/airflow/dags
[2026-09-29T12:14:21.671+0000] {manager.py:740} INFO - There are 1 files in /opt/airflow/dags
[2026-09-29T12:14:45.219+0000] {manager.py:878} INFO - 
================================================================================
DAG File Processing Stats

File Path                                       PID    Runtime      # DAGs    # Errors  Last Runtime    Last Run
----------------------------------------------  -----  ---------  --------  ----------  --------------  -------------------
/opt/airflow/dags/day25_kafka_orchestration.py                           1           0  0.21s           2026-09-29T12:14:45
================================================================================
[2026-09-29T12:15:15.503+0000] {manager.py:878} INFO - 
================================================================================
DAG File Processing Stats

File Path                                       PID    Runtime      # DAGs    # Errors  Last Runtime    Last Run
----------------------------------------------  -----  ---------  --------  ----------  --------------  -------------------
/opt/airflow/dags/day25_kafka_orchestration.py                           1           0  0.21s           2026-09-29T12:15:15
================================================================================
[2026-09-29T12:15:45.772+0000] {manager.py:878} INFO - 
================================================================================
DAG File Processing Stats

File Path                                       PID    Runtime      # DAGs    # Errors  Last Runtime    Last Run
----------------------------------------------  -----  ---------  --------  ----------  --------------  -------------------
/opt/airflow/dags/day25_kafka_orchestration.py                           1           0  0.21s           2026-09-29T12:15:45
================================================================================
[2026-09-29T12:16:16.047+0000] {manager.py:878} INFO - 
================================================================================
DAG File Processing Stats

File Path                                       PID    Runtime      # DAGs    # Errors  Last Runtime    Last Run
----------------------------------------------  -----  ---------  --------  ----------  --------------  -------------------
/opt/airflow/dags/day25_kafka_orchestration.py                           1           0  0.21s           2026-09-29T12:16:16
================================================================================
[2026-09-29T12:16:46.340+0000] {manager.py:878} INFO - 
================================================================================
DAG File Processing Stats

File Path                                       PID    Runtime      # DAGs    # Errors  Last Runtime    Last Run
----------------------------------------------  -----  ---------  --------  ----------  --------------  -------------------
/opt/airflow/dags/day25_kafka_orchestration.py                           1           0  0.22s           2026-09-29T12:16:46
================================================================================
[2026-09-29T12:17:16.607+0000] {manager.py:878} INFO - 
================================================================================
DAG File Processing Stats

File Path                                       PID    Runtime      # DAGs    # Errors  Last Runtime    Last Run
----------------------------------------------  -----  ---------  --------  ----------  --------------  -------------------
/opt/airflow/dags/day25_kafka_orchestration.py                           1           0  0.21s           2026-09-29T12:17:16
================================================================================
[2026-09-29T12:17:46.789+0000] {manager.py:878} INFO - 
================================================================================
DAG File Processing Stats

File Path                                       PID    Runtime      # DAGs    # Errors  Last Runtime    Last Run
----------------------------------------------  -----  ---------  --------  ----------  --------------  -------------------
/opt/airflow/dags/day25_kafka_orchestration.py                           1           0  0.12s           2026-09-29T12:17:46
================================================================================
[2026-09-29T12:18:17.359+0000] {manager.py:878} INFO - 
================================================================================
DAG File Processing Stats

File Path                                       PID    Runtime      # DAGs    # Errors  Last Runtime    Last Run
----------------------------------------------  -----  ---------  --------  ----------  --------------  -------------------
/opt/airflow/dags/day25_kafka_orchestration.py                           1           0  0.50s           2026-09-29T12:18:17
================================================================================
[2026-09-29T12:18:47.538+0000] {manager.py:878} INFO - 
================================================================================
DAG File Processing Stats

File Path                                       PID    Runtime      # DAGs    # Errors  Last Runtime    Last Run
----------------------------------------------  -----  ---------  --------  ----------  --------------  -------------------
/opt/airflow/dags/day25_kafka_orchestration.py                           1           0  0.11s           2026-09-29T12:18:47
================================================================================
[2026-09-29T12:19:17.830+0000] {manager.py:878} INFO - 
================================================================================
DAG File Processing Stats

File Path                                       PID    Runtime      # DAGs    # Errors  Last Runtime    Last Run
----------------------------------------------  -----  ---------  --------  ----------  --------------  -------------------
/opt/airflow/dags/day25_kafka_orchestration.py                           1           0  0.21s           2026-09-29T12:19:17
================================================================================
[2026-09-29T12:19:21.707+0000] {manager.py:737} INFO - Searching for files in /opt/airflow/dags
[2026-09-29T12:19:21.765+0000] {manager.py:740} INFO - There are 1 files in /opt/airflow/dags
[2026-09-29T12:19:48.103+0000] {manager.py:878} INFO - 
================================================================================
DAG File Processing Stats

File Path                                       PID    Runtime      # DAGs    # Errors  Last Runtime    Last Run
----------------------------------------------  -----  ---------  --------  ----------  --------------  -------------------
/opt/airflow/dags/day25_kafka_orchestration.py                           1           0  0.21s           2026-09-29T12:19:48
================================================================================
[2026-09-29T12:20:18.377+0000] {manager.py:878} INFO - 
================================================================================
DAG File Processing Stats

File Path                                       PID    Runtime      # DAGs    # Errors  Last Runtime    Last Run
----------------------------------------------  -----  ---------  --------  ----------  --------------  -------------------
/opt/airflow/dags/day25_kafka_orchestration.py                           1           0  0.21s           2026-09-29T12:20:18
================================================================================
[2026-09-29T12:20:48.561+0000] {manager.py:878} INFO - 
================================================================================
DAG File Processing Stats

File Path                                       PID    Runtime      # DAGs    # Errors  Last Runtime    Last Run
----------------------------------------------  -----  ---------  --------  ----------  --------------  -------------------
/opt/airflow/dags/day25_kafka_orchestration.py                           1           0  0.12s           2026-09-29T12:20:48
================================================================================
[2026-09-29T12:21:18.834+0000] {manager.py:878} INFO - 
================================================================================
DAG File Processing Stats

File Path                                       PID    Runtime      # DAGs    # Errors  Last Runtime    Last Run
----------------------------------------------  -----  ---------  --------  ----------  --------------  -------------------
/opt/airflow/dags/day25_kafka_orchestration.py                           1           0  0.21s           2026-09-29T12:21:18
================================================================================
[2026-09-29T12:21:49.014+0000] {manager.py:878} INFO - 
================================================================================
DAG File Processing Stats

File Path                                       PID    Runtime      # DAGs    # Errors  Last Runtime    Last Run
----------------------------------------------  -----  ---------  --------  ----------  --------------  -------------------
/opt/airflow/dags/day25_kafka_orchestration.py                           1           0  0.12s           2026-09-29T12:21:49
================================================================================
[2026-09-29T12:22:19.190+0000] {manager.py:878} INFO - 
================================================================================
DAG File Processing Stats

File Path                                       PID    Runtime      # DAGs    # Errors  Last Runtime    Last Run
----------------------------------------------  -----  ---------  --------  ----------  --------------  -------------------
/opt/airflow/dags/day25_kafka_orchestration.py                           1           0  0.11s           2026-09-29T12:22:19
================================================================================
[2026-09-29T12:22:49.457+0000] {manager.py:878} INFO - 
================================================================================
DAG File Processing Stats

File Path                                       PID    Runtime      # DAGs    # Errors  Last Runtime    Last Run
----------------------------------------------  -----  ---------  --------  ----------  --------------  -------------------
/opt/airflow/dags/day25_kafka_orchestration.py                           1           0  0.21s           2026-09-29T12:22:49
================================================================================
[2026-09-29T12:23:19.736+0000] {manager.py:878} INFO - 
================================================================================
DAG File Processing Stats

File Path                                       PID    Runtime      # DAGs    # Errors  Last Runtime    Last Run
----------------------------------------------  -----  ---------  --------  ----------  --------------  -------------------
/opt/airflow/dags/day25_kafka_orchestration.py                           1           0  0.21s           2026-09-29T12:23:19
================================================================================
[2026-09-29T12:23:50.010+0000] {manager.py:878} INFO - 
================================================================================
DAG File Processing Stats

File Path                                       PID    Runtime      # DAGs    # Errors  Last Runtime    Last Run
----------------------------------------------  -----  ---------  --------  ----------  --------------  -------------------
/opt/airflow/dags/day25_kafka_orchestration.py                           1           0  0.21s           2026-09-29T12:23:50
================================================================================
[2026-09-29T12:24:20.313+0000] {manager.py:878} INFO - 
================================================================================
DAG File Processing Stats

File Path                                       PID    Runtime      # DAGs    # Errors  Last Runtime    Last Run
----------------------------------------------  -----  ---------  --------  ----------  --------------  -------------------
/opt/airflow/dags/day25_kafka_orchestration.py                           1           0  0.21s           2026-09-29T12:24:20
================================================================================
[2026-09-29T12:24:21.803+0000] {manager.py:737} INFO - Searching for files in /opt/airflow/dags
[2026-09-29T12:24:21.881+0000] {manager.py:740} INFO - There are 1 files in /opt/airflow/dags
[2026-09-29T12:24:50.601+0000] {manager.py:878} INFO - 
================================================================================
DAG File Processing Stats

File Path                                       PID    Runtime      # DAGs    # Errors  Last Runtime    Last Run
----------------------------------------------  -----  ---------  --------  ----------  --------------  -------------------
/opt/airflow/dags/day25_kafka_orchestration.py                           1           0  0.21s           2026-09-29T12:24:50
================================================================================
[2026-09-29T12:25:20.877+0000] {manager.py:878} INFO - 
================================================================================
DAG File Processing Stats

File Path                                       PID    Runtime      # DAGs    # Errors  Last Runtime    Last Run
----------------------------------------------  -----  ---------  --------  ----------  --------------  -------------------
/opt/airflow/dags/day25_kafka_orchestration.py                           1           0  0.21s           2026-09-29T12:25:20
================================================================================
[2026-09-29T12:25:51.155+0000] {manager.py:878} INFO - 
================================================================================
DAG File Processing Stats

File Path                                       PID    Runtime      # DAGs    # Errors  Last Runtime    Last Run
----------------------------------------------  -----  ---------  --------  ----------  --------------  -------------------
/opt/airflow/dags/day25_kafka_orchestration.py                           1           0  0.21s           2026-09-29T12:25:51
================================================================================
[2026-09-29T12:26:21.413+0000] {manager.py:878} INFO - 
================================================================================
DAG File Processing Stats

File Path                                       PID    Runtime      # DAGs    # Errors  Last Runtime    Last Run
----------------------------------------------  -----  ---------  --------  ----------  --------------  -------------------
/opt/airflow/dags/day25_kafka_orchestration.py                           1           0  0.21s           2026-09-29T12:26:21
================================================================================
[2026-09-29T12:26:51.803+0000] {manager.py:878} INFO - 
================================================================================
DAG File Processing Stats

File Path                                       PID    Runtime      # DAGs    # Errors  Last Runtime    Last Run
----------------------------------------------  -----  ---------  --------  ----------  --------------  -------------------
/opt/airflow/dags/day25_kafka_orchestration.py                           1           0  0.32s           2026-09-29T12:26:51
================================================================================
[2026-09-29T12:27:22.051+0000] {manager.py:878} INFO - 
================================================================================
DAG File Processing Stats

File Path                                       PID    Runtime      # DAGs    # Errors  Last Runtime    Last Run
----------------------------------------------  -----  ---------  --------  ----------  --------------  -------------------
/opt/airflow/dags/day25_kafka_orchestration.py                           1           0  0.21s           2026-09-29T12:27:22
================================================================================
[2026-09-29T12:27:52.325+0000] {manager.py:878} INFO - 
================================================================================
DAG File Processing Stats

File Path                                       PID    Runtime      # DAGs    # Errors  Last Runtime    Last Run
----------------------------------------------  -----  ---------  --------  ----------  --------------  -------------------
/opt/airflow/dags/day25_kafka_orchestration.py                           1           0  0.21s           2026-09-29T12:27:52
================================================================================
[2026-09-29T12:28:22.597+0000] {manager.py:878} INFO - 
================================================================================
DAG File Processing Stats

File Path                                       PID    Runtime      # DAGs    # Errors  Last Runtime    Last Run
----------------------------------------------  -----  ---------  --------  ----------  --------------  -------------------
/opt/airflow/dags/day25_kafka_orchestration.py                           1           0  0.21s           2026-09-29T12:28:22
================================================================================
[2026-09-29T12:28:52.854+0000] {manager.py:878} INFO - 
================================================================================
DAG File Processing Stats

File Path                                       PID    Runtime      # DAGs    # Errors  Last Runtime    Last Run
----------------------------------------------  -----  ---------  --------  ----------  --------------  -------------------
/opt/airflow/dags/day25_kafka_orchestration.py                           1           0  0.21s           2026-09-29T12:28:52
================================================================================
[2026-09-29T12:29:21.939+0000] {manager.py:737} INFO - Searching for files in /opt/airflow/dags
[2026-09-29T12:29:22.011+0000] {manager.py:740} INFO - There are 1 files in /opt/airflow/dags
[2026-09-29T12:29:23.128+0000] {manager.py:878} INFO - 
================================================================================
DAG File Processing Stats

File Path                                       PID    Runtime      # DAGs    # Errors  Last Runtime    Last Run
----------------------------------------------  -----  ---------  --------  ----------  --------------  -------------------
/opt/airflow/dags/day25_kafka_orchestration.py                           1           0  0.21s           2026-09-29T12:29:23
================================================================================
[2026-09-29T12:29:53.405+0000] {manager.py:878} INFO - 
================================================================================
DAG File Processing Stats

File Path                                       PID    Runtime      # DAGs    # Errors  Last Runtime    Last Run
----------------------------------------------  -----  ---------  --------  ----------  --------------  -------------------
/opt/airflow/dags/day25_kafka_orchestration.py                           1           0  0.21s           2026-09-29T12:29:53
================================================================================
[2026-09-29T12:30:23.686+0000] {manager.py:878} INFO - 
================================================================================
DAG File Processing Stats

File Path                                       PID    Runtime      # DAGs    # Errors  Last Runtime    Last Run
----------------------------------------------  -----  ---------  --------  ----------  --------------  -------------------
/opt/airflow/dags/day25_kafka_orchestration.py                           1           0  0.21s           2026-09-29T12:30:23
================================================================================
[2026-09-29T12:30:53.967+0000] {manager.py:878} INFO - 
================================================================================
DAG File Processing Stats

File Path                                       PID    Runtime      # DAGs    # Errors  Last Runtime    Last Run
----------------------------------------------  -----  ---------  --------  ----------  --------------  -------------------
/opt/airflow/dags/day25_kafka_orchestration.py                           1           0  0.21s           2026-09-29T12:30:53
================================================================================
[2026-09-29T12:31:24.408+0000] {manager.py:878} INFO - 
================================================================================
DAG File Processing Stats

File Path                                       PID    Runtime      # DAGs    # Errors  Last Runtime    Last Run
----------------------------------------------  -----  ---------  --------  ----------  --------------  -------------------
/opt/airflow/dags/day25_kafka_orchestration.py                           1           0  0.37s           2026-09-29T12:31:24
================================================================================
[2026-09-29T12:31:54.671+0000] {manager.py:878} INFO - 
================================================================================
DAG File Processing Stats

File Path                                       PID    Runtime      # DAGs    # Errors  Last Runtime    Last Run
----------------------------------------------  -----  ---------  --------  ----------  --------------  -------------------
/opt/airflow/dags/day25_kafka_orchestration.py                           1           0  0.21s           2026-09-29T12:31:54
================================================================================
[2026-09-29T12:32:24.945+0000] {manager.py:878} INFO - 
================================================================================
DAG File Processing Stats

File Path                                       PID    Runtime      # DAGs    # Errors  Last Runtime    Last Run
----------------------------------------------  -----  ---------  --------  ----------  --------------  -------------------
/opt/airflow/dags/day25_kafka_orchestration.py                           1           0  0.21s           2026-09-29T12:32:24
================================================================================
[2026-09-29T12:32:55.218+0000] {manager.py:878} INFO - 
================================================================================
DAG File Processing Stats

File Path                                       PID    Runtime      # DAGs    # Errors  Last Runtime    Last Run
----------------------------------------------  -----  ---------  --------  ----------  --------------  -------------------
/opt/airflow/dags/day25_kafka_orchestration.py                           1           0  0.21s           2026-09-29T12:32:55
================================================================================
[2026-09-29T12:33:25.700+0000] {manager.py:878} INFO - 
================================================================================
DAG File Processing Stats

File Path                                       PID    Runtime      # DAGs    # Errors  Last Runtime    Last Run
----------------------------------------------  -----  ---------  --------  ----------  --------------  -------------------
/opt/airflow/dags/day25_kafka_orchestration.py                           1           0  0.41s           2026-09-29T12:33:25
================================================================================
[2026-09-29T12:33:56.203+0000] {manager.py:878} INFO - 
================================================================================
DAG File Processing Stats

File Path                                       PID    Runtime      # DAGs    # Errors  Last Runtime    Last Run
----------------------------------------------  -----  ---------  --------  ----------  --------------  -------------------
/opt/airflow/dags/day25_kafka_orchestration.py                           1           0  0.42s           2026-09-29T12:33:56
================================================================================
[2026-09-29T12:34:22.039+0000] {manager.py:737} INFO - Searching for files in /opt/airflow/dags
[2026-09-29T12:34:22.113+0000] {manager.py:740} INFO - There are 1 files in /opt/airflow/dags
[2026-09-29T12:34:26.506+0000] {manager.py:878} INFO - 
================================================================================
DAG File Processing Stats

File Path                                       PID    Runtime      # DAGs    # Errors  Last Runtime    Last Run
----------------------------------------------  -----  ---------  --------  ----------  --------------  -------------------
/opt/airflow/dags/day25_kafka_orchestration.py                           1           0  0.23s           2026-09-29T12:34:26
================================================================================
[2026-09-29T12:34:56.782+0000] {manager.py:878} INFO - 
================================================================================
DAG File Processing Stats

File Path                                       PID    Runtime      # DAGs    # Errors  Last Runtime    Last Run
----------------------------------------------  -----  ---------  --------  ----------  --------------  -------------------
/opt/airflow/dags/day25_kafka_orchestration.py                           1           0  0.21s           2026-09-29T12:34:56
================================================================================
[2026-09-29T12:35:40.084+0000] {manager.py:878} INFO - 
================================================================================
DAG File Processing Stats

File Path                                       PID    Runtime      # DAGs    # Errors  Last Runtime    Last Run
----------------------------------------------  -----  ---------  --------  ----------  --------------  -------------------
/opt/airflow/dags/day25_kafka_orchestration.py                           1           0  0.21s           2026-09-29T12:35:40
================================================================================
[2026-09-29T12:36:11.297+0000] {manager.py:878} INFO - 
================================================================================
DAG File Processing Stats

File Path                                       PID    Runtime      # DAGs    # Errors  Last Runtime    Last Run
----------------------------------------------  -----  ---------  --------  ----------  --------------  -------------------
/opt/airflow/dags/day25_kafka_orchestration.py                           1           0  0.21s           2026-09-29T12:36:11
================================================================================
[2026-09-29T12:36:41.555+0000] {manager.py:878} INFO - 
================================================================================
DAG File Processing Stats

File Path                                       PID    Runtime      # DAGs    # Errors  Last Runtime    Last Run
----------------------------------------------  -----  ---------  --------  ----------  --------------  -------------------
/opt/airflow/dags/day25_kafka_orchestration.py                           1           0  0.21s           2026-09-29T12:36:41
================================================================================
[2026-09-29T12:37:11.835+0000] {manager.py:878} INFO - 
================================================================================
DAG File Processing Stats

File Path                                       PID    Runtime      # DAGs    # Errors  Last Runtime    Last Run
----------------------------------------------  -----  ---------  --------  ----------  --------------  -------------------
/opt/airflow/dags/day25_kafka_orchestration.py                           1           0  0.21s           2026-09-29T12:37:11
================================================================================
[2026-09-29T12:37:42.111+0000] {manager.py:878} INFO - 
================================================================================
DAG File Processing Stats

File Path                                       PID    Runtime      # DAGs    # Errors  Last Runtime    Last Run
----------------------------------------------  -----  ---------  --------  ----------  --------------  -------------------
/opt/airflow/dags/day25_kafka_orchestration.py                           1           0  0.21s           2026-09-29T12:37:42
================================================================================
[2026-09-29T12:38:12.491+0000] {manager.py:878} INFO - 
================================================================================
DAG File Processing Stats

File Path                                       PID    Runtime      # DAGs    # Errors  Last Runtime    Last Run
----------------------------------------------  -----  ---------  --------  ----------  --------------  -------------------
/opt/airflow/dags/day25_kafka_orchestration.py                           1           0  0.31s           2026-09-29T12:38:12
================================================================================
[2026-09-29T12:38:43.671+0000] {manager.py:878} INFO - 
================================================================================
DAG File Processing Stats

File Path                                       PID    Runtime      # DAGs    # Errors  Last Runtime    Last Run
----------------------------------------------  -----  ---------  --------  ----------  --------------  -------------------
/opt/airflow/dags/day25_kafka_orchestration.py                           1           0  0.21s           2026-09-29T12:38:43
================================================================================
[2026-09-29T12:39:14.028+0000] {manager.py:878} INFO - 
================================================================================
DAG File Processing Stats

File Path                                       PID    Runtime      # DAGs    # Errors  Last Runtime    Last Run
----------------------------------------------  -----  ---------  --------  ----------  --------------  -------------------
/opt/airflow/dags/day25_kafka_orchestration.py                           1           0  0.21s           2026-09-29T12:39:14
================================================================================
[2026-09-29T12:39:22.194+0000] {manager.py:737} INFO - Searching for files in /opt/airflow/dags
[2026-09-29T12:39:22.263+0000] {manager.py:740} INFO - There are 1 files in /opt/airflow/dags
[2026-09-29T12:39:44.287+0000] {manager.py:878} INFO - 
================================================================================
DAG File Processing Stats

File Path                                       PID    Runtime      # DAGs    # Errors  Last Runtime    Last Run
----------------------------------------------  -----  ---------  --------  ----------  --------------  -------------------
/opt/airflow/dags/day25_kafka_orchestration.py                           1           0  0.21s           2026-09-29T12:39:44
================================================================================
[2026-09-29T12:40:14.587+0000] {manager.py:878} INFO - 
================================================================================
DAG File Processing Stats

File Path                                       PID    Runtime      # DAGs    # Errors  Last Runtime    Last Run
----------------------------------------------  -----  ---------  --------  ----------  --------------  -------------------
/opt/airflow/dags/day25_kafka_orchestration.py                           1           0  0.21s           2026-09-29T12:40:14
================================================================================
[2026-09-29T12:40:44.874+0000] {manager.py:878} INFO - 
================================================================================
DAG File Processing Stats

File Path                                       PID    Runtime      # DAGs    # Errors  Last Runtime    Last Run
----------------------------------------------  -----  ---------  --------  ----------  --------------  -------------------
/opt/airflow/dags/day25_kafka_orchestration.py                           1           0  0.21s           2026-09-29T12:40:44
================================================================================
[2026-09-29T12:41:15.114+0000] {manager.py:878} INFO - 
================================================================================
DAG File Processing Stats

File Path                                       PID    Runtime      # DAGs    # Errors  Last Runtime    Last Run
----------------------------------------------  -----  ---------  --------  ----------  --------------  -------------------
/opt/airflow/dags/day25_kafka_orchestration.py                           1           0  0.21s           2026-09-29T12:41:15
================================================================================
[2026-09-29T12:41:45.422+0000] {manager.py:878} INFO - 
================================================================================
DAG File Processing Stats

File Path                                       PID    Runtime      # DAGs    # Errors  Last Runtime    Last Run
----------------------------------------------  -----  ---------  --------  ----------  --------------  -------------------
/opt/airflow/dags/day25_kafka_orchestration.py                           1           0  0.22s           2026-09-29T12:41:45
================================================================================
[2026-09-29T12:42:15.673+0000] {manager.py:878} INFO - 
================================================================================
DAG File Processing Stats

File Path                                       PID    Runtime      # DAGs    # Errors  Last Runtime    Last Run
----------------------------------------------  -----  ---------  --------  ----------  --------------  -------------------
/opt/airflow/dags/day25_kafka_orchestration.py                           1           0  0.21s           2026-09-29T12:42:15
================================================================================
[2026-09-29T12:42:45.954+0000] {manager.py:878} INFO - 
================================================================================
DAG File Processing Stats

File Path                                       PID    Runtime      # DAGs    # Errors  Last Runtime    Last Run
----------------------------------------------  -----  ---------  --------  ----------  --------------  -------------------
/opt/airflow/dags/day25_kafka_orchestration.py                           1           0  0.21s           2026-09-29T12:42:45
================================================================================
[2026-09-29T12:43:16.218+0000] {manager.py:878} INFO - 
================================================================================
DAG File Processing Stats

File Path                                       PID    Runtime      # DAGs    # Errors  Last Runtime    Last Run
----------------------------------------------  -----  ---------  --------  ----------  --------------  -------------------
/opt/airflow/dags/day25_kafka_orchestration.py                           1           0  0.21s           2026-09-29T12:43:16
================================================================================
[2026-09-29T12:43:46.480+0000] {manager.py:878} INFO - 
================================================================================
DAG File Processing Stats

File Path                                       PID    Runtime      # DAGs    # Errors  Last Runtime    Last Run
----------------------------------------------  -----  ---------  --------  ----------  --------------  -------------------
/opt/airflow/dags/day25_kafka_orchestration.py                           1           0  0.21s           2026-09-29T12:43:46
================================================================================
[2026-09-29T12:44:16.719+0000] {manager.py:878} INFO - 
================================================================================
DAG File Processing Stats

File Path                                       PID    Runtime      # DAGs    # Errors  Last Runtime    Last Run
----------------------------------------------  -----  ---------  --------  ----------  --------------  -------------------
/opt/airflow/dags/day25_kafka_orchestration.py                           1           0  0.21s           2026-09-29T12:44:16
================================================================================
[2026-09-29T12:44:22.298+0000] {manager.py:737} INFO - Searching for files in /opt/airflow/dags
[2026-09-29T12:44:22.362+0000] {manager.py:740} INFO - There are 1 files in /opt/airflow/dags
[2026-09-29T12:44:47.034+0000] {manager.py:878} INFO - 
================================================================================
DAG File Processing Stats

File Path                                       PID    Runtime      # DAGs    # Errors  Last Runtime    Last Run
----------------------------------------------  -----  ---------  --------  ----------  --------------  -------------------
/opt/airflow/dags/day25_kafka_orchestration.py                           1           0  0.21s           2026-09-29T12:44:47
================================================================================
[2026-09-29T12:45:17.283+0000] {manager.py:878} INFO - 
================================================================================
DAG File Processing Stats

File Path                                       PID    Runtime      # DAGs    # Errors  Last Runtime    Last Run
----------------------------------------------  -----  ---------  --------  ----------  --------------  -------------------
/opt/airflow/dags/day25_kafka_orchestration.py                           1           0  0.21s           2026-09-29T12:45:17
================================================================================
[2026-09-29T12:45:47.618+0000] {manager.py:878} INFO - 
================================================================================
DAG File Processing Stats

File Path                                       PID    Runtime      # DAGs    # Errors  Last Runtime    Last Run
----------------------------------------------  -----  ---------  --------  ----------  --------------  -------------------
/opt/airflow/dags/day25_kafka_orchestration.py                           1           0  0.21s           2026-09-29T12:45:47
================================================================================
[2026-09-29T12:46:17.872+0000] {manager.py:878} INFO - 
================================================================================
DAG File Processing Stats

File Path                                       PID    Runtime      # DAGs    # Errors  Last Runtime    Last Run
----------------------------------------------  -----  ---------  --------  ----------  --------------  -------------------
/opt/airflow/dags/day25_kafka_orchestration.py                           1           0  0.21s           2026-09-29T12:46:17
================================================================================
[2026-09-29T12:46:48.132+0000] {manager.py:878} INFO - 
================================================================================
DAG File Processing Stats

File Path                                       PID    Runtime      # DAGs    # Errors  Last Runtime    Last Run
----------------------------------------------  -----  ---------  --------  ----------  --------------  -------------------
/opt/airflow/dags/day25_kafka_orchestration.py                           1           0  0.21s           2026-09-29T12:46:48
================================================================================
[2026-09-29T12:47:18.443+0000] {manager.py:878} INFO - 
================================================================================
DAG File Processing Stats

File Path                                       PID    Runtime      # DAGs    # Errors  Last Runtime    Last Run
----------------------------------------------  -----  ---------  --------  ----------  --------------  -------------------
/opt/airflow/dags/day25_kafka_orchestration.py                           1           0  0.21s           2026-09-29T12:47:18
================================================================================
[2026-09-29T12:47:48.848+0000] {manager.py:878} INFO - 
================================================================================
DAG File Processing Stats

File Path                                       PID    Runtime      # DAGs    # Errors  Last Runtime    Last Run
----------------------------------------------  -----  ---------  --------  ----------  --------------  -------------------
/opt/airflow/dags/day25_kafka_orchestration.py                           1           0  0.31s           2026-09-29T12:47:48
================================================================================
[2026-09-29T12:48:20.034+0000] {manager.py:878} INFO - 
================================================================================
DAG File Processing Stats

File Path                                       PID    Runtime      # DAGs    # Errors  Last Runtime    Last Run
----------------------------------------------  -----  ---------  --------  ----------  --------------  -------------------
/opt/airflow/dags/day25_kafka_orchestration.py                           1           0  0.39s           2026-09-29T12:48:20
================================================================================
[2026-09-29T12:48:51.123+0000] {manager.py:878} INFO - 
================================================================================
DAG File Processing Stats

File Path                                       PID    Runtime      # DAGs    # Errors  Last Runtime    Last Run
----------------------------------------------  -----  ---------  --------  ----------  --------------  -------------------
/opt/airflow/dags/day25_kafka_orchestration.py                           1           0  0.21s           2026-09-29T12:48:51
================================================================================
[2026-09-29T12:49:21.447+0000] {manager.py:878} INFO - 
================================================================================
DAG File Processing Stats

File Path                                       PID    Runtime      # DAGs    # Errors  Last Runtime    Last Run
----------------------------------------------  -----  ---------  --------  ----------  --------------  -------------------
/opt/airflow/dags/day25_kafka_orchestration.py                           1           0  0.21s           2026-09-29T12:49:21
================================================================================
[2026-09-29T12:49:22.375+0000] {manager.py:737} INFO - Searching for files in /opt/airflow/dags
[2026-09-29T12:49:22.454+0000] {manager.py:740} INFO - There are 1 files in /opt/airflow/dags
[2026-09-29T12:49:51.683+0000] {manager.py:878} INFO - 
================================================================================
DAG File Processing Stats

File Path                                       PID    Runtime      # DAGs    # Errors  Last Runtime    Last Run
----------------------------------------------  -----  ---------  --------  ----------  --------------  -------------------
/opt/airflow/dags/day25_kafka_orchestration.py                           1           0  0.21s           2026-09-29T12:49:51
================================================================================
[2026-09-29T12:50:21.954+0000] {manager.py:878} INFO - 
================================================================================
DAG File Processing Stats

File Path                                       PID    Runtime      # DAGs    # Errors  Last Runtime    Last Run
----------------------------------------------  -----  ---------  --------  ----------  --------------  -------------------
/opt/airflow/dags/day25_kafka_orchestration.py                           1           0  0.21s           2026-09-29T12:50:21
================================================================================
[2026-09-29T12:50:52.226+0000] {manager.py:878} INFO - 
================================================================================
DAG File Processing Stats

File Path                                       PID    Runtime      # DAGs    # Errors  Last Runtime    Last Run
----------------------------------------------  -----  ---------  --------  ----------  --------------  -------------------
/opt/airflow/dags/day25_kafka_orchestration.py                           1           0  0.21s           2026-09-29T12:50:52
================================================================================
[2026-09-29T12:51:22.498+0000] {manager.py:878} INFO - 
================================================================================
DAG File Processing Stats

File Path                                       PID    Runtime      # DAGs    # Errors  Last Runtime    Last Run
----------------------------------------------  -----  ---------  --------  ----------  --------------  -------------------
/opt/airflow/dags/day25_kafka_orchestration.py                           1           0  0.21s           2026-09-29T12:51:22
================================================================================
[2026-09-29T12:51:52.757+0000] {manager.py:878} INFO - 
================================================================================
DAG File Processing Stats

File Path                                       PID    Runtime      # DAGs    # Errors  Last Runtime    Last Run
----------------------------------------------  -----  ---------  --------  ----------  --------------  -------------------
/opt/airflow/dags/day25_kafka_orchestration.py                           1           0  0.21s           2026-09-29T12:51:52
================================================================================
[2026-09-29T12:52:23.147+0000] {manager.py:878} INFO - 
================================================================================
DAG File Processing Stats

File Path                                       PID    Runtime      # DAGs    # Errors  Last Runtime    Last Run
----------------------------------------------  -----  ---------  --------  ----------  --------------  -------------------
/opt/airflow/dags/day25_kafka_orchestration.py                           1           0  0.31s           2026-09-29T12:52:23
================================================================================
[2026-09-29T12:52:53.452+0000] {manager.py:878} INFO - 
================================================================================
DAG File Processing Stats

File Path                                       PID    Runtime      # DAGs    # Errors  Last Runtime    Last Run
----------------------------------------------  -----  ---------  --------  ----------  --------------  -------------------
/opt/airflow/dags/day25_kafka_orchestration.py                           1           0  0.21s           2026-09-29T12:52:53
================================================================================
[2026-09-29T12:53:23.767+0000] {manager.py:878} INFO - 
================================================================================
DAG File Processing Stats

File Path                                       PID    Runtime      # DAGs    # Errors  Last Runtime    Last Run
----------------------------------------------  -----  ---------  --------  ----------  --------------  -------------------
/opt/airflow/dags/day25_kafka_orchestration.py                           1           0  0.21s           2026-09-29T12:53:23
================================================================================
[2026-09-29T12:53:54.069+0000] {manager.py:878} INFO - 
================================================================================
DAG File Processing Stats

File Path                                       PID    Runtime      # DAGs    # Errors  Last Runtime    Last Run
----------------------------------------------  -----  ---------  --------  ----------  --------------  -------------------
/opt/airflow/dags/day25_kafka_orchestration.py                           1           0  0.21s           2026-09-29T12:53:54
================================================================================
[2026-09-29T12:54:22.497+0000] {manager.py:737} INFO - Searching for files in /opt/airflow/dags
[2026-09-29T12:54:22.563+0000] {manager.py:740} INFO - There are 1 files in /opt/airflow/dags
[2026-09-29T12:54:24.380+0000] {manager.py:878} INFO - 
================================================================================
DAG File Processing Stats

File Path                                       PID    Runtime      # DAGs    # Errors  Last Runtime    Last Run
----------------------------------------------  -----  ---------  --------  ----------  --------------  -------------------
/opt/airflow/dags/day25_kafka_orchestration.py                           1           0  0.21s           2026-09-29T12:54:24
================================================================================
[2026-09-29T12:54:54.680+0000] {manager.py:878} INFO - 
================================================================================
DAG File Processing Stats

File Path                                       PID    Runtime      # DAGs    # Errors  Last Runtime    Last Run
----------------------------------------------  -----  ---------  --------  ----------  --------------  -------------------
/opt/airflow/dags/day25_kafka_orchestration.py                           1           0  0.21s           2026-09-29T12:54:54
================================================================================
[2026-09-29T12:55:25.078+0000] {manager.py:878} INFO - 
================================================================================
DAG File Processing Stats

File Path                                       PID    Runtime      # DAGs    # Errors  Last Runtime    Last Run
----------------------------------------------  -----  ---------  --------  ----------  --------------  -------------------
/opt/airflow/dags/day25_kafka_orchestration.py                           1           0  0.31s           2026-09-29T12:55:25
================================================================================
[2026-09-29T12:55:55.379+0000] {manager.py:878} INFO - 
================================================================================
DAG File Processing Stats

File Path                                       PID    Runtime      # DAGs    # Errors  Last Runtime    Last Run
----------------------------------------------  -----  ---------  --------  ----------  --------------  -------------------
/opt/airflow/dags/day25_kafka_orchestration.py                           1           0  0.21s           2026-09-29T12:55:55
================================================================================
[2026-09-29T12:56:25.682+0000] {manager.py:878} INFO - 
================================================================================
DAG File Processing Stats

File Path                                       PID    Runtime      # DAGs    # Errors  Last Runtime    Last Run
----------------------------------------------  -----  ---------  --------  ----------  --------------  -------------------
/opt/airflow/dags/day25_kafka_orchestration.py                           1           0  0.21s           2026-09-29T12:56:25
================================================================================
[2026-09-29T12:56:56.204+0000] {manager.py:878} INFO - 
================================================================================
DAG File Processing Stats

File Path                                       PID    Runtime      # DAGs    # Errors  Last Runtime    Last Run
----------------------------------------------  -----  ---------  --------  ----------  --------------  -------------------
/opt/airflow/dags/day25_kafka_orchestration.py                           1           0  0.42s           2026-09-29T12:56:56
================================================================================
[2026-09-29T12:57:26.603+0000] {manager.py:878} INFO - 
================================================================================
DAG File Processing Stats

File Path                                       PID    Runtime      # DAGs    # Errors  Last Runtime    Last Run
----------------------------------------------  -----  ---------  --------  ----------  --------------  -------------------
/opt/airflow/dags/day25_kafka_orchestration.py                           1           0  0.31s           2026-09-29T12:57:26
================================================================================
[2026-09-29T12:57:57.025+0000] {manager.py:878} INFO - 
================================================================================
DAG File Processing Stats

File Path                                       PID    Runtime      # DAGs    # Errors  Last Runtime    Last Run
----------------------------------------------  -----  ---------  --------  ----------  --------------  -------------------
/opt/airflow/dags/day25_kafka_orchestration.py                           1           0  0.31s           2026-09-29T12:57:57
================================================================================
[2026-09-29T12:58:27.409+0000] {manager.py:878} INFO - 
================================================================================
DAG File Processing Stats

File Path                                       PID    Runtime      # DAGs    # Errors  Last Runtime    Last Run
----------------------------------------------  -----  ---------  --------  ----------  --------------  -------------------
/opt/airflow/dags/day25_kafka_orchestration.py                           1           0  0.31s           2026-09-29T12:58:27
================================================================================
[2026-09-29T12:58:57.806+0000] {manager.py:878} INFO - 
================================================================================
DAG File Processing Stats

File Path                                       PID    Runtime      # DAGs    # Errors  Last Runtime    Last Run
----------------------------------------------  -----  ---------  --------  ----------  --------------  -------------------
/opt/airflow/dags/day25_kafka_orchestration.py                           1           0  0.21s           2026-09-29T12:58:57
================================================================================
[2026-09-29T12:59:22.594+0000] {manager.py:737} INFO - Searching for files in /opt/airflow/dags
[2026-09-29T12:59:22.666+0000] {manager.py:740} INFO - There are 1 files in /opt/airflow/dags
[2026-09-29T12:59:28.080+0000] {manager.py:878} INFO - 
================================================================================
DAG File Processing Stats

File Path                                       PID    Runtime      # DAGs    # Errors  Last Runtime    Last Run
----------------------------------------------  -----  ---------  --------  ----------  --------------  -------------------
/opt/airflow/dags/day25_kafka_orchestration.py                           1           0  0.21s           2026-09-29T12:59:28
================================================================================
[2026-09-29T12:59:58.354+0000] {manager.py:878} INFO - 
================================================================================
DAG File Processing Stats

File Path                                       PID    Runtime      # DAGs    # Errors  Last Runtime    Last Run
----------------------------------------------  -----  ---------  --------  ----------  --------------  -------------------
/opt/airflow/dags/day25_kafka_orchestration.py                           1           0  0.21s           2026-09-29T12:59:58
================================================================================
[2026-09-29T13:00:28.629+0000] {manager.py:878} INFO - 
================================================================================
DAG File Processing Stats

File Path                                       PID    Runtime      # DAGs    # Errors  Last Runtime    Last Run
----------------------------------------------  -----  ---------  --------  ----------  --------------  -------------------
/opt/airflow/dags/day25_kafka_orchestration.py                           1           0  0.21s           2026-09-29T13:00:28
================================================================================
[2026-09-29T13:00:58.992+0000] {manager.py:878} INFO - 
================================================================================
DAG File Processing Stats

File Path                                       PID    Runtime      # DAGs    # Errors  Last Runtime    Last Run
----------------------------------------------  -----  ---------  --------  ----------  --------------  -------------------
/opt/airflow/dags/day25_kafka_orchestration.py                           1           0  0.28s           2026-09-29T13:00:58
================================================================================
[2026-09-29T13:01:29.459+0000] {manager.py:878} INFO - 
================================================================================
DAG File Processing Stats

File Path                                       PID    Runtime      # DAGs    # Errors  Last Runtime    Last Run
----------------------------------------------  -----  ---------  --------  ----------  --------------  -------------------
/opt/airflow/dags/day25_kafka_orchestration.py                           1           0  0.41s           2026-09-29T13:01:29
================================================================================
[2026-09-29T13:01:59.732+0000] {manager.py:878} INFO - 
================================================================================
DAG File Processing Stats

File Path                                       PID    Runtime      # DAGs    # Errors  Last Runtime    Last Run
----------------------------------------------  -----  ---------  --------  ----------  --------------  -------------------
/opt/airflow/dags/day25_kafka_orchestration.py                           1           0  0.21s           2026-09-29T13:01:59
================================================================================
[2026-09-29T13:02:30.018+0000] {manager.py:878} INFO - 
================================================================================
DAG File Processing Stats

File Path                                       PID    Runtime      # DAGs    # Errors  Last Runtime    Last Run
----------------------------------------------  -----  ---------  --------  ----------  --------------  -------------------
/opt/airflow/dags/day25_kafka_orchestration.py                           1           0  0.21s           2026-09-29T13:02:30
================================================================================
[2026-09-29T13:03:00.291+0000] {manager.py:878} INFO - 
================================================================================
DAG File Processing Stats

File Path                                       PID    Runtime      # DAGs    # Errors  Last Runtime    Last Run
----------------------------------------------  -----  ---------  --------  ----------  --------------  -------------------
/opt/airflow/dags/day25_kafka_orchestration.py                           1           0  0.21s           2026-09-29T13:03:00
================================================================================
[2026-09-29T13:03:30.567+0000] {manager.py:878} INFO - 
================================================================================
DAG File Processing Stats

File Path                                       PID    Runtime      # DAGs    # Errors  Last Runtime    Last Run
----------------------------------------------  -----  ---------  --------  ----------  --------------  -------------------
/opt/airflow/dags/day25_kafka_orchestration.py                           1           0  0.21s           2026-09-29T13:03:30
================================================================================
[2026-09-29T13:04:00.842+0000] {manager.py:878} INFO - 
================================================================================
DAG File Processing Stats

File Path                                       PID    Runtime      # DAGs    # Errors  Last Runtime    Last Run
----------------------------------------------  -----  ---------  --------  ----------  --------------  -------------------
/opt/airflow/dags/day25_kafka_orchestration.py                           1           0  0.21s           2026-09-29T13:04:00
================================================================================
[2026-09-29T13:04:22.684+0000] {manager.py:737} INFO - Searching for files in /opt/airflow/dags
[2026-09-29T13:04:22.762+0000] {manager.py:740} INFO - There are 1 files in /opt/airflow/dags
[2026-09-29T13:04:31.124+0000] {manager.py:878} INFO - 
================================================================================
DAG File Processing Stats

File Path                                       PID    Runtime      # DAGs    # Errors  Last Runtime    Last Run
----------------------------------------------  -----  ---------  --------  ----------  --------------  -------------------
/opt/airflow/dags/day25_kafka_orchestration.py                           1           0  0.22s           2026-09-29T13:04:31
================================================================================
[2026-09-29T13:05:01.496+0000] {manager.py:878} INFO - 
================================================================================
DAG File Processing Stats

File Path                                       PID    Runtime      # DAGs    # Errors  Last Runtime    Last Run
----------------------------------------------  -----  ---------  --------  ----------  --------------  -------------------
/opt/airflow/dags/day25_kafka_orchestration.py                           1           0  0.31s           2026-09-29T13:05:01
================================================================================
[2026-09-29T13:05:31.773+0000] {manager.py:878} INFO - 
================================================================================
DAG File Processing Stats

File Path                                       PID    Runtime      # DAGs    # Errors  Last Runtime    Last Run
----------------------------------------------  -----  ---------  --------  ----------  --------------  -------------------
/opt/airflow/dags/day25_kafka_orchestration.py                           1           0  0.21s           2026-09-29T13:05:31
================================================================================
[2026-09-29T13:06:02.164+0000] {manager.py:878} INFO - 
================================================================================
DAG File Processing Stats

File Path                                       PID    Runtime      # DAGs    # Errors  Last Runtime    Last Run
----------------------------------------------  -----  ---------  --------  ----------  --------------  -------------------
/opt/airflow/dags/day25_kafka_orchestration.py                           1           0  0.31s           2026-09-29T13:06:02
================================================================================
[2026-09-29T13:06:32.580+0000] {manager.py:878} INFO - 
================================================================================
DAG File Processing Stats

File Path                                       PID    Runtime      # DAGs    # Errors  Last Runtime    Last Run
----------------------------------------------  -----  ---------  --------  ----------  --------------  -------------------
/opt/airflow/dags/day25_kafka_orchestration.py                           1           0  0.31s           2026-09-29T13:06:32
================================================================================
[2026-09-29T13:39:42.728+0000] {manager.py:737} INFO - Searching for files in /opt/airflow/dags
[2026-09-29T13:39:44.616+0000] {manager.py:740} INFO - There are 1 files in /opt/airflow/dags
[2026-09-29T13:39:46.153+0000] {manager.py:878} INFO - 
================================================================================
DAG File Processing Stats

File Path                                       PID    Runtime      # DAGs    # Errors  Last Runtime    Last Run
----------------------------------------------  -----  ---------  --------  ----------  --------------  -------------------
/opt/airflow/dags/day25_kafka_orchestration.py                           1           0  1.32s           2026-09-29T13:39:46
================================================================================
[2026-09-29T13:40:16.720+0000] {manager.py:878} INFO - 
================================================================================
DAG File Processing Stats

File Path                                       PID    Runtime      # DAGs    # Errors  Last Runtime    Last Run
----------------------------------------------  -----  ---------  --------  ----------  --------------  -------------------
/opt/airflow/dags/day25_kafka_orchestration.py                           1           0  0.43s           2026-09-29T13:40:16
================================================================================
[2026-09-29T13:40:46.589+0000] {manager.py:878} INFO - 
================================================================================
DAG File Processing Stats

File Path                                       PID    Runtime      # DAGs    # Errors  Last Runtime    Last Run
----------------------------------------------  -----  ---------  --------  ----------  --------------  -------------------
/opt/airflow/dags/day25_kafka_orchestration.py                           1           0  0.43s           2026-09-29T13:40:16
================================================================================
