order_id,customer_id,amount
1,2,22.26
2,5,130.0
3,3,370.87
4,9,52.6
5,7,25.57
6,2,117.13
7,9,304.99
8,9,107.43
9,9,215.56
10,8,298.74
11,1,381.82
12,3,352.09
13,6,146.16
14,4,479.03
15,6,60.08
16,7,57.39
17,6,305.83
18,1,367.57
19,9,71.16
20,7,48.61
21,5,416.41
22,10,443.87
23,6,292.9
24,2,32.45
25,4,388.8
26,2,429.11
27,2,196.26
28,8,321.49
29,6,89.7
30,6,112.66
31,5,353.89
32,2,308.47
33,3,271.73
34,4,90.07
35,7,142.27
36,9,117.61
37,6,423.0
38,1,122.23
39,1,404.47
40,7,141.19
41,4,457.44
42,10,439.42
43,6,114.19
44,8,203.86
45,8,80.01
46,3,130.85
47,9,274.1
48,10,219.93
49,10,205.71
50,4,498.69
51,3,259.67
52,2,380.33
53,2,84.89
54,3,398.12
55,7,302.24
56,7,196.99
57,8,269.27
58,9,431.78
59,1,343.34
60,2,344.04
61,9,377.93
62,6,64.66
63,7,87.5
64,1,477.37
65,5,486.23
66,3,258.76
67,2,436.55
68,5,422.42
69,9,308.4
70,3,193.22
71,3,274.3
72,9,460.06
73,10,168.84
74,1,64.82
75,6,440.57
76,5,127.33
77,4,440.22
78,2,51.97
79,8,409.85
80,9,385.26
81,3,333.28
82,9,90.91
83,9,437.49
84,7,482.54
85,9,380.08
86,4,359.34
87,7,497.62
88,6,224.67
89,9,231.23
90,4,120.1
91,6,20.31
92,9,122.76
93,4,13.52
94,1,122.18
95,1,431.22
96,2,261.94
97,5,337.8
98,4,274.22
99,10,292.34
100,4,394.46
101,7,103.3
102,2,332.9
103,6,217.55
104,8,433.28
105,1,339.95
106,2,39.7
107,6,402.29
108,2,131.84
109,4,272.78
110,3,216.72
111,5,236.69
112,2,227.13
113,9,57.98
114,9,419.65
115,2,463.92
116,4,91.49
117,8,245.87
118,7,452.2
119,3,195.7
120,7,139.95
121,8,149.77
122,9,334.32
123,8,85.85
124,5,116.67
125,1,293.8
126,9,39.87
127,6,38.01
128,10,243.63
129,9,87.14
130,9,49.25
131,3,43.58
132,2,340.85
133,4,207.85
134,10,130.65
135,10,29.47
136,2,215.42
137,10,286.96
138,6,468.01
139,4,338.17
140,6,126.96
141,7,74.13
142,5,234.04
143,2,14.56
144,10,499.24
145,2,45.9
146,4,257.88
147,3,467.3
148,2,440.84
149,6,149.64
150,8,418.54
151,5,309.72
152,9,13.83
153,9,156.7
154,2,470.08
155,3,139.59
156,2,373.78
157,3,143.45
158,10,113.21
159,6,109.76
160,5,257.65
161,5,453.61
162,1,55.23
163,7,416.38
164,1,11.74
165,3,322.19
166,5,89.18
167,8,280.32
168,7,284.84
169,2,46.87
170,3,277.34
171,6,295.43
172,3,220.6
173,1,161.05
174,1,450.47
175,4,344.21
176,2,183.3
177,9,443.23
178,7,487.18
179,3,463.62
180,4,433.66
181,3,441.89
182,1,97.89
183,6,393.37
184,7,403.1
185,4,140.73
186,2,197.45
187,1,430.71
188,4,107.79
189,8,181.33
190,4,119.23
191,4,205.25
192,5,433.53
193,5,182.06
194,9,205.84
195,9,172.26
196,1,66.52
197,5,97.5
198,5,28.75
199,10,222.94
200,6,223.83
201,9,66.67
202,10,103.14
203,1,357.3
204,1,264.76
205,9,346.56
206,4,188.47
207,2,474.95
208,6,315.35
209,2,362.68
210,5,258.49
211,7,169.83
212,5,281.66
213,4,216.02
214,7,341.89
215,3,311.6
216,5,208.98
217,1,158.9
218,4,220.65
219,10,307.26
220,6,237.84
221,8,341.06
222,9,241.86
223,3,332.84
224,5,262.57
225,10,174.24
226,4,339.67
227,4,405.22
228,3,21.97
229,4,492.13
230,10,426.37
231,2,233.15
232,10,105.27
233,7,252.24
234,4,82.31
235,1,447.4
236,2,391.43
237,4,96.18
238,9,237.63
239,9,132.11
240,2,233.67
241,8,337.11
242,9,301.77
243,8,310.2
244,9,219.1
245,9,228.5
246,3,374.39
247,8,230.53
248,4,421.53
249,5,385.25
250,9,247.45
251,4,144.55
252,2,359.64
253,4,143.14
254,6,447.58
255,2,77.8
256,4,197.69
257,3,356.15
258,2,213.29
259,6,275.88
260,7,40.51
261,7,200.84
262,10,473.57
263,1,429.8
264,10,196.39
265,1,471.94
266,5,379.2
267,7,273.73
268,9,401.94
269,4,249.23
270,5,223.56
271,1,200.54
272,7,364.85
273,8,460.58
274,10,271.72
275,7,300.03
276,1,51.13
277,7,76.49
278,8,99.05
279,5,195.76
280,4,232.8
281,6,383.0
282,7,146.35
283,7,133.61
284,2,240.45
285,9,35.52
286,6,119.87
287,2,392.8
288,1,379.57
289,4,107.69
290,1,314.45
291,4,71.85
292,2,286.35
293,4,237.87
294,5,385.78
295,3,306.89
296,2,391.12
297,3,482.71
298,2,293.56
299,5,292.14
300,7,204.36
301,4,47.24
302,4,59.93
303,5,426.64
304,10,404.71
305,10,393.49
306,6,271.05
307,6,43.79
308,6,16.2
309,7,412.94
310,2,222.43
311,6,321.44
312,8,356.58
313,7,96.31
314,9,483.08
315,5,311.8
316,9,389.57
317,8,223.43
318,10,141.51
319,4,417.06
320,2,146.67
321,8,129.49
322,8,289.23
323,7,174.83
324,8,426.97
325,3,248.9
326,6,400.94
327,6,147.03
328,10,353.58
329,5,282.34
330,9,474.55
331,2,128.26
332,7,249.4
333,4,348.4
334,8,229.61
335,1,55.6
336,4,208.16
337,4,160.04
338,10,190.82
339,9,270.15
340,7,498.35
341,9,172.09
342,8,142.75
343,5,122.96
344,4,164.62
345,9,475.93
346,3,103.86
347,8,145.48
348,10,488.54
349,9,302.43
350,2,417.99
351,5,121.47
352,3,158.11
353,9,72.03
354,1,487.4
355,9,153.15
356,3,322.56
357,8,60.27
358,1,291.29
359,8,244.57
360,6,100.34
361,1,133.71
362,8,65.9
363,2,206.35
364,2,292.74
365,1,84.35
366,10,475.07
367,2,497.02
368,2,283.46
369,7,307.1
370,10,120.59
371,9,196.39
372,8,155.7
373,10,495.12
374,5,288.63
375,1,308.72
376,2,474.32
377,4,316.5
378,5,333.61
379,3,127.53
380,9,46.78
381,1,210.17
382,10,240.26
383,1,123.42
384,5,354.46
385,8,44.88
386,4,462.72
387,10,333.98
388,4,218.32
389,9,120.16
390,3,455.12
391,3,44.99
392,3,398.39
393,10,376.99
394,10,461.38
395,8,70.93
396,5,352.87
397,5,255.23
398,8,224.5
399,10,29.53
400,7,369.92
401,10,132.68
402,2,122.17
403,10,297.69
404,1,499.79
405,5,292.36
406,3,240.55
407,8,458.88
408,3,498.5
409,7,321.04
410,8,484.84
411,8,180.5
412,6,167.32
413,2,430.29
414,6,211.71
415,8,151.23
416,7,408.65
417,9,27.98
418,2,164.11
419,6,66.8
420,7,433.81
421,1,332.25
422,9,236.37
423,1,101.92
424,6,315.09
425,8,316.45
426,1,109.74
427,9,74.2
428,5,224.68
429,8,69.5
430,10,401.66
431,3,162.27
432,1,280.6
433,2,120.1
434,2,236.11
435,2,327.38
436,3,254.2
437,5,259.35
438,5,213.59
439,8,490.32
440,4,233.83
441,3,197.96
442,10,259.04
443,3,433.37
444,5,388.61
445,7,176.54
446,9,140.91
447,1,148.59
448,5,420.36
449,10,499.46
450,8,433.98
451,8,273.9
452,6,172.9
453,9,194.83
454,6,436.1
455,4,290.18
456,4,429.45
457,7,31.39
458,8,355.56
459,7,199.18
460,3,252.71
461,1,71.86
462,10,172.68
463,2,438.35
464,8,58.86
465,8,17.52
466,3,210.89
467,3,46.67
468,5,175.9
469,7,328.42
470,6,427.65
471,9,196.2
472,6,317.13
473,8,437.47
474,1,312.56
475,4,319.27
476,5,498.74
477,2,222.65
478,2,382.58
479,2,227.4
480,5,452.68
481,1,168.94
482,1,153.75
483,6,221.04
484,4,270.27
485,10,344.08
486,3,93.29
487,2,308.65
488,7,313.66
489,4,253.86
490,10,80.13
491,8,322.57
492,8,135.11
493,1,450.47
494,8,451.59
495,9,87.41
496,8,473.17
497,10,156.59
498,7,348.25
499,8,424.2
500,4,499.69
501,8,62.26
502,7,290.24
503,10,154.98
504,5,20.75
505,7,144.5
506,10,433.88
507,1,456.2
508,8,418.09
509,5,390.11
510,4,307.46
511,6,117.31
512,4,314.24
513,3,317.84
514,1,161.38
515,8,26.35
516,6,368.86
517,2,455.72
518,6,376.27
519,3,108.39
520,9,439.47
521,6,270.12
522,5,416.93
523,5,457.88
524,8,484.02
525,5,375.81
526,6,404.07
527,8,481.82
528,3,379.53
529,4,431.47
530,7,483.96
531,9,189.23
532,7,16.82
533,9,70.56
534,6,339.69
535,5,296.43
536,6,63.09
537,4,241.02
538,10,443.28
539,9,170.72
540,10,118.47
541,2,321.35
542,8,455.6
543,5,328.13
544,2,78.49
545,1,159.14
546,8,66.9
547,4,444.76
548,3,200.44
549,6,338.54
550,9,215.37
551,3,443.85
552,2,418.51
553,10,209.98
554,5,26.03
555,6,116.46
556,8,475.77
557,6,58.68
558,6,276.79
559,6,39.67
560,5,103.01
561,2,475.02
562,8,54.92
563,4,324.44
564,10,485.84
565,1,395.53
566,4,494.52
567,10,110.55
568,9,111.51
569,4,408.4
570,4,170.99
571,3,396.44
572,10,11.39
573,3,493.89
574,9,132.82
575,3,63.86
576,1,74.58
577,6,397.09
578,4,298.54
579,1,95.38
580,1,72.11
581,7,267.78
582,2,243.36
583,6,261.49
584,2,231.48
585,4,473.25
586,1,366.35
587,9,157.8
588,1,39.8
589,8,425.18
590,7,346.19
591,8,359.08
592,8,46.01
593,2,167.83
594,3,42.18
595,5,315.92
596,10,278.69
597,6,196.64
598,10,269.97
599,8,257.72
600,7,58.6
601,2,427.87
602,9,363.21
603,4,220.73
604,4,212.77
605,8,205.38
606,2,163.15
607,6,335.9
608,6,477.26
609,8,42.9
610,2,55.68
611,2,374.85
612,6,407.77
613,9,39.39
614,9,285.22
615,2,211.3
616,7,435.37
617,1,484.52
618,10,163.1
619,2,293.18
620,4,85.82
621,8,119.88
622,2,181.56
623,9,190.1
624,5,291.31
625,7,424.13
626,10,310.65
627,9,22.86
628,5,24.19
629,5,354.32
630,5,461.55
631,6,12.99
632,3,287.5
633,7,44.1
634,1,54.96
635,9,115.42
636,7,232.29
637,3,191.33
638,6,390.65
639,10,302.15
640,1,86.23
641,10,34.38
642,2,143.33
643,7,247.97
644,8,212.95
645,4,379.92
646,2,179.13
647,2,148.79
648,10,248.45
649,5,32.25
650,7,492.38
651,1,13.77
652,5,473.21
653,3,384.44
654,5,170.78
655,1,253.72
656,7,96.09
657,7,270.97
658,4,255.13
659,6,45.32
660,1,223.75
661,8,461.37
662,6,292.12
663,10,208.17
664,7,151.86
665,7,20.22
666,6,94.22
667,10,235.45
668,6,53.18
669,2,129.23
670,10,206.22
671,2,203.93
672,5,375.44
673,4,173.2
674,3,47.43
675,2,270.0
676,4,453.9
677,6,182.04
678,3,125.77
679,3,135.42
680,3,305.18
681,2,96.8
682,8,237.34
683,10,382.34
684,8,343.76
685,10,325.07
686,10,168.37
687,6,83.97
688,2,239.77
689,5,400.2
690,10,37.52
691,9,46.35
692,8,231.44
693,1,190.68
694,5,47.6
695,2,311.35
696,9,198.4
697,10,281.62
698,1,230.37
699,10,329.4
700,6,306.45
701,9,83.92
702,1,230.76
703,6,491.37
704,2,257.23
705,3,29.18
706,8,495.58
707,9,266.15
708,3,188.31
709,5,199.83
710,6,342.66
711,1,396.72
712,6,42.3
713,2,283.4
714,7,149.23
715,10,437.91
716,6,49.94
717,3,459.21
718,5,484.17
719,7,73.19
720,2,161.7
721,7,325.31
722,6,408.46
723,9,55.79
724,7,259.16
725,1,187.67
726,3,476.07
727,6,474.36
728,8,104.08
729,3,85.92
730,5,423.77
731,2,258.77
732,9,419.21
733,9,28.5
734,6,439.43
735,10,74.21
736,7,85.58
737,3,417.36
738,10,406.43
739,3,363.38
740,1,211.32
741,4,485.1
742,10,149.61
743,8,124.66
744,4,161.64
745,8,452.95
746,4,190.24
747,10,492.38
748,8,387.02
749,7,256.42
750,7,483.47
751,4,402.62
752,3,437.77
753,1,324.18
754,6,281.72
755,2,358.59
756,9,427.07
757,5,51.1
758,3,143.67
759,9,82.2
760,7,54.94
761,4,410.18
762,6,465.93
763,7,36.1
764,9,193.24
765,7,497.32
766,6,120.02
767,6,466.1
768,6,397.78
769,3,28.77
770,8,351.08
771,3,381.83
772,8,229.81
773,1,453.87
774,1,135.4
775,3,278.91
776,10,268.61
777,2,390.32
778,4,157.56
779,1,126.84
780,10,233.99
781,2,419.98
782,8,302.4
783,1,319.66
784,10,128.55
785,3,152.72
786,1,311.26
787,4,289.63
788,3,335.54
789,2,266.51
790,6,43.16
791,9,276.6
792,9,281.53
793,7,437.93
794,1,321.48
795,6,134.29
796,1,184.98
797,2,178.95
798,2,388.04
799,6,75.37
800,6,277.55
801,3,416.89
802,8,490.6
803,8,319.55
804,3,40.92
805,8,28.12
806,4,31.47
807,4,444.04
808,6,467.35
809,9,205.13
810,9,241.97
811,1,379.11
812,4,150.19
813,1,434.24
814,6,143.88
815,6,224.11
816,7,374.22
817,7,176.13
818,3,253.14
819,8,190.0
820,9,140.69
821,2,366.27
822,2,221.0
823,3,277.28
824,6,60.27
825,6,333.85
826,5,228.5
827,7,91.66
828,8,182.26
829,1,366.14
830,6,311.28
831,7,144.53
832,1,46.77
833,7,188.02
834,3,476.87
835,3,425.85
836,8,27.05
837,2,125.64
838,6,187.45
839,10,25.87
840,3,342.74
841,6,192.29
842,2,291.22
843,9,189.81
844,6,328.28
845,4,480.65
846,1,370.48
847,8,263.7
848,9,67.7
849,5,354.98
850,4,498.22
851,5,350.05
852,8,108.09
853,3,427.88
854,8,94.6
855,8,498.66
856,6,337.24
857,2,279.5
858,5,446.75
859,3,358.79
860,3,398.91
861,9,119.88
862,4,398.11
863,4,397.28
864,1,186.84
865,10,190.77
866,9,73.59
867,2,42.22
868,7,499.8
869,8,267.59
870,7,413.44
871,2,71.41
872,6,324.75
873,8,238.26
874,9,178.81
875,9,323.5
876,3,386.21
877,3,221.98
878,1,417.38
879,9,84.98
880,3,89.36
881,4,179.55
882,9,448.51
883,2,132.8
884,9,144.48
885,5,311.07
886,2,256.26
887,3,299.99
888,10,85.56
889,10,363.11
890,10,175.43
891,10,30.19
892,1,49.8
893,10,139.68
894,4,385.81
895,7,312.87
896,1,254.04
897,9,151.94
898,5,246.64
899,7,155.74
900,2,347.42
901,3,225.41
902,8,237.58
903,6,307.26
904,6,432.13
905,6,369.76
906,6,487.93
907,3,382.73
908,9,285.21
909,6,128.45
910,2,141.06
911,4,79.03
912,1,152.2
913,7,433.44
914,7,131.65
915,3,408.6
916,10,363.35
917,4,383.93
918,8,498.03
919,8,254.39
920,5,253.71
921,2,473.16
922,9,234.04
923,4,115.42
924,6,33.84
925,5,252.5
926,8,150.02
927,1,425.11
928,7,75.63
929,5,366.48
930,7,189.31
931,7,35.07
932,9,105.38
933,9,151.41
934,7,257.09
935,9,147.06
936,10,343.4
937,2,73.05
938,2,203.01
939,6,283.34
940,6,379.93
941,4,305.21
942,7,255.04
943,1,29.07
944,6,403.94
945,9,233.92
946,10,447.63
947,3,170.7
948,10,166.08
949,7,495.4
950,5,300.93
951,9,415.86
952,9,250.02
953,10,156.9
954,1,190.5
955,2,490.15
956,10,160.76
957,1,302.49
958,5,483.86
959,10,293.04
960,1,295.93
961,3,266.87
962,10,389.56
963,7,82.41
964,4,25.47
965,2,103.48
966,8,163.71
967,3,212.35
968,4,211.08
969,10,461.06
970,1,355.83
971,9,111.6
972,6,499.08
973,8,267.48
974,6,478.78
975,8,456.94
976,6,277.67
977,5,308.94
978,4,479.1
979,5,283.46
980,4,471.33
981,5,387.88
982,4,348.22
983,8,165.35
984,6,284.64
985,5,151.02
986,10,341.54
987,7,448.92
988,7,411.0
989,3,152.32
990,5,478.1
991,2,179.72
992,8,331.43
993,8,114.85
994,9,142.86
995,9,351.12
996,3,63.52
997,10,127.25
998,1,338.22
999,9,120.58
1000,4,35.72
1001,7,171.84
1002,8,59.27
1003,3,12.54
1004,9,489.18
1005,3,209.38
1006,8,243.95
1007,4,380.4
1008,5,167.37
1009,1,454.89
1010,2,329.63
1011,4,272.22
1012,1,457.48
1013,3,214.76
1014,3,467.62
1015,1,498.61
1016,7,396.1
1017,3,468.94
1018,5,439.6
1019,1,156.21
1020,10,62.58
1021,6,149.44
1022,9,266.92
1023,3,427.02
1024,8,143.69
1025,2,172.04
1026,8,327.66
1027,3,16.9
1028,6,397.48
1029,10,340.46
1030,4,95.99
1031,7,415.23
1032,9,170.68
1033,7,337.94
1034,3,491.03
1035,8,168.56
1036,4,13.35
1037,7,125.41
1038,5,477.48
1039,5,295.41
1040,10,15.6
1041,6,349.46
1042,1,337.22
1043,8,160.34
1044,7,346.18
1045,5,348.24
1046,5,190.1
1047,4,117.37
1048,3,244.31
1049,8,376.39
1050,10,193.08
1051,9,457.27
1052,9,402.98
1053,4,383.31
1054,10,437.84
1055,2,267.5
1056,9,354.85
1057,2,459.45
1058,2,40.26
1059,9,452.42
1060,4,290.62
1061,3,90.62
1062,9,226.5
1063,4,361.29
1064,8,54.56
1065,9,228.29
1066,1,232.18
1067,9,213.56
1068,10,38.29
1069,8,339.66
1070,5,364.41
1071,7,134.68
1072,1,375.44
1073,10,45.78
1074,7,178.82
1075,2,275.17
1076,1,467.95
1077,2,493.21
1078,8,25.55
1079,7,98.19
1080,3,385.26
1081,7,193.49
1082,7,229.78
1083,7,194.07
1084,9,75.17
1085,6,68.13
1086,9,202.6
1087,3,366.65
1088,4,419.06
1089,1,489.46
1090,8,340.01
1091,9,217.82
1092,7,413.45
1093,4,235.71
1094,3,145.07
1095,2,25.79
1096,7,311.31
1097,1,127.93
1098,2,59.44
1099,1,228.76
1100,1,129.92
1101,1,207.11
1102,4,274.48
1103,1,78.67
1104,5,124.74
1105,10,166.26
1106,10,388.54
1107,6,126.08
1108,3,492.99
1109,9,118.31
1110,5,144.83
1111,9,474.77
1112,3,316.74
1113,7,282.37
1114,1,486.42
1115,7,395.04
1116,6,351.19
1117,7,83.12
1118,7,100.1
1119,9,242.02
1120,4,157.36
1121,3,404.83
1122,1,285.57
1123,7,283.07
1124,3,200.33
1125,5,109.63
1126,2,461.89
1127,6,55.31
1128,4,35.25
1129,7,340.1
1130,10,29.38
1131,2,102.2
1132,10,364.91
1133,9,116.34
1134,4,436.04
1135,6,158.56
1136,1,113.79
1137,4,481.42
1138,2,375.97
1139,8,458.08
1140,10,354.85
1141,7,458.41
1142,9,167.59
1143,5,196.52
1144,9,327.87
1145,5,138.17
1146,9,442.58
1147,8,58.32
1148,8,383.2
1149,6,458.02
1150,6,163.33
1151,1,285.64
1152,4,373.21
1153,1,137.78
1154,10,293.78
1155,7,154.64
1156,4,171.63
1157,7,289.2
1158,4,254.66
1159,6,136.09
1160,8,483.59
1161,8,235.81
1162,6,92.94
1163,9,249.27
1164,9,495.26
1165,1,266.73
1166,2,473.14
1167,1,384.53
1168,7,77.37
1169,4,43.3
1170,3,14.48
1171,9,233.44
1172,1,312.74
1173,10,457.25
1174,8,17.71
1175,9,280.31
1176,1,18.2
1177,5,272.51
1178,5,18.4
1179,7,405.02
1180,3,62.44
1181,2,266.95
1182,4,104.05
1183,9,133.68
1184,6,140.99
1185,7,48.72
1186,7,234.91
1187,4,495.21
1188,4,156.99
1189,2,330.33
1190,1,55.82
1191,7,194.81
1192,8,37.5
1193,1,354.39
1194,2,254.93
1195,7,326.0
1196,6,287.27
1197,2,448.45
1198,1,122.59
1199,10,243.0
1200,1,462.84
1201,5,450.66
1202,10,332.47
1203,3,465.1
1204,6,17.67
1205,4,297.65
1206,7,465.15
1207,5,89.6
1208,4,287.68
1209,7,341.75
1210,9,172.55
1211,3,397.34
1212,2,255.39
1213,6,36.31
1214,7,123.75
1215,2,176.89
1216,10,477.88
1217,7,484.77
1218,6,24.52
1219,5,393.94
1220,8,250.4
1221,6,280.99
1222,7,221.61
1223,10,333.73
1224,2,388.36
1225,5,401.05
1226,2,50.2
1227,3,196.2
1228,3,372.43
1229,6,186.74
1230,2,12.55
1231,5,227.92
1232,5,60.09
1233,2,101.82
1234,8,282.92
1235,9,209.94
1236,1,53.91
1237,9,55.6
1238,10,394.37
1239,7,16.05
1240,7,200.02
1241,2,365.17
1242,9,453.55
1243,4,290.26
1244,3,345.8
1245,3,78.03
1246,5,141.52
1247,3,41.0
1248,7,145.22
1249,5,247.27
1250,2,186.95
1251,4,363.24
1252,8,300.97
1253,4,234.35
1254,3,159.28
1255,7,172.79
1256,10,196.15
1257,6,225.71
1258,7,409.58
1259,10,76.7
1260,6,305.57
1261,4,244.71
1262,3,482.64
1263,6,152.81
1264,8,484.2
1265,4,169.68
1266,5,410.08
1267,7,188.86
1268,10,107.9
1269,9,98.16
1270,9,23.19
1271,8,472.06
1272,4,224.84
1273,5,417.33
1274,2,411.29
1275,7,339.76
1276,3,320.33
1277,4,133.81
1278,3,360.47
1279,7,46.24
1280,10,244.83
1281,7,271.84
1282,7,276.39
1283,6,353.8
1284,9,300.97
1285,2,63.59
1286,4,332.22
1287,6,91.51
1288,10,31.71
1289,7,483.74
1290,6,483.2
1291,7,61.91
1292,2,136.78
1293,9,375.96
1294,9,294.45
1295,10,118.31
1296,6,201.66
1297,10,348.31
1298,3,179.03
1299,1,246.56
1300,5,213.83
1301,2,66.87
1302,3,180.68
1303,6,233.11
1304,4,265.35
1305,6,243.32
1306,8,363.78
1307,8,166.27
1308,5,31.89
1309,2,21.07
1310,6,327.51
1311,3,465.66
1312,4,262.84
1313,9,88.47
1314,9,218.92
1315,8,123.61
1316,7,318.58
1317,3,323.83
1318,7,203.84
1319,10,442.72
1320,8,300.18
1321,7,12.18
1322,4,110.83
1323,2,292.9
1324,9,101.61
1325,6,106.57
1326,2,138.55
1327,8,268.58
1328,6,302.52
1329,10,202.35
1330,2,180.48
1331,8,312.51
1332,5,460.15
1333,10,51.53
1334,3,163.46
1335,4,159.64
1336,3,192.92
1337,3,260.3
1338,7,302.25
1339,10,198.02
1340,3,248.47
1341,9,349.78
1342,3,281.91
1343,8,151.53
1344,3,164.14
1345,8,313.51
1346,6,476.4
1347,8,76.9
1348,7,482.28
1349,9,330.0
1350,7,345.5
1351,7,357.97
1352,8,249.46
1353,2,287.04
1354,4,153.12
1355,5,120.17
1356,5,92.42
1357,8,287.17
1358,8,279.37
1359,2,290.63
1360,5,389.81
1361,6,275.6
1362,1,382.4
1363,8,277.71
1364,7,60.18
1365,4,155.88
1366,1,230.37
1367,6,432.48
1368,2,225.14
1369,2,390.06
1370,4,112.84
1371,10,347.68
1372,10,320.06
1373,3,311.91
1374,4,408.63
1375,1,289.34
1376,9,147.73
1377,9,92.5
1378,5,151.77
1379,5,476.67
1380,9,492.89
1381,2,76.44
1382,7,460.2
1383,5,434.85
1384,3,353.7
1385,3,132.34
1386,6,415.96
1387,7,249.83
1388,10,319.88
1389,7,193.83
1390,2,320.48
1391,2,207.4
1392,5,350.4
1393,6,232.8
1394,8,170.37
1395,1,435.76
1396,2,368.16
1397,8,321.07
1398,6,426.55
1399,9,204.88
1400,7,414.18
1401,8,141.58
1402,5,175.5
1403,10,73.99
1404,8,396.27
1405,1,32.51
1406,8,17.98
1407,3,226.23
1408,1,496.0
1409,7,109.14
1410,3,442.25
1411,5,87.9
1412,5,55.74
1413,6,132.69
1414,6,335.61
1415,3,35.38
1416,5,365.73
1417,4,220.32
1418,2,354.81
1419,1,114.58
1420,2,75.02
1421,4,264.53
1422,8,14.55
1423,6,410.38
1424,7,350.08
1425,8,44.71
1426,7,53.77
1427,2,60.57
1428,6,441.68
1429,3,197.53
1430,3,324.37
1431,3,43.52
1432,10,14.15
1433,3,225.65
1434,4,317.76
1435,3,460.75
1436,10,346.42
1437,4,52.48
1438,2,78.61
1439,2,298.89
1440,7,182.25
1441,7,164.11
1442,3,131.42
1443,2,131.6
1444,10,304.0
1445,10,149.61
1446,1,425.47
1447,5,110.67
1448,10,259.67
1449,7,154.82
1450,1,394.06
1451,4,252.49
1452,2,128.13
1453,10,44.8
1454,1,493.57
1455,6,74.67
1456,10,216.22
1457,9,344.64
1458,8,477.68
1459,2,18.18
1460,2,16.76
1461,4,29.52
1462,1,474.85
1463,7,258.24
1464,9,385.88
1465,7,353.89
1466,2,323.86
1467,9,311.86
1468,5,50.96
1469,2,260.54
1470,4,487.41
1471,3,272.83
1472,7,297.35
1473,2,161.98
1474,7,367.68
1475,4,38.37
1476,2,463.07
1477,2,232.15
1478,10,36.96
1479,3,68.53
1480,3,353.73
1481,3,253.24
1482,6,266.27
1483,5,91.81
1484,3,377.39
1485,5,369.14
1486,2,388.0
1487,1,174.16
1488,7,143.27
1489,2,138.85
1490,10,317.49
1491,8,233.05
1492,6,37.17
1493,10,91.77
1494,3,135.01
1495,2,448.19
1496,2,121.92
1497,9,11.26
1498,1,129.83
1499,8,188.35
1500,3,97.69
1501,1,280.9
1502,7,120.01
1503,4,213.97
1504,6,142.92
1505,2,290.05
1506,2,256.0
1507,1,97.88
1508,9,490.89
1509,7,43.77
1510,8,434.36
1511,5,170.38
1512,9,233.81
1513,6,108.33
1514,10,394.41
1515,10,128.87
1516,6,299.93
1517,8,498.92
1518,4,368.91
1519,9,382.64
1520,4,83.78
1521,7,21.72
1522,9,179.75
1523,1,475.99
1524,1,381.88
1525,7,426.01
1526,5,60.94
1527,9,491.73
1528,7,251.09
1529,1,486.55
1530,3,358.71
1531,2,31.51
1532,4,449.67
1533,9,212.4
1534,6,234.64
1535,2,294.58
1536,9,75.42
1537,7,46.67
1538,10,40.52
1539,3,126.02
1540,5,426.95
1541,7,353.36
1542,6,165.85
1543,5,124.47
1544,4,76.69
1545,10,63.4
1546,2,90.54
1547,8,163.88
1548,2,272.6
1549,4,231.44
1550,8,139.85
1551,2,54.31
1552,5,414.93
1553,10,29.76
1554,6,82.68
1555,4,484.52
1556,7,261.6
1557,5,137.48
1558,3,25.23
1559,7,428.75
1560,9,376.56
1561,4,56.42
1562,2,403.91
1563,3,69.51
1564,1,416.88
1565,4,74.05
1566,7,192.4
1567,2,295.34
1568,5,459.54
1569,2,20.68
1570,2,106.9
1571,8,406.56
1572,2,453.49
1573,6,70.04
1574,8,34.81
1575,10,222.25
1576,7,253.1
1577,7,344.77
1578,3,183.43
1579,3,144.74
1580,8,442.88
1581,1,310.91
1582,10,130.43
1583,5,254.46
1584,9,244.73
1585,2,147.09
1586,3,215.43
1587,9,132.08
1588,9,399.47
1589,7,393.14
1590,6,245.05
1591,8,178.58
1592,10,256.17
1593,7,142.51
1594,1,166.25
1595,4,24.36
1596,5,38.71
1597,8,269.42
1598,10,499.81
1599,3,59.07
1600,4,140.6
1601,1,384.38
1602,4,292.09
1603,7,183.85
1604,3,96.29
1605,10,165.82
1606,6,457.85
1607,1,354.69
1608,6,474.3
1609,10,79.63
1610,4,419.98
1611,8,275.64
1612,3,250.31
1613,2,37.52
1614,10,117.22
1615,9,244.21
1616,6,459.77
1617,4,405.16
1618,6,361.3
1619,6,39.18
1620,3,297.44
1621,3,389.44
1622,9,431.73
1623,2,193.06
1624,7,297.15
1625,6,157.86
1626,3,488.17
1627,7,398.0
1628,8,328.1
1629,3,356.52
1630,9,349.84
1631,10,395.63
1632,4,336.11
1633,3,195.41
1634,5,72.4
1635,1,474.91
1636,10,201.88
1637,10,25.87
1638,10,165.93
1639,10,118.24
1640,10,61.01
1641,8,78.92
1642,2,126.62
1643,6,92.26
1644,2,412.61
1645,6,228.85
1646,5,112.75
1647,2,181.74
1648,2,363.0
1649,1,199.11
1650,7,484.86
1651,7,251.61
1652,7,182.1
1653,7,59.7
1654,8,396.48
1655,10,328.98
1656,4,89.7
1657,2,401.61
1658,1,154.51
1659,6,137.95
1660,2,46.36
1661,3,445.09
1662,3,368.67
1663,9,471.5
1664,2,175.6
1665,10,447.68
1666,1,221.35
1667,3,307.59
1668,7,86.98
1669,2,172.24
1670,4,210.55
1671,9,363.8
1672,9,139.98
1673,5,155.73
1674,2,34.32
1675,10,279.33
1676,8,85.26
1677,6,11.87
1678,2,154.33
1679,10,245.36
1680,2,22.61
1681,3,322.71
1682,2,242.05
1683,2,161.09
1684,7,240.76
1685,5,54.66
1686,9,199.89
1687,6,443.89
1688,6,101.43
1689,1,139.02
1690,8,139.07
1691,5,286.48
1692,3,378.6
1693,2,52.0
1694,6,406.01
1695,7,485.65
1696,10,121.48
1697,1,421.99
1698,9,215.13
1699,9,346.66
1700,8,290.63
1701,4,243.37
1702,2,203.45
1703,1,256.03
1704,9,402.22
1705,10,82.25
1706,8,94.71
1707,3,486.36
1708,4,71.83
1709,7,48.4
1710,7,108.94
1711,3,418.71
1712,5,166.68
1713,2,52.64
1714,9,204.7
1715,6,429.75
1716,9,234.5
1717,1,395.41
1718,10,297.91
1719,7,65.13
1720,3,82.62
1721,10,295.51
1722,2,463.21
1723,10,391.98
1724,5,435.06
1725,6,440.17
1726,5,197.69
1727,8,290.29
1728,8,28.36
1729,5,207.46
1730,10,308.24
1731,7,29.0
1732,6,348.35
1733,1,375.42
1734,5,449.55
1735,1,175.55
1736,5,162.37
1737,8,430.54
1738,2,486.52
1739,4,75.85
1740,8,389.28
1741,6,142.02
1742,7,306.44
1743,2,102.09
1744,4,457.58
1745,7,373.06
1746,9,434.92
1747,1,262.48
1748,3,42.15
1749,9,207.66
1750,9,440.87
1751,1,95.13
1752,4,420.12
1753,4,26.2
1754,1,459.84
1755,4,144.25
1756,8,257.51
1757,2,343.78
1758,4,192.51
1759,10,228.59
1760,8,297.57
1761,6,178.68
1762,5,376.99
1763,2,149.68
1764,7,34.33
1765,10,392.12
1766,4,429.98
1767,4,342.07
1768,5,329.28
1769,9,19.83
1770,1,242.31
1771,3,327.21
1772,10,402.42
1773,4,133.67
1774,5,359.24
1775,5,217.67
1776,7,427.28
1777,8,133.48
1778,8,158.05
1779,9,413.91
1780,7,296.4
1781,1,260.64
1782,6,285.11
1783,10,308.43
1784,5,345.36
1785,8,41.28
1786,5,323.89
1787,5,137.96
1788,5,102.3
1789,9,385.08
1790,1,404.66
1791,10,208.01
1792,6,343.57
1793,1,331.15
1794,5,137.12
1795,7,208.25
1796,1,295.68
1797,10,409.85
1798,6,366.01
1799,4,346.3
1800,8,454.2
1801,6,258.58
1802,3,421.91
1803,9,98.76
1804,2,240.68
1805,5,365.34
1806,9,383.83
1807,3,473.99
1808,6,330.67
1809,4,184.09
1810,5,216.03
1811,6,192.12
1812,10,154.09
1813,2,240.56
1814,10,294.35
1815,10,44.9
1816,4,255.23
1817,7,269.62
1818,7,36.49
1819,3,77.31
1820,4,177.91
1821,10,447.49
1822,8,80.18
1823,3,391.68
1824,8,172.99
1825,3,163.57
1826,1,12.31
1827,5,112.6
1828,3,292.38
1829,3,249.89
1830,2,73.41
1831,7,320.41
1832,7,220.22
1833,8,197.83
1834,1,271.55
1835,6,475.53
1836,6,380.86
1837,9,103.38
1838,1,317.08
1839,4,120.87
1840,6,162.93
1841,2,197.94
1842,10,160.0
1843,2,413.68
1844,5,474.75
1845,8,366.64
1846,10,266.82
1847,7,445.11
1848,3,177.94
1849,8,186.03
1850,4,90.79
1851,7,19.37
1852,4,366.31
1853,3,113.48
1854,1,298.95
1855,3,70.35
1856,1,193.84
1857,5,387.91
1858,10,33.81
1859,1,334.37
1860,1,33.64
1861,2,214.22
1862,7,70.56
1863,5,242.45
1864,3,110.69
1865,1,157.55
1866,2,334.62
1867,5,315.17
1868,3,215.22
1869,2,260.68
1870,10,67.69
1871,2,394.53
1872,8,107.34
1873,4,391.2
1874,9,486.83
1875,6,354.68
1876,5,88.58
1877,9,253.21
1878,4,347.22
1879,8,172.0
1880,1,16.25
1881,2,454.37
1882,10,337.82
1883,3,475.23
1884,9,46.77
1885,2,453.34
1886,4,233.81
1887,5,139.42
1888,1,58.91
1889,3,438.33
1890,5,186.51
1891,6,218.74
1892,2,56.55
1893,1,14.74
1894,3,335.04
1895,3,171.04
1896,8,477.99
1897,5,440.45
1898,2,192.58
1899,6,99.61
1900,7,206.12
1901,8,143.2
1902,7,348.05
1903,8,401.95
1904,3,65.4
1905,1,490.97
1906,3,60.82
1907,10,246.51
1908,10,342.41
1909,3,309.55
1910,6,309.57
1911,3,246.71
1912,8,65.34
1913,7,225.94
1914,2,138.19
1915,6,16.06
1916,9,386.09
1917,10,364.65
1918,4,489.17
1919,6,264.36
1920,10,56.67
1921,4,246.15
1922,7,82.84
1923,9,447.11
1924,10,36.74
1925,3,257.73
1926,8,427.42
1927,3,46.68
1928,8,167.11
1929,6,485.37
1930,1,258.4
1931,9,325.23
1932,7,410.38
1933,2,234.96
1934,10,229.57
1935,8,229.06
1936,2,490.53
1937,1,60.3
1938,7,27.56
1939,9,10.08
1940,2,397.97
1941,10,322.39
1942,9,285.54
1943,8,475.67
1944,6,414.4
1945,4,423.72
1946,6,284.47
1947,10,303.98
1948,6,360.8
1949,2,57.74
1950,4,11.08
1951,6,416.64
1952,5,278.37
1953,6,354.03
1954,1,449.47
1955,8,78.82
1956,7,62.41
1957,10,106.0
1958,2,465.81
1959,7,115.64
1960,4,361.23
1961,2,381.0
1962,1,464.05
1963,10,70.38
1964,8,234.12
1965,10,478.53
1966,3,482.29
1967,1,269.88
1968,1,281.08
1969,7,421.02
1970,8,462.94
1971,3,348.99
1972,3,367.94
1973,3,60.74
1974,10,307.02
1975,6,257.01
1976,7,215.15
1977,10,458.8
1978,4,144.06
1979,6,485.54
1980,8,404.35
1981,3,212.25
1982,9,156.47
1983,9,431.75
1984,9,319.97
1985,4,112.76
1986,5,346.44
1987,3,490.85
1988,3,256.91
1989,6,358.07
1990,6,285.52
1991,10,289.61
1992,7,340.38
1993,9,150.1
1994,7,406.07
1995,9,62.17
1996,7,81.21
1997,1,107.95
1998,3,491.93
1999,5,81.75
2000,1,348.39
2001,5,109.96
2002,9,25.83
2003,8,60.22
2004,9,433.77
2005,9,200.55
2006,9,394.31
2007,5,349.54
2008,1,463.98
2009,7,214.12
2010,6,483.26
2011,1,16.35
2012,5,109.51
2013,8,416.69
2014,6,380.0
2015,9,371.84
2016,4,390.31
2017,4,154.15
2018,3,491.89
2019,2,101.62
2020,3,370.19
2021,2,194.83
2022,7,146.77
2023,5,73.73
2024,10,424.55
2025,1,171.98
2026,3,29.57
2027,6,302.47
2028,10,423.14
2029,5,250.37
2030,10,279.58
2031,2,394.18
2032,6,267.44
2033,3,265.1
2034,9,88.09
2035,9,273.15
2036,2,181.21
2037,4,335.03
2038,6,186.79
2039,4,475.65
2040,10,269.94
2041,9,413.61
2042,1,66.21
2043,6,228.38
2044,10,460.12
2045,4,479.86
2046,6,196.87
2047,2,199.08
2048,9,364.75
2049,1,456.55
2050,6,262.01
2051,9,228.32
2052,1,155.25
2053,4,166.95
2054,2,474.62
2055,3,486.1
2056,9,271.27
2057,2,113.28
2058,4,433.83
2059,7,419.48
2060,4,273.5
2061,7,326.81
2062,2,375.98
2063,3,21.64
2064,6,28.56
2065,2,36.59
2066,5,283.46
2067,10,412.59
2068,5,209.74
2069,8,318.81
2070,7,165.04
2071,7,339.92
2072,9,12.89
2073,10,40.99
2074,10,32.3
2075,2,185.27
2076,9,62.01
2077,5,307.22
2078,5,384.98
2079,8,196.89
2080,1,242.25
2081,9,117.73
2082,7,400.42
2083,9,154.54
2084,3,156.05
2085,6,479.12
2086,1,281.23
2087,9,79.27
2088,1,12.46
2089,10,203.1
2090,9,474.02
2091,5,112.93
2092,6,113.75
2093,9,79.8
2094,3,118.19
2095,5,105.22
2096,3,338.78
2097,10,427.6
2098,9,236.02
2099,9,45.84
2100,2,132.84
2101,4,365.54
2102,8,476.25
2103,6,72.83
2104,4,59.02
2105,10,44.21
2106,4,165.72
2107,8,170.89
2108,5,349.79
2109,3,287.12
2110,6,405.77
2111,7,92.63
2112,6,130.63
2113,4,358.98
2114,7,145.57
2115,6,75.81
2116,6,440.16
2117,8,228.23
2118,5,248.62
2119,2,96.13
2120,10,50.17
2121,5,430.77
2122,3,446.74
2123,4,138.98
2124,2,366.44
2125,1,426.3
2126,1,408.19
2127,10,208.52
2128,10,114.25
2129,1,280.28
2130,9,448.05
2131,9,241.33
2132,3,189.25
2133,4,446.8
2134,10,369.28
2135,5,75.6
2136,9,260.1
2137,7,188.29
2138,1,334.71
2139,10,345.24
2140,9,78.78
2141,3,97.78
2142,10,333.11
2143,3,370.6
2144,8,470.2
2145,1,117.22
2146,8,123.56
2147,5,191.02
2148,1,337.61
2149,9,454.79
2150,6,200.17
2151,8,441.96
2152,1,490.49
2153,6,60.58
2154,9,320.45
2155,5,419.09
2156,5,293.53
2157,10,95.19
2158,7,189.0
2159,2,263.16
2160,7,486.61
2161,4,263.02
2162,6,410.45
2163,6,248.56
2164,8,444.71
2165,1,255.9
2166,3,225.55
2167,4,47.77
2168,5,113.64
2169,3,87.11
2170,10,361.48
2171,2,333.94
2172,7,407.47
2173,2,245.94
2174,8,244.72
2175,10,89.01
2176,7,21.0
2177,1,72.66
2178,10,88.95
2179,9,29.2
2180,10,81.96
2181,3,136.55
2182,3,263.15
2183,7,303.69
2184,10,322.44
2185,5,474.15
2186,4,230.11
2187,8,434.98
2188,3,117.49
2189,7,304.41
2190,10,412.02
2191,3,315.37
2192,9,139.62
2193,6,461.95
2194,10,299.39
2195,4,195.32
2196,3,63.2
2197,4,266.13
2198,9,345.34
2199,3,306.7
2200,3,243.18
2201,10,303.91
2202,9,256.63
2203,2,55.66
2204,3,451.97
2205,9,415.49
2206,7,265.8
2207,6,438.66
2208,9,220.19
2209,8,396.88
2210,7,181.75
2211,10,57.88
2212,3,134.71
2213,4,455.94
2214,2,148.8
2215,9,210.24
2216,4,12.68
2217,1,293.21
2218,2,264.68
2219,7,330.73
2220,6,210.33
2221,2,85.84
2222,10,134.28
2223,9,217.55
2224,6,309.82
2225,7,379.94
2226,7,280.53
2227,9,246.41
2228,6,283.96
2229,8,134.35
2230,5,293.05
2231,7,370.53
2232,2,376.43
2233,8,393.72
2234,3,59.14
2235,9,206.27
2236,6,402.42
2237,10,351.56
2238,1,88.76
2239,1,404.14
2240,3,241.12
2241,10,223.33
2242,2,138.92
2243,6,49.22
2244,1,365.0
2245,7,310.84
2246,9,150.37
2247,10,38.16
2248,3,323.74
2249,8,15.25
2250,9,150.14
2251,1,394.14
2252,9,262.75
2253,4,311.44
2254,1,186.27
2255,1,488.07
2256,2,498.44
2257,7,183.03
2258,7,208.67
2259,4,263.69
2260,2,460.4
2261,9,149.4
2262,9,458.35
2263,6,180.26
2264,5,120.88
2265,4,232.83
2266,7,291.7
2267,5,95.77
2268,9,62.17
2269,2,256.55
2270,6,474.04
2271,9,478.79
2272,9,408.44
2273,10,132.57
2274,8,483.37
2275,10,246.98
2276,4,381.16
2277,8,343.98
2278,10,432.39
2279,8,66.97
2280,2,197.51
2281,4,341.69
2282,4,402.08
2283,7,478.17
2284,9,272.47
2285,5,131.65
2286,2,205.48
2287,6,47.25
2288,3,243.51
2289,6,117.1
2290,10,141.85
2291,4,254.51
2292,4,125.08
2293,4,437.64
2294,4,122.31
2295,4,419.8
2296,6,86.44
2297,2,68.74
2298,2,341.15
2299,8,310.78
2300,9,479.42
2301,8,191.89
2302,6,251.25
2303,10,435.7
2304,8,99.61
2305,9,147.33
2306,4,377.58
2307,3,36.53
2308,7,244.38
2309,9,25.96
2310,6,202.92
2311,3,234.03
2312,2,352.14
2313,8,164.67
2314,1,15.79
2315,4,195.92
2316,2,169.46
2317,10,432.3
2318,3,278.8
2319,4,142.01
2320,10,178.12
2321,3,254.4
2322,4,215.36
2323,6,188.89
2324,7,147.02
2325,3,289.99
2326,10,346.15
2327,2,363.2
2328,4,282.12
2329,7,106.07
2330,3,241.76
2331,1,96.54
2332,8,75.89
2333,9,271.65
2334,6,394.81
2335,5,132.98
2336,10,33.38
2337,2,348.37
2338,1,115.58
2339,5,243.5
2340,2,230.43
2341,6,137.29
2342,6,284.57
2343,5,178.63
2344,7,69.41
2345,10,107.49
2346,10,328.43
2347,9,95.52
2348,5,184.0
2349,9,248.87
2350,8,445.92
2351,7,310.7
2352,8,319.54
2353,3,435.45
2354,6,216.69
2355,10,290.1
2356,2,48.76
2357,6,121.83
2358,6,329.98
2359,5,306.64
2360,7,142.91
2361,8,392.68
2362,6,376.47
2363,9,483.11
2364,7,91.99
2365,1,71.27
2366,4,334.39
2367,2,113.18
2368,7,60.47
2369,2,469.03
2370,8,278.73
2371,1,387.76
2372,9,384.85
2373,2,60.92
2374,10,86.08
2375,7,161.59
2376,4,371.42
2377,8,316.98
2378,3,268.1
2379,3,24.0
2380,6,431.58
2381,6,433.48
2382,8,487.74
2383,9,468.08
2384,9,227.97
2385,9,96.75
2386,10,233.71
2387,10,223.14
2388,9,161.73
2389,6,246.01
2390,4,404.31
2391,8,160.86
2392,7,137.31
2393,5,15.17
2394,9,409.54
2395,3,178.5
2396,8,272.2
2397,8,474.01
2398,8,156.81
2399,7,401.0
2400,10,123.3
2401,1,278.62
2402,4,211.75
2403,9,224.18
2404,4,90.0
2405,7,415.93
2406,4,138.86
2407,7,316.41
2408,9,384.62
2409,10,405.71
2410,5,149.49
2411,9,406.32
2412,7,102.12
2413,2,99.38
2414,5,64.07
2415,8,312.69
2416,5,353.23
2417,8,102.02
2418,1,84.55
2419,9,20.84
2420,2,148.24
2421,3,360.45
2422,1,124.08
2423,3,17.22
2424,4,177.54
2425,5,395.01
2426,8,499.0
2427,8,351.5
2428,1,171.82
2429,3,37.46
2430,7,44.98
2431,8,98.99
2432,5,410.45
2433,1,69.76
2434,4,198.55
2435,8,131.11
2436,1,107.6
2437,2,265.36
2438,4,241.68
2439,5,468.75
2440,3,318.29
2441,1,374.92
2442,9,265.25
2443,5,245.8
2444,5,107.37
2445,1,433.19
2446,4,486.9
2447,4,320.13
2448,6,17.38
2449,5,296.5
2450,7,396.68
2451,1,484.73
2452,10,393.9
2453,8,347.32
2454,3,191.99
2455,2,131.87
2456,8,54.79
2457,10,175.83
2458,1,39.29
2459,3,353.65
2460,2,71.66
2461,4,165.2
2462,9,396.4
2463,6,404.71
2464,8,369.26
2465,1,347.73
2466,6,364.96
2467,5,450.34
2468,8,356.25
2469,9,154.41
2470,8,102.99
2471,3,276.37
2472,6,368.88
2473,5,435.15
2474,10,458.09
2475,9,88.57
2476,9,85.96
2477,5,411.52
2478,9,189.89
2479,1,390.2
2480,9,195.73
2481,3,442.64
2482,10,429.85
2483,10,127.01
2484,2,332.56
2485,9,411.33
2486,4,266.79
2487,8,385.21
2488,3,310.39
2489,6,210.8
2490,6,64.13
2491,9,332.86
2492,1,419.24
2493,3,97.53
2494,1,109.02
2495,8,103.89
2496,1,289.8
2497,7,332.38
2498,9,315.75
2499,10,135.41
2500,6,118.15
2501,2,16.41
2502,4,331.32
2503,2,239.35
2504,1,186.85
2505,7,412.79
2506,1,413.59
2507,5,269.22
2508,2,418.88
2509,2,472.86
2510,9,57.59
2511,4,270.51
2512,4,104.63
2513,4,289.31
2514,3,283.63
2515,9,213.44
2516,2,385.48
2517,10,185.4
2518,8,354.25
2519,7,442.58
2520,3,398.31
2521,9,206.76
2522,6,332.19
2523,9,499.23
2524,8,467.42
2525,6,279.54
2526,6,423.98
2527,7,384.45
2528,7,414.82
2529,6,308.12
2530,10,277.36
2531,7,385.2
2532,5,186.4
2533,8,229.27
2534,7,10.1
2535,1,491.65
2536,10,17.99
2537,3,496.77
2538,5,13.22
2539,4,115.26
2540,6,20.63
2541,5,460.36
2542,9,282.6
2543,10,85.81
2544,1,235.58
2545,3,77.82
2546,6,445.92
2547,4,124.17
2548,5,55.03
2549,7,288.84
2550,4,369.79
2551,6,398.52
2552,3,249.26
2553,10,411.56
2554,2,301.66
2555,5,28.31
2556,10,196.96
2557,1,461.72
2558,6,180.49
2559,7,214.1
2560,2,436.2
2561,4,376.36
2562,10,465.04
2563,7,36.52
2564,9,30.18
2565,9,286.81
2566,6,256.18
2567,4,85.07
2568,7,485.81
2569,10,291.87
2570,2,118.82
2571,5,395.32
2572,3,74.77
2573,2,243.17
2574,1,278.59
2575,5,51.69
2576,9,222.9
2577,3,383.4
2578,8,284.06
2579,8,203.71
2580,10,106.09
2581,10,498.57
2582,9,130.66
2583,2,140.47
2584,7,168.47
2585,10,53.9
2586,7,217.53
2587,6,103.34
2588,6,301.0
2589,1,387.14
2590,3,493.95
2591,10,412.58
2592,8,315.36
2593,8,31.99
2594,4,107.85
2595,6,86.44
2596,2,65.06
2597,1,129.09
2598,10,464.1
2599,5,16.73
2600,2,159.51
2601,8,21.15
2602,4,372.61
2603,4,109.86
2604,9,377.67
2605,9,246.68
2606,3,350.58
2607,1,194.54
2608,9,31.31
2609,3,39.45
2610,4,396.7
2611,10,142.93
2612,8,330.83
2613,1,42.63
2614,5,334.86
2615,6,433.5
2616,1,153.32
2617,7,123.27
2618,7,259.18
2619,2,452.9
2620,8,434.72
2621,9,53.13
2622,4,255.32
2623,8,284.74
2624,1,29.48
2625,9,159.41
2626,8,202.77
2627,3,19.0
2628,6,184.14
2629,5,125.74
2630,9,145.18
2631,1,316.64
2632,7,446.3
2633,1,472.63
2634,5,120.54
2635,6,449.62
2636,3,53.02
2637,7,265.15
2638,10,437.62
2639,4,214.49
2640,10,84.85
2641,5,455.77
2642,6,230.09
2643,3,111.31
2644,3,294.71
2645,4,432.67
2646,5,347.38
2647,9,455.69
2648,7,497.89
2649,3,331.55
2650,10,459.38
2651,6,43.23
2652,9,474.81
2653,2,100.23
2654,3,366.27
2655,6,441.26
2656,7,480.99
2657,5,227.07
2658,5,84.46
2659,4,62.32
2660,3,22.84
2661,10,312.3
2662,10,287.85
2663,4,302.22
2664,4,346.82
2665,6,48.94
2666,8,75.7
2667,10,239.69
2668,6,100.15
2669,7,250.81
2670,3,90.26
2671,4,25.79
2672,1,463.46
2673,7,119.05
2674,4,381.31
2675,2,96.77
2676,8,434.89
2677,8,347.05
2678,8,444.92
2679,7,208.38
2680,1,307.89
2681,7,362.9
2682,7,309.64
2683,10,300.96
2684,9,324.28
2685,1,265.12
2686,8,233.88
2687,1,440.11
2688,4,264.16
2689,7,492.08
2690,1,283.27
2691,9,384.93
2692,1,103.03
2693,8,205.04
2694,5,389.1
2695,5,236.06
2696,7,154.27
2697,1,348.08
2698,3,237.15
2699,8,54.32
2700,9,65.45
2701,10,469.54
2702,9,76.3
2703,7,168.5
2704,1,97.65
2705,10,449.34
2706,4,442.45
2707,2,132.54
2708,3,362.0
2709,2,54.68
2710,8,320.7
2711,2,266.67
2712,7,366.17
2713,9,309.92
2714,3,195.55
2715,7,31.51
2716,3,457.0
2717,10,436.94
2718,3,89.44
2719,3,97.64
2720,1,215.6
2721,5,367.78
2722,8,151.5
2723,3,67.6
2724,3,480.61
2725,1,315.05
2726,5,15.98
2727,8,429.15
2728,9,405.65
2729,10,442.52
2730,4,116.27
2731,8,232.33
2732,8,48.91
2733,10,13.22
2734,9,146.28
2735,9,411.86
2736,4,33.97
2737,3,36.98
2738,6,27.99
2739,1,336.83
2740,10,156.24
2741,2,34.03
2742,7,496.93
2743,3,339.32
2744,10,333.85
2745,10,290.42
2746,9,96.94
2747,8,377.17
2748,6,466.43
2749,2,386.57
2750,6,190.6
2751,7,411.93
2752,7,423.22
2753,2,153.49
2754,3,69.79
2755,5,171.31
2756,7,267.08
2757,4,309.91
2758,2,289.97
2759,9,493.72
2760,8,364.8
2761,10,467.61
2762,5,219.26
2763,6,137.23
2764,10,497.56
2765,6,464.28
2766,10,285.69
2767,9,367.3
2768,8,251.33
2769,3,443.0
2770,4,357.21
2771,4,10.77
2772,1,237.79
2773,2,371.36
2774,4,401.79
2775,7,212.88
2776,6,181.33
2777,4,15.54
2778,4,348.11
2779,5,397.2
2780,5,157.14
2781,9,168.72
2782,1,65.78
2783,6,177.27
2784,10,311.84
2785,1,417.7
2786,4,171.95
2787,6,461.92
2788,8,458.92
2789,1,326.37
2790,8,86.14
2791,8,447.11
2792,9,449.01
2793,8,394.15
2794,7,464.62
2795,1,419.2
2796,5,286.82
2797,6,282.04
2798,1,112.05
2799,6,401.77
2800,6,42.44
2801,3,147.43
2802,1,176.18
2803,7,316.99
2804,3,289.78
2805,7,101.82
2806,2,433.65
2807,5,355.58
2808,6,357.82
2809,5,212.8
2810,8,439.75
2811,6,231.43
2812,5,115.91
2813,5,95.76
2814,6,394.62
2815,4,457.54
2816,8,257.94
2817,8,453.43
2818,3,103.2
2819,8,368.9
2820,9,162.08
2821,6,80.21
2822,2,412.85
2823,9,341.59
2824,3,110.54
2825,1,235.09
2826,9,66.76
2827,5,466.85
2828,10,437.22
2829,6,238.77
2830,1,60.52
2831,5,21.02
2832,5,323.04
2833,4,167.23
2834,4,150.42
2835,9,166.38
2836,8,338.85
2837,5,83.17
2838,5,66.09
2839,10,284.22
2840,2,111.22
2841,6,279.19
2842,5,79.36
2843,5,291.3
2844,3,44.91
2845,10,447.2
2846,9,227.39
2847,3,24.21
2848,1,61.9
2849,1,52.2
2850,7,97.7
2851,10,446.73
2852,8,311.99
2853,5,172.84
2854,4,359.32
2855,9,48.49
2856,8,288.22
2857,2,408.3
2858,8,57.66
2859,5,345.39
2860,8,240.57
2861,4,80.42
2862,10,136.45
2863,6,202.12
2864,6,396.5
2865,6,232.11
2866,1,42.03
2867,2,182.21
2868,8,424.43
2869,5,386.29
2870,10,291.59
2871,9,60.44
2872,2,169.68
2873,2,398.29
2874,9,235.88
2875,10,212.59
2876,10,129.41
2877,3,487.21
2878,7,42.37
2879,4,408.82
2880,10,221.26
2881,7,287.93
2882,6,276.82
2883,4,94.81
2884,2,372.29
2885,10,420.01
2886,2,300.16
2887,8,169.44
2888,2,412.79
2889,3,160.94
2890,7,44.11
2891,2,345.9
2892,10,387.96
2893,7,170.43
2894,1,54.36
2895,3,444.76
2896,1,380.97
2897,3,231.96
2898,5,201.09
2899,10,229.11
2900,4,343.94
2901,6,156.87
2902,5,460.07
2903,7,361.72
2904,6,495.24
2905,10,13.98
2906,9,208.06
2907,3,427.73
2908,1,190.92
2909,9,484.27
2910,1,354.64
2911,6,63.75
2912,5,434.18
2913,4,221.54
2914,10,203.19
2915,6,358.77
2916,7,196.97
2917,9,113.5
2918,3,242.69
2919,4,282.16
2920,6,421.58
2921,3,151.35
2922,3,75.8
2923,2,327.71
2924,3,363.46
2925,8,332.38
2926,3,51.49
2927,7,431.47
2928,10,465.85
2929,10,98.1
2930,9,217.82
2931,8,198.51
2932,4,101.04
2933,10,13.64
2934,8,424.93
2935,4,358.94
2936,5,211.31
2937,9,292.41
2938,1,489.33
2939,10,246.8
2940,6,65.45
2941,8,481.25
2942,2,79.62
2943,9,491.95
2944,5,237.82
2945,2,266.44
2946,10,53.34
2947,8,319.02
2948,2,345.2
2949,9,401.07
2950,5,310.39
2951,6,272.17
2952,1,239.75
2953,9,453.97
2954,10,369.57
2955,7,182.93
2956,5,151.71
2957,1,350.58
2958,10,377.22
2959,10,137.62
2960,8,293.29
2961,10,35.29
2962,5,406.36
2963,10,23.38
2964,8,50.43
2965,9,47.66
2966,5,133.5
2967,10,147.68
2968,5,16.96
2969,2,305.87
2970,10,372.09
2971,8,191.19
2972,3,138.01
2973,4,247.61
2974,9,432.39
2975,6,492.2
2976,3,301.82
2977,3,420.43
2978,7,387.48
2979,4,333.73
2980,3,113.32
2981,6,36.62
2982,5,380.19
2983,2,35.74
2984,8,205.38
2985,5,243.37
2986,9,124.49
2987,7,242.55
2988,3,269.92
2989,7,15.81
2990,8,197.18
2991,6,481.26
2992,1,57.71
2993,9,322.34
2994,7,309.14
2995,5,174.13
2996,5,403.14
2997,5,330.63
2998,7,235.94
2999,4,369.81
3000,10,387.54
3001,9,175.33
3002,3,163.5
3003,1,339.67
3004,2,15.86
3005,2,267.38
3006,8,182.24
3007,5,133.43
3008,1,21.61
3009,2,37.87
3010,10,331.74
3011,4,475.74
3012,2,356.96
3013,2,52.33
3014,10,73.65
3015,10,403.57
3016,3,449.04
3017,3,134.13
3018,8,333.63
3019,2,323.0
3020,5,386.99
3021,6,136.09
3022,2,145.87
3023,1,197.57
3024,6,498.02
3025,5,478.25
3026,5,97.19
3027,2,250.94
3028,4,309.05
3029,3,326.29
3030,2,80.5
3031,7,117.01
3032,2,457.18
3033,5,60.61
3034,2,44.5
3035,5,390.85
3036,1,449.29
3037,3,329.9
3038,1,467.12
3039,7,140.55
3040,6,453.26
3041,10,11.81
3042,8,244.29
3043,7,423.58
3044,2,274.66
3045,1,198.37
3046,8,69.39
3047,9,468.17
3048,6,173.39
3049,5,206.3
3050,2,189.02
3051,6,49.42
3052,8,382.62
3053,5,327.42
3054,3,281.69
3055,7,333.76
3056,5,350.98
3057,2,319.0
3058,6,248.39
3059,8,370.31
3060,3,27.49
3061,1,362.67
3062,10,126.86
3063,7,40.87
3064,9,325.27
3065,8,271.63
3066,8,483.62
3067,1,28.15
3068,1,175.48
3069,1,208.7
3070,4,405.48
3071,9,234.6
3072,9,82.99
3073,10,124.16
3074,2,28.07
3075,3,249.56
3076,1,240.9
3077,10,32.44
3078,3,17.04
3079,1,453.28
3080,2,233.53
3081,3,419.32
3082,2,410.72
3083,2,65.95
3084,10,401.6
3085,4,40.92
3086,4,218.84
3087,7,168.88
3088,10,277.48
3089,6,419.85
3090,4,384.47
3091,10,94.99
3092,2,69.17
3093,3,381.2
3094,3,351.18
3095,9,90.85
3096,4,463.58
3097,1,75.35
3098,10,194.3
3099,3,17.66
3100,8,49.55
3101,1,97.91
3102,2,356.3
3103,10,444.59
3104,7,349.82
3105,8,349.26
3106,4,80.11
3107,5,266.31
3108,7,127.23
3109,3,309.16
3110,1,302.17
3111,8,309.9
3112,2,317.32
3113,5,180.45
3114,1,283.28
3115,4,67.58
3116,9,488.63
3117,10,187.33
3118,9,258.69
3119,8,387.46
3120,4,145.45
3121,4,65.21
3122,3,345.77
3123,8,253.78
3124,3,338.37
3125,1,36.47
3126,6,149.68
3127,7,133.18
3128,10,404.53
3129,8,31.23
3130,1,463.18
3131,3,87.44
3132,1,247.68
3133,2,44.72
3134,4,363.49
3135,10,294.08
3136,7,107.39
3137,6,122.73
3138,2,169.8
3139,2,126.19
3140,7,436.24
3141,7,446.77
3142,2,240.79
3143,8,36.63
3144,7,81.02
3145,10,232.95
3146,7,193.01
3147,8,362.71
3148,6,488.02
3149,4,174.59
3150,1,349.18
3151,1,147.5
3152,2,427.31
3153,8,214.93
3154,6,117.73
3155,5,305.78
3156,10,453.73
3157,10,485.37
3158,4,52.37
3159,9,249.71
3160,4,299.87
3161,8,146.79
3162,7,370.73
3163,4,131.44
3164,7,293.94
3165,10,473.66
3166,10,450.14
3167,7,490.29
3168,1,495.72
3169,9,26.47
3170,9,203.22
3171,2,231.7
3172,4,50.71
3173,1,349.65
3174,7,475.47
3175,3,185.62
3176,4,327.34
3177,2,17.81
3178,5,89.28
3179,8,430.38
3180,10,21.96
3181,8,237.24
3182,3,438.36
3183,7,100.62
3184,6,317.14
3185,1,431.59
3186,2,198.59
3187,6,270.15
3188,5,218.69
3189,5,352.05
3190,10,275.79
3191,4,395.97
3192,2,314.02
3193,6,370.52
3194,1,262.22
3195,6,445.11
3196,2,197.65
3197,8,313.38
3198,6,189.55
3199,9,355.39
3200,9,357.58
3201,4,77.82
3202,6,126.93
3203,2,328.03
3204,10,436.85
3205,4,379.06
3206,4,167.03
3207,5,256.75
3208,7,145.8
3209,2,192.68
3210,8,248.25
3211,9,416.48
3212,8,357.81
3213,9,450.73
3214,8,314.27
3215,2,102.29
3216,8,52.78
3217,7,449.99
3218,5,479.55
3219,2,63.59
3220,5,64.89
3221,3,253.2
3222,4,265.14
3223,1,153.65
3224,9,466.54
3225,8,179.88
3226,8,371.48
3227,1,152.84
3228,2,20.8
3229,4,419.12
3230,9,325.89
3231,7,293.57
3232,6,248.21
3233,9,422.53
3234,8,234.42
3235,10,74.66
3236,5,94.15
3237,5,121.12
3238,6,485.65
3239,1,82.69
3240,5,233.4
3241,3,313.13
3242,3,358.79
3243,5,99.32
3244,3,421.27
3245,3,89.01
3246,2,30.16
3247,6,291.52
3248,8,137.6
3249,3,110.53
3250,1,336.12
3251,6,82.49
3252,8,274.53
3253,3,271.49
3254,2,461.01
3255,7,466.22
3256,3,474.42
3257,6,86.47
3258,9,488.04
3259,6,327.15
3260,5,242.22
3261,5,485.11
3262,10,336.77
3263,10,366.99
3264,8,175.96
3265,2,368.5
3266,1,78.32
3267,9,67.27
3268,1,206.8
3269,4,228.53
3270,2,169.92
3271,10,324.24
3272,10,267.95
3273,5,105.9
3274,2,273.82
3275,8,341.76
3276,2,488.16
3277,7,105.28
3278,6,305.55
3279,9,472.27
3280,6,204.8
3281,7,191.12
3282,6,15.97
3283,6,182.16
3284,8,438.41
3285,2,115.69
3286,8,373.35
3287,7,403.81
3288,5,90.26
3289,7,367.02
3290,7,78.39
3291,10,302.99
3292,3,111.81
3293,8,494.31
3294,9,493.45
3295,2,467.24
3296,10,380.5
3297,2,13.24
3298,5,213.11
3299,9,236.44
3300,10,380.07
3301,3,107.64
3302,7,151.84
3303,8,30.69
3304,5,418.95
3305,5,252.11
3306,8,120.01
3307,1,85.47
3308,5,478.45
3309,8,70.85
3310,5,214.41
3311,8,454.33
3312,4,23.94
3313,5,251.59
3314,2,303.46
3315,6,294.72
3316,10,223.67
3317,5,317.72
3318,8,487.39
3319,2,192.87
3320,10,18.6
3321,5,89.8
3322,1,81.61
3323,8,440.38
3324,3,185.12
3325,1,143.61
3326,7,321.76
3327,6,33.87
3328,5,269.51
3329,2,261.79
3330,3,384.7
3331,10,378.79
3332,9,168.08
3333,6,415.14
3334,5,143.01
3335,6,56.96
3336,10,182.3
3337,3,16.32
3338,9,147.89
3339,8,211.88
3340,3,60.18
3341,3,256.66
3342,4,399.6
3343,9,310.58
3344,9,424.57
3345,9,354.11
3346,2,214.5
3347,2,67.12
3348,3,462.47
3349,8,180.62
3350,6,78.12
3351,8,445.97
3352,10,266.33
3353,6,94.38
3354,5,24.09
3355,2,118.96
3356,3,347.14
3357,5,71.42
3358,3,490.74
3359,7,348.5
3360,2,48.09
3361,8,381.09
3362,1,106.21
3363,1,398.6
3364,9,300.66
3365,8,68.27
3366,5,31.21
3367,5,337.12
3368,2,393.36
3369,10,110.65
3370,4,100.54
3371,6,24.34
3372,3,424.47
3373,5,474.91
3374,6,182.58
3375,9,392.59
3376,10,128.49
3377,10,43.49
3378,10,383.99
3379,9,116.33
3380,4,482.49
3381,3,451.81
3382,9,12.12
3383,2,462.87
3384,9,427.14
3385,8,189.57
3386,10,100.71
3387,2,98.62
3388,6,490.84
3389,7,114.99
3390,4,209.71
3391,6,70.57
3392,2,264.67
3393,8,383.51
3394,5,282.99
3395,1,50.3
3396,8,66.7
3397,5,233.9
3398,5,346.65
3399,8,120.68
3400,7,152.39
3401,7,102.5
3402,2,448.43
3403,8,470.15
3404,6,97.86
3405,8,339.33
3406,7,224.65
3407,2,68.42
3408,7,206.31
3409,10,489.01
3410,3,41.71
3411,4,175.93
3412,10,423.57
3413,7,70.15
3414,7,365.35
3415,5,384.76
3416,10,300.89
3417,7,184.49
3418,10,475.57
3419,8,260.59
3420,3,386.32
3421,2,69.87
3422,8,253.66
3423,3,24.56
3424,1,416.85
3425,8,342.27
3426,3,197.49
3427,6,84.84
3428,10,315.38
3429,2,333.93
3430,9,386.11
3431,8,108.95
3432,8,250.22
3433,5,275.79
3434,9,277.84
3435,1,495.45
3436,2,197.98
3437,6,427.91
3438,8,235.23
3439,1,96.67
3440,5,443.5
3441,3,250.83
3442,3,163.11
3443,7,248.85
3444,2,288.74
3445,8,333.44
3446,9,290.38
3447,8,285.51
3448,3,258.28
3449,7,139.06
3450,10,485.73
3451,10,341.48
3452,5,167.04
3453,1,299.33
3454,3,420.1
3455,6,406.68
3456,10,23.18
3457,6,196.48
3458,7,179.12
3459,6,211.85
3460,1,334.01
3461,4,124.96
3462,5,300.34
3463,2,435.78
3464,2,175.42
3465,1,273.82
3466,1,235.85
3467,7,288.34
3468,7,140.64
3469,8,298.11
3470,6,195.09
3471,7,167.99
3472,2,406.08
3473,2,348.52
3474,4,174.62
3475,9,407.61
3476,6,91.65
3477,5,188.03
3478,7,108.86
3479,2,421.79
3480,9,114.9
3481,5,33.29
3482,10,206.99
3483,4,316.04
3484,2,361.68
3485,10,56.42
3486,6,143.95
3487,10,402.58
3488,8,219.28
3489,6,399.87
3490,5,257.27
3491,5,222.13
3492,9,163.54
3493,7,207.13
3494,10,262.53
3495,9,98.49
3496,1,317.64
3497,9,432.73
3498,10,254.61
3499,8,141.29
3500,9,406.38
3501,7,467.97
3502,1,265.91
3503,6,236.62
3504,4,83.73
3505,5,423.62
3506,7,166.14
3507,2,320.62
3508,7,140.8
3509,5,326.56
3510,5,346.56
3511,4,208.87
3512,2,83.48
3513,1,130.34
3514,5,237.44
3515,9,495.73
3516,7,326.99
3517,1,108.98
3518,5,76.85
3519,5,396.94
3520,5,332.75
3521,3,325.7
3522,1,482.26
3523,8,393.29
3524,1,431.2
3525,2,163.81
3526,5,434.91
3527,7,449.42
3528,2,204.48
3529,3,125.66
3530,10,369.9
3531,2,265.76
3532,10,475.34
3533,9,133.39
3534,2,126.66
3535,2,388.86
3536,6,171.35
3537,10,371.25
3538,4,468.4
3539,4,80.7
3540,3,114.91
3541,5,225.34
3542,5,432.82
3543,1,250.28
3544,6,352.81
3545,2,165.08
3546,7,242.68
3547,4,482.02
3548,3,187.87
3549,6,412.47
3550,1,326.24
3551,10,27.06
3552,1,348.43
3553,4,133.96
3554,7,161.54
3555,6,452.55
3556,2,272.11
3557,4,430.25
3558,7,13.85
3559,7,464.48
3560,5,157.44
3561,4,155.74
3562,3,458.79
3563,6,440.94
3564,7,396.77
3565,5,434.56
3566,8,240.83
3567,7,463.98
3568,6,361.52
3569,2,413.96
3570,5,258.1
3571,6,216.23
3572,9,371.51
3573,8,350.65
3574,1,324.27
3575,3,318.78
3576,3,11.51
3577,4,317.87
3578,6,292.15
3579,2,87.33
3580,9,359.65
3581,3,425.01
3582,7,398.39
3583,6,231.23
3584,3,137.73
3585,10,415.12
3586,5,107.35
3587,7,190.12
3588,7,439.43
3589,10,120.0
3590,1,462.33
3591,10,317.05
3592,2,487.32
3593,4,138.27
3594,3,34.39
3595,10,220.16
3596,5,83.13
3597,6,93.36
3598,10,67.5
3599,9,223.23
3600,8,415.36
3601,8,68.07
3602,4,103.37
3603,5,151.1
3604,8,197.22
3605,7,429.61
3606,10,115.63
3607,5,366.09
3608,4,214.98
3609,7,398.31
3610,1,152.19
3611,5,125.39
3612,8,454.59
3613,6,295.62
3614,8,52.01
3615,8,75.27
3616,6,487.46
3617,7,346.56
3618,7,357.14
3619,10,135.55
3620,2,282.93
3621,1,173.1
3622,4,240.76
3623,6,498.4
3624,10,357.69
3625,1,12.63
3626,9,313.63
3627,5,488.99
3628,6,74.8
3629,9,30.15
3630,3,137.54
3631,9,251.49
3632,6,440.17
3633,3,53.93
3634,9,222.14
3635,5,67.25
3636,1,489.47
3637,8,437.12
3638,5,376.43
3639,7,148.63
3640,5,310.34
3641,5,263.32
3642,7,447.41
3643,6,371.07
3644,8,384.2
3645,3,282.28
3646,8,36.08
3647,3,36.74
3648,3,27.57
3649,5,90.14
3650,8,223.85
3651,8,29.99
3652,6,494.52
3653,9,247.75
3654,8,65.12
3655,3,70.59
3656,2,109.83
3657,5,98.52
3658,3,377.47
3659,5,285.99
3660,10,114.07
3661,1,267.75
3662,10,98.48
3663,2,130.62
3664,8,341.69
3665,6,22.72
3666,2,203.14
3667,10,465.28
3668,2,420.12
3669,3,24.15
3670,8,417.04
3671,8,232.49
3672,5,301.16
3673,1,171.42
3674,1,331.52
3675,8,169.21
3676,10,73.37
3677,1,402.76
3678,5,168.35
3679,1,374.46
3680,9,476.43
3681,7,55.35
3682,5,97.23
3683,7,53.7
3684,4,89.84
3685,7,149.62
3686,3,69.09
3687,8,402.54
3688,5,452.83
3689,10,74.33
3690,2,417.71
3691,9,107.94
3692,8,443.85
3693,8,141.55
3694,10,217.3
3695,7,407.39
3696,10,101.31
3697,7,55.54
3698,9,177.45
3699,8,341.46
3700,3,466.03
3701,9,318.48
3702,9,51.15
3703,8,224.3
3704,8,157.19
3705,3,345.31
3706,5,422.35
3707,9,219.59
3708,10,33.39
3709,2,459.48
3710,9,62.74
3711,7,212.38
3712,8,333.82
3713,10,408.28
3714,6,134.88
3715,2,386.64
3716,1,65.83
3717,8,97.98
3718,3,423.03
3719,1,50.81
3720,5,163.83
3721,8,381.1
3722,8,315.67
3723,5,177.25
3724,3,113.42
3725,2,376.04
3726,10,137.07
3727,2,222.56
3728,1,12.87
3729,2,16.52
3730,8,235.48
3731,7,435.7
3732,10,365.7
3733,5,313.06
3734,10,186.76
3735,7,404.27
3736,2,71.29
3737,1,103.49
3738,1,351.06
3739,4,430.92
3740,4,245.75
3741,3,328.37
3742,7,422.62
3743,9,103.55
3744,5,387.16
3745,3,242.25
3746,1,67.06
3747,3,372.0
3748,8,482.29
3749,8,19.62
3750,8,296.76
3751,4,154.47
3752,7,34.95
3753,1,60.31
3754,7,489.95
3755,8,371.17
3756,10,368.23
3757,5,28.14
3758,7,248.19
3759,10,365.06
3760,8,123.63
3761,1,268.87
3762,7,292.44
3763,9,41.12
3764,7,445.68
3765,2,252.45
3766,6,229.68
3767,7,20.2
3768,5,365.84
3769,8,178.49
3770,4,258.74
3771,10,455.44
3772,6,461.65
3773,8,74.27
3774,5,364.27
3775,7,480.3
3776,6,400.03
3777,3,314.7
3778,5,348.44
3779,2,336.86
3780,3,94.91
3781,3,306.82
3782,2,398.81
3783,8,158.79
3784,4,282.85
3785,1,185.81
3786,5,184.95
3787,3,95.61
3788,9,25.67
3789,2,175.49
3790,2,312.61
3791,2,285.37
3792,8,136.33
3793,6,394.59
3794,1,387.35
3795,9,141.07
3796,3,428.17
3797,9,306.1
3798,2,356.14
3799,8,401.5
3800,2,487.58
3801,10,308.73
3802,2,413.57
3803,1,258.58
3804,3,318.66
3805,4,456.38
3806,3,366.89
3807,8,383.36
3808,8,368.95
3809,2,85.6
3810,6,173.96
3811,3,70.26
3812,4,225.16
3813,7,386.92
3814,1,130.2
3815,8,177.25
3816,9,93.92
3817,5,192.49
3818,7,186.72
3819,4,84.29
3820,9,216.64
3821,4,77.62
3822,7,212.57
3823,7,450.05
3824,9,399.36
3825,6,472.43
3826,8,81.34
3827,1,361.64
3828,9,472.38
3829,2,175.77
3830,7,491.15
3831,3,222.7
3832,7,382.0
3833,3,452.23
3834,1,489.09
3835,9,486.6
3836,7,206.98
3837,9,438.04
3838,6,455.52
3839,1,415.23
3840,9,309.1
3841,3,353.14
3842,8,325.5
3843,9,315.94
3844,10,329.5
3845,6,444.96
3846,7,389.95
3847,5,51.3
3848,9,173.9
3849,3,265.03
3850,9,149.12
3851,2,260.72
3852,5,265.45
3853,3,21.48
3854,9,300.33
3855,4,417.79
3856,5,365.99
3857,9,64.12
3858,1,422.38
3859,5,317.22
3860,6,70.67
3861,2,229.88
3862,10,371.06
3863,8,176.1
3864,4,404.64
3865,10,287.14
3866,9,423.8
3867,4,181.67
3868,5,336.79
3869,10,339.49
3870,7,264.64
3871,4,61.56
3872,9,295.36
3873,6,232.61
3874,3,358.7
3875,7,50.15
3876,1,218.19
3877,3,243.36
3878,8,48.26
3879,9,207.35
3880,9,264.28
3881,7,437.29
3882,10,254.43
3883,7,498.29
3884,8,368.54
3885,7,413.67
3886,3,257.84
3887,8,358.46
3888,3,484.34
3889,9,433.0
3890,2,350.29
3891,8,241.94
3892,3,472.59
3893,6,461.63
3894,2,304.78
3895,7,64.06
3896,6,290.16
3897,1,266.16
3898,2,192.02
3899,6,158.6
3900,8,23.71
3901,3,79.65
3902,10,216.66
3903,5,445.64
3904,4,99.71
3905,8,11.02
3906,9,180.84
3907,1,214.61
3908,10,161.75
3909,8,451.14
3910,7,242.86
3911,10,75.08
3912,3,257.33
3913,8,383.22
3914,8,83.0
3915,6,53.76
3916,10,335.61
3917,7,199.75
3918,7,176.11
3919,1,479.46
3920,8,370.6
3921,2,434.32
3922,1,290.28
3923,5,284.91
3924,2,325.52
3925,2,104.29
3926,10,275.5
3927,1,479.07
3928,9,102.8
3929,8,256.29
3930,1,68.94
3931,9,98.07
3932,1,144.73
3933,4,130.19
3934,10,227.67
3935,9,307.36
3936,7,298.56
3937,8,432.37
3938,1,176.58
3939,3,213.32
3940,9,165.52
3941,5,54.6
3942,2,275.47
3943,5,80.58
3944,5,386.47
3945,3,160.33
3946,7,342.52
3947,1,311.09
3948,6,98.91
3949,1,156.03
3950,2,166.82
3951,7,447.58
3952,5,194.0
3953,2,35.42
3954,4,378.55
3955,10,125.88
3956,9,378.67
3957,7,475.18
3958,5,39.71
3959,8,281.03
3960,2,247.24
3961,7,320.44
3962,1,141.89
3963,10,340.8
3964,4,383.86
3965,3,159.26
3966,7,228.53
3967,9,109.69
3968,3,192.92
3969,3,393.19
3970,9,476.78
3971,9,231.35
3972,1,408.2
3973,10,151.73
3974,3,10.27
3975,8,143.92
3976,5,421.35
3977,7,499.63
3978,4,296.73
3979,9,147.84
3980,3,372.2
3981,10,44.27
3982,2,203.7
3983,2,416.94
3984,9,499.42
3985,7,113.32
3986,9,479.13
3987,6,443.13
3988,6,321.23
3989,8,143.78
3990,6,177.4
3991,8,479.91
3992,6,17.78
3993,3,326.76
3994,1,308.31
3995,1,451.71
3996,3,212.45
3997,8,383.61
3998,9,49.76
3999,2,273.94
4000,8,339.4
4001,6,486.3
4002,7,415.46
4003,6,199.51
4004,1,71.13
4005,6,468.76
4006,8,14.59
4007,1,381.63
4008,6,103.84
4009,10,316.37
4010,4,124.79
4011,8,483.98
4012,1,147.57
4013,10,112.45
4014,4,492.29
4015,7,64.36
4016,5,288.86
4017,8,93.53
4018,4,333.32
4019,10,339.37
4020,10,286.92
4021,2,298.2
4022,2,72.44
4023,10,429.18
4024,9,367.16
4025,5,104.01
4026,1,496.06
4027,9,311.08
4028,9,442.72
4029,1,469.57
4030,1,428.39
4031,6,221.95
4032,7,144.28
4033,9,238.63
4034,6,263.46
4035,1,443.06
4036,4,33.01
4037,7,270.88
4038,6,12.53
4039,4,174.01
4040,10,405.76
4041,4,489.27
4042,7,479.31
4043,4,106.47
4044,6,162.29
4045,2,23.66
4046,7,405.95
4047,10,400.64
4048,6,421.85
4049,4,62.84
4050,4,479.81
4051,1,412.6
4052,9,399.11
4053,2,390.12
4054,10,224.88
4055,2,316.42
4056,10,71.16
4057,1,459.19
4058,7,163.51
4059,2,393.5
4060,1,460.37
4061,8,36.85
4062,10,316.83
4063,2,59.9
4064,1,284.04
4065,5,426.47
4066,7,56.96
4067,7,124.22
4068,10,395.86
4069,10,15.2
4070,7,237.46
4071,7,441.17
4072,10,59.63
4073,1,232.5
4074,6,298.03
4075,2,60.32
4076,10,359.52
4077,10,396.81
4078,4,453.14
4079,3,322.31
4080,5,184.14
4081,8,365.07
4082,8,101.1
4083,3,400.54
4084,1,72.56
4085,10,223.57
4086,6,162.48
4087,9,389.99
4088,3,240.07
4089,10,178.02
4090,6,485.43
4091,9,297.36
4092,3,38.09
4093,9,411.4
4094,9,430.76
4095,7,178.47
4096,4,323.87
4097,4,394.78
4098,6,102.78
4099,8,350.44
4100,8,303.88
4101,6,427.48
4102,10,481.9
4103,10,156.82
4104,6,89.52
4105,8,439.29
4106,1,253.01
4107,1,323.0
4108,4,238.6
4109,4,127.12
4110,6,405.56
4111,7,110.61
4112,3,414.78
4113,1,187.78
4114,2,185.36
4115,9,66.44
4116,5,225.8
4117,10,457.23
4118,6,31.51
4119,1,107.57
4120,5,95.33
4121,5,362.23
4122,6,425.29
4123,4,97.49
4124,1,96.28
4125,5,456.22
4126,1,417.41
4127,3,195.67
4128,2,175.81
4129,4,159.49
4130,4,191.12
4131,6,333.85
4132,9,488.78
4133,10,442.02
4134,2,68.06
4135,3,399.5
4136,4,270.95
4137,6,165.8
4138,7,488.72
4139,4,461.3
4140,10,297.79
4141,9,154.15
4142,3,170.56
4143,1,318.43
4144,5,437.7
4145,9,484.51
4146,8,112.53
4147,2,394.49
4148,10,41.79
4149,9,200.18
4150,9,193.39
4151,9,237.49
4152,6,359.12
4153,9,350.31
4154,8,242.14
4155,10,206.46
4156,10,328.37
4157,4,117.57
4158,4,231.52
4159,4,203.99
4160,5,218.26
4161,7,289.97
4162,6,134.72
4163,2,75.82
4164,2,154.57
4165,9,182.27
4166,10,30.16
4167,9,314.35
4168,7,231.06
4169,7,210.39
4170,8,165.34
4171,7,22.11
4172,8,124.56
4173,2,185.96
4174,2,154.31
4175,9,261.27
4176,2,395.08
4177,4,58.22
4178,2,186.52
4179,9,108.15
4180,4,340.8
4181,5,158.33
4182,5,103.41
4183,10,499.02
4184,9,457.07
4185,1,387.34
4186,5,412.93
4187,7,473.45
4188,10,381.32
4189,1,241.28
4190,9,494.74
4191,3,434.08
4192,4,121.19
4193,4,242.47
4194,9,297.63
4195,9,381.23
4196,8,176.92
4197,2,163.41
4198,4,220.11
4199,7,112.7
4200,8,427.94
4201,1,193.6
4202,10,438.14
4203,5,472.24
4204,1,254.9
4205,6,176.51
4206,7,218.6
4207,7,383.79
4208,9,156.82
4209,10,21.39
4210,1,461.85
4211,3,488.85
4212,6,288.41
4213,10,457.74
4214,10,434.8
4215,7,110.06
4216,7,41.22
4217,7,102.29
4218,2,171.13
4219,8,323.11
4220,5,55.69
4221,2,340.69
4222,3,25.71
4223,10,249.42
4224,3,107.51
4225,7,149.07
4226,4,152.64
4227,9,44.29
4228,1,190.64
4229,1,94.19
4230,7,201.64
4231,2,73.28
4232,7,244.34
4233,2,200.61
4234,4,73.67
4235,4,161.78
4236,8,87.8
4237,10,470.19
4238,10,109.46
4239,8,144.97
4240,1,495.63
4241,8,41.35
4242,7,306.38
4243,4,267.67
4244,10,440.83
4245,8,236.72
4246,1,371.27
4247,5,326.69
4248,8,179.92
4249,5,201.63
4250,3,213.38
4251,3,450.98
4252,7,234.34
4253,3,352.28
4254,2,202.84
4255,1,127.45
4256,3,144.15
4257,9,153.03
4258,2,352.04
4259,4,455.28
4260,7,496.27
4261,9,69.4
4262,6,47.5
4263,2,257.15
4264,6,210.95
4265,3,133.86
4266,9,31.87
4267,1,45.87
4268,8,196.77
4269,7,429.33
4270,7,28.51
4271,5,66.19
4272,3,170.28
4273,8,247.53
4274,2,50.45
4275,4,359.65
4276,8,78.73
4277,5,422.37
4278,3,420.86
4279,10,59.25
4280,5,70.83
4281,7,92.54
4282,1,341.92
4283,3,225.92
4284,3,116.17
4285,1,447.42
4286,9,115.92
4287,1,419.89
4288,9,324.1
4289,2,201.4
4290,5,227.55
4291,10,12.29
4292,7,385.89
4293,4,193.58
4294,4,107.99
4295,1,216.62
4296,1,175.19
4297,4,343.18
4298,2,118.08
4299,2,400.49
4300,3,364.77
4301,1,213.68
4302,2,409.66
4303,6,285.41
4304,4,316.09
4305,9,203.58
4306,7,69.19
4307,4,61.88
4308,6,95.07
4309,7,330.46
4310,1,200.7
4311,8,117.85
4312,5,328.47
4313,6,31.53
4314,4,211.44
4315,10,254.79
4316,2,359.14
4317,10,94.01
4318,2,303.93
4319,7,342.17
4320,3,172.7
4321,6,489.23
4322,8,43.08
4323,1,308.18
4324,10,229.97
4325,9,323.89
4326,4,256.68
4327,1,123.98
4328,10,381.88
4329,2,161.34
4330,7,381.05
4331,10,48.9
4332,3,193.52
4333,5,108.99
4334,7,110.15
4335,1,126.65
4336,10,494.39
4337,8,372.24
4338,6,75.79
4339,6,325.37
4340,1,265.23
4341,7,327.54
4342,5,377.77
4343,4,425.0
4344,6,177.94
4345,4,274.26
4346,4,402.71
4347,4,307.95
4348,7,265.52
4349,3,226.76
4350,1,41.66
4351,8,44.29
4352,4,35.53
4353,3,469.75
4354,3,54.96
4355,10,278.94
4356,4,125.79
4357,2,218.86
4358,8,162.62
4359,4,130.01
4360,3,306.87
4361,5,149.82
4362,8,484.19
4363,4,143.21
4364,8,49.21
4365,6,205.14
4366,3,240.65
4367,7,257.59
4368,7,382.56
4369,8,19.71
4370,7,219.42
4371,2,381.84
4372,5,301.64
4373,3,280.9
4374,3,136.07
4375,8,159.87
4376,5,193.82
4377,10,245.61
4378,6,76.96
4379,8,105.9
4380,4,12.05
4381,9,367.88
4382,6,250.81
4383,7,470.74
4384,6,198.18
4385,5,324.11
4386,10,44.9
4387,1,496.31
4388,2,198.56
4389,10,89.56
4390,7,478.98
4391,6,259.71
4392,8,321.14
4393,6,351.26
4394,7,463.99
4395,4,128.75
4396,1,461.52
4397,6,319.17
4398,1,351.76
4399,3,138.05
4400,8,472.69
4401,3,134.6
4402,10,293.39
4403,3,16.05
4404,2,325.75
4405,7,204.86
4406,10,487.33
4407,2,264.08
4408,4,439.24
4409,3,416.58
4410,5,349.0
4411,9,484.16
4412,7,297.18
4413,7,378.71
4414,2,63.54
4415,10,390.58
4416,6,408.97
4417,5,376.88
4418,7,352.51
4419,1,493.64
4420,8,10.77
4421,2,389.13
4422,7,267.23
4423,5,369.19
4424,3,96.44
4425,3,354.98
4426,4,248.37
4427,9,474.76
4428,8,287.88
4429,4,100.96
4430,1,377.46
4431,4,137.08
4432,7,225.96
4433,10,63.51
4434,3,49.11
4435,2,195.09
4436,5,41.49
4437,1,296.97
4438,8,247.75
4439,2,14.66
4440,5,378.38
4441,1,336.01
4442,1,57.45
4443,9,397.98
4444,7,305.46
4445,5,466.74
4446,8,380.89
4447,10,220.43
4448,6,344.11
4449,6,499.73
4450,4,471.09
4451,7,195.43
4452,1,487.9
4453,6,405.07
4454,1,233.89
4455,7,365.36
4456,3,22.58
4457,2,435.81
4458,5,476.02
4459,4,190.53
4460,10,346.23
4461,8,262.31
4462,4,11.53
4463,6,18.15
4464,6,437.98
4465,6,342.19
4466,4,307.31
4467,7,372.21
4468,2,180.68
4469,8,493.57
4470,2,369.8
4471,5,307.52
4472,3,436.23
4473,10,394.58
4474,9,25.56
4475,8,400.44
4476,5,417.85
4477,9,493.74
4478,8,92.35
4479,8,477.98
4480,8,334.69
4481,4,129.24
4482,3,379.09
4483,2,61.68
4484,1,88.52
4485,6,452.3
4486,5,117.98
4487,5,336.31
4488,2,336.08
4489,9,320.44
4490,8,54.32
4491,6,437.25
4492,10,385.51
4493,10,41.69
4494,6,194.74
4495,7,330.42
4496,9,483.46
4497,7,406.14
4498,4,136.96
4499,5,52.96
4500,2,176.72
4501,10,469.23
4502,2,290.69
4503,3,428.13
4504,7,292.69
4505,1,162.29
4506,10,272.45
4507,7,490.13
4508,6,387.93
4509,3,264.68
4510,10,299.48
4511,2,203.7
4512,9,427.66
4513,6,80.9
4514,5,420.24
4515,8,343.19
4516,3,304.72
4517,3,376.06
4518,1,303.45
4519,5,256.17
4520,2,143.99
4521,10,244.36
4522,4,252.56
4523,7,38.82
4524,6,84.82
4525,4,425.55
4526,4,353.2
4527,1,462.35
4528,3,429.82
4529,7,156.56
4530,3,495.62
4531,9,202.22
4532,7,342.17
4533,6,381.28
4534,7,45.19
4535,5,148.36
4536,4,353.54
4537,9,202.95
4538,3,168.48
4539,10,434.27
4540,1,426.41
4541,5,234.19
4542,3,292.81
4543,8,351.02
4544,5,449.64
4545,4,116.89
4546,4,370.31
4547,1,187.49
4548,10,59.95
4549,3,194.51
4550,7,342.93
4551,3,463.73
4552,2,184.24
4553,8,98.02
4554,1,67.5
4555,9,328.55
4556,10,222.57
4557,3,317.22
4558,7,130.05
4559,2,128.02
4560,8,158.32
4561,10,477.73
4562,7,390.17
4563,2,391.09
4564,7,144.86
4565,8,189.99
4566,2,67.15
4567,2,249.72
4568,9,120.22
4569,10,290.76
4570,10,244.95
4571,2,399.23
4572,3,198.14
4573,7,156.2
4574,3,58.73
4575,2,359.75
4576,9,100.6
4577,1,202.96
4578,9,393.9
4579,9,249.4
4580,9,420.2
4581,9,359.74
4582,2,379.22
4583,4,483.18
4584,2,98.53
4585,10,350.66
4586,1,281.81
4587,6,70.29
4588,3,291.79
4589,3,53.03
4590,5,427.21
4591,1,51.46
4592,2,258.01
4593,6,483.48
4594,3,217.3
4595,1,131.69
4596,1,473.65
4597,9,453.26
4598,5,332.99
4599,8,78.53
4600,8,350.6
4601,9,456.28
4602,6,307.02
4603,9,112.82
4604,2,334.68
4605,1,126.18
4606,4,79.42
4607,4,479.14
4608,10,280.51
4609,10,185.94
4610,3,367.26
4611,7,46.44
4612,5,137.73
4613,3,206.03
4614,2,472.92
4615,7,470.7
4616,3,272.59
4617,2,318.49
4618,5,497.73
4619,4,360.08
4620,10,332.09
4621,9,306.42
4622,7,412.57
4623,6,496.3
4624,7,195.68
4625,10,131.27
4626,5,71.06
4627,2,345.15
4628,7,42.32
4629,2,187.78
4630,6,391.25
4631,3,435.74
4632,4,144.09
4633,2,194.81
4634,4,195.53
4635,2,393.54
4636,2,96.11
4637,5,298.53
4638,8,56.81
4639,6,353.22
4640,5,280.26
4641,10,58.54
4642,1,93.67
4643,7,98.53
4644,9,280.32
4645,7,243.66
4646,3,136.94
4647,9,359.48
4648,3,79.91
4649,10,370.36
4650,1,460.04
4651,6,356.68
4652,4,342.33
4653,7,356.33
4654,3,225.09
4655,6,401.25
4656,9,150.54
4657,7,265.09
4658,4,159.54
4659,2,474.25
4660,7,387.58
4661,2,320.99
4662,2,367.68
4663,2,90.91
4664,1,51.45
4665,5,281.54
4666,8,406.09
4667,1,481.46
4668,7,341.75
4669,3,245.03
4670,9,345.71
4671,9,351.96
4672,7,16.81
4673,4,456.33
4674,1,359.94
4675,9,377.34
4676,4,497.17
4677,9,345.2
4678,1,307.61
4679,3,340.52
4680,9,452.86
4681,3,46.81
4682,3,261.71
4683,1,217.13
4684,7,93.54
4685,2,175.6
4686,4,417.55
4687,2,152.13
4688,8,153.84
4689,4,11.09
4690,10,202.87
4691,5,465.26
4692,9,414.61
4693,1,468.35
4694,10,425.69
4695,1,184.31
4696,10,235.57
4697,5,183.41
4698,1,181.36
4699,3,207.01
4700,1,59.66
4701,8,106.8
4702,9,262.02
4703,3,211.25
4704,8,13.39
4705,5,120.79
4706,7,193.41
4707,6,219.89
4708,3,272.85
4709,5,63.26
4710,8,331.58
4711,8,89.3
4712,6,376.07
4713,1,186.03
4714,4,64.23
4715,5,29.73
4716,7,216.32
4717,6,451.49
4718,3,336.44
4719,8,480.25
4720,5,68.21
4721,8,279.56
4722,3,169.19
4723,7,255.91
4724,7,74.39
4725,2,398.43
4726,3,86.22
4727,9,16.69
4728,4,35.5
4729,6,220.54
4730,10,371.34
4731,7,245.29
4732,5,248.11
4733,7,131.4
4734,3,367.33
4735,3,132.24
4736,2,433.44
4737,4,336.5
4738,7,107.22
4739,2,353.56
4740,9,309.44
4741,4,496.35
4742,10,318.16
4743,3,122.4
4744,3,206.63
4745,5,495.3
4746,3,218.89
4747,10,107.83
4748,1,196.37
4749,9,160.16
4750,4,118.67
4751,7,244.81
4752,9,219.27
4753,1,159.1
4754,5,188.15
4755,6,358.68
4756,4,166.72
4757,1,99.06
4758,1,35.54
4759,6,113.87
4760,8,147.28
4761,10,59.37
4762,3,133.61
4763,8,188.15
4764,5,64.65
4765,1,344.65
4766,3,172.29
4767,6,374.04
4768,10,269.14
4769,6,126.74
4770,5,112.92
4771,7,52.74
4772,2,73.94
4773,10,68.97
4774,10,484.48
4775,4,104.53
4776,8,463.5
4777,2,471.49
4778,10,178.02
4779,8,494.93
4780,4,271.44
4781,3,31.47
4782,4,214.92
4783,5,446.88
4784,9,487.81
4785,6,229.76
4786,2,456.32
4787,2,246.58
4788,9,466.35
4789,9,397.53
4790,3,303.59
4791,3,151.93
4792,10,39.79
4793,4,372.95
4794,7,252.56
4795,9,436.43
4796,2,91.1
4797,9,198.23
4798,7,206.42
4799,5,111.39
4800,1,88.4
4801,4,300.14
4802,1,440.79
4803,9,233.17
4804,9,136.83
4805,4,155.22
4806,5,280.55
4807,3,119.73
4808,9,126.73
4809,1,323.41
4810,5,464.35
4811,5,437.96
4812,1,324.78
4813,4,494.87
4814,4,271.95
4815,1,327.84
4816,10,486.39
4817,6,50.79
4818,9,139.38
4819,3,210.09
4820,10,154.5
4821,1,316.72
4822,1,413.73
4823,4,367.93
4824,5,96.6
4825,1,273.32
4826,10,62.16
4827,7,473.37
4828,5,436.31
4829,10,279.93
4830,8,118.11
4831,5,109.92
4832,7,86.26
4833,4,367.61
4834,7,190.63
4835,8,55.91
4836,3,235.1
4837,3,102.54
4838,8,472.24
4839,3,327.31
4840,1,161.98
4841,3,410.57
4842,10,102.05
4843,3,45.3
4844,4,232.96
4845,7,59.11
4846,9,77.27
4847,1,305.61
4848,7,198.16
4849,2,415.02
4850,1,74.77
4851,2,141.15
4852,10,16.61
4853,1,479.23
4854,2,275.76
4855,6,427.83
4856,2,109.14
4857,8,382.24
4858,8,409.58
4859,5,172.56
4860,3,129.47
4861,9,349.1
4862,9,70.31
4863,1,60.38
4864,5,60.26
4865,7,79.5
4866,4,21.76
4867,7,198.84
4868,6,331.13
4869,4,461.63
4870,7,346.52
4871,2,250.99
4872,2,120.02
4873,5,185.08
4874,10,173.53
4875,6,462.43
4876,2,448.84
4877,10,84.04
4878,7,269.94
4879,10,98.87
4880,7,83.61
4881,5,316.13
4882,5,180.71
4883,2,142.84
4884,8,334.25
4885,5,407.25
4886,2,396.54
4887,3,391.11
4888,3,166.93
4889,7,228.88
4890,8,409.18
4891,2,293.14
4892,5,80.89
4893,6,497.44
4894,3,386.09
4895,6,166.46
4896,7,245.83
4897,7,304.85
4898,6,77.73
4899,4,197.76
4900,9,253.58
4901,9,251.37
4902,9,412.49
4903,7,50.97
4904,7,268.2
4905,4,354.52
4906,4,187.24
4907,4,497.01
4908,1,187.58
4909,8,479.23
4910,2,39.19
4911,6,186.82
4912,3,154.4
4913,3,419.27
4914,9,486.19
4915,7,128.82
4916,4,37.37
4917,3,67.45
4918,3,194.96
4919,1,351.1
4920,7,192.13
4921,2,334.75
4922,2,243.65
4923,10,436.53
4924,1,81.97
4925,3,48.71
4926,2,16.11
4927,7,83.36
4928,3,240.18
4929,3,376.57
4930,5,240.39
4931,6,227.55
4932,1,150.52
4933,3,39.4
4934,1,306.05
4935,3,256.61
4936,1,204.23
4937,7,343.15
4938,8,281.54
4939,5,460.38
4940,9,159.96
4941,4,217.6
4942,3,143.2
4943,2,265.54
4944,3,374.14
4945,7,313.33
4946,4,202.22
4947,9,306.49
4948,2,410.11
4949,8,243.93
4950,7,415.35
4951,3,36.79
4952,6,326.86
4953,4,142.26
4954,2,48.13
4955,10,391.61
4956,6,23.74
4957,5,89.75
4958,2,42.01
4959,10,15.38
4960,5,101.99
4961,4,322.81
4962,1,127.76
4963,2,488.56
4964,10,31.99
4965,8,32.38
4966,6,55.67
4967,5,14.15
4968,6,378.32
4969,7,255.11
4970,6,378.4
4971,6,487.19
4972,2,172.35
4973,9,59.49
4974,3,21.61
4975,7,243.71
4976,1,152.16
4977,3,344.36
4978,2,443.75
4979,2,476.88
4980,4,443.36
4981,3,386.72
4982,3,496.77
4983,9,262.99
4984,10,329.18
4985,6,229.27
4986,3,176.12
4987,6,315.5
4988,7,29.61
4989,7,127.16
4990,10,307.37
4991,3,287.78
4992,8,57.73
4993,1,79.89
4994,5,278.1
4995,2,254.47
4996,8,163.72
4997,5,89.12
4998,5,292.49
4999,6,53.72
5000,3,358.22
5001,8,136.39
5002,8,489.46
5003,8,328.64
5004,3,470.52
5005,10,249.25
5006,6,430.91
5007,7,210.43
5008,10,459.4
5009,3,226.01
5010,9,423.97
5011,6,193.1
5012,7,257.91
5013,5,439.93
5014,1,314.1
5015,1,373.11
5016,4,352.88
5017,9,13.89
5018,2,152.42
5019,3,289.37
5020,2,119.3
5021,8,337.88
5022,6,238.28
5023,9,451.06
5024,8,63.47
5025,3,368.57
5026,7,386.43
5027,4,206.75
5028,2,165.47
5029,10,248.28
5030,8,66.02
5031,8,28.76
5032,3,474.78
5033,3,323.71
5034,6,288.42
5035,10,389.36
5036,1,468.87
5037,6,396.88
5038,8,114.58
5039,4,435.33
5040,7,142.23
5041,3,50.96
5042,2,144.21
5043,2,156.19
5044,8,436.93
5045,9,114.91
5046,5,100.2
5047,1,55.3
5048,7,177.59
5049,5,90.62
5050,6,471.55
5051,8,242.99
5052,3,483.14
5053,7,183.8
5054,10,200.68
5055,1,284.85
5056,10,107.29
5057,10,312.09
5058,6,335.39
5059,6,16.95
5060,8,467.57
5061,8,433.51
5062,2,398.09
5063,7,138.77
5064,1,494.24
5065,3,320.8
5066,10,57.75
5067,4,375.4
5068,4,215.89
5069,9,389.45
5070,10,195.0
5071,6,112.78
5072,4,486.15
5073,10,478.0
5074,6,408.75
5075,1,157.95
5076,5,256.02
5077,2,352.67
5078,8,212.89
5079,6,182.58
5080,9,218.67
5081,6,65.56
5082,3,234.82
5083,6,96.68
5084,10,89.7
5085,7,196.97
5086,7,320.71
5087,10,469.57
5088,2,497.73
5089,2,53.92
5090,1,311.97
5091,7,60.8
5092,10,464.34
5093,2,320.43
5094,9,294.8
5095,1,337.18
5096,7,113.82
5097,8,280.28
5098,2,105.82
5099,8,475.77
5100,6,484.13
5101,8,212.34
5102,7,13.73
5103,6,393.28
5104,9,148.97
5105,5,160.62
5106,7,339.92
5107,1,451.09
5108,7,26.01
5109,1,85.15
5110,6,421.98
5111,9,411.82
5112,10,165.56
5113,3,479.99
5114,7,128.5
5115,7,104.4
5116,7,415.99
5117,10,220.26
5118,7,488.9
5119,3,207.53
5120,6,263.47
5121,7,123.18
5122,3,257.09
5123,10,394.3
5124,5,420.3
5125,3,474.86
5126,4,55.69
5127,1,224.34
5128,10,84.99
5129,10,356.71
5130,2,290.18
5131,1,373.75
5132,3,491.87
5133,6,101.41
5134,4,155.49
5135,9,421.82
5136,7,387.49
5137,1,144.73
5138,3,317.44
5139,10,434.8
5140,2,234.97
5141,10,70.12
5142,3,148.41
5143,3,55.46
5144,8,423.87
5145,4,201.49
5146,8,399.77
5147,7,46.05
5148,2,113.05
5149,7,193.87
5150,6,320.44
5151,8,406.19
5152,3,156.39
5153,3,333.24
5154,10,428.86
5155,2,488.2
5156,6,247.12
5157,10,304.0
5158,1,87.61
5159,5,464.03
5160,4,306.99
5161,9,21.29
5162,9,382.87
5163,4,434.77
5164,2,450.3
5165,1,170.49
5166,4,50.89
5167,3,141.12
5168,8,107.63
5169,2,180.79
5170,9,329.44
5171,8,375.15
5172,8,223.67
5173,7,461.95
5174,5,94.75
5175,5,481.32
5176,2,295.99
5177,10,162.68
5178,4,477.34
5179,8,222.4
5180,8,217.63
5181,5,409.79
5182,10,62.7
5183,7,220.36
5184,10,182.93
5185,2,230.21
5186,1,479.47
5187,5,297.57
5188,5,305.9
5189,9,182.6
5190,1,66.18
5191,6,220.4
5192,3,185.29
5193,2,115.44
5194,6,192.26
5195,6,69.93
5196,6,347.26
5197,6,114.75
5198,10,399.67
5199,4,285.2
5200,7,148.97
5201,4,268.36
5202,2,284.87
5203,10,473.67
5204,2,291.23
5205,7,344.24
5206,7,165.71
5207,6,107.09
5208,1,403.34
5209,8,32.93
5210,5,216.41
5211,2,231.86
5212,10,170.17
5213,7,125.85
5214,1,149.67
5215,10,494.1
5216,8,149.34
5217,7,28.13
5218,9,459.84
5219,1,175.32
5220,1,44.03
5221,2,416.63
5222,7,364.39
5223,5,165.42
5224,6,206.17
5225,9,389.56
5226,8,310.04
5227,7,156.24
5228,8,251.73
5229,2,423.11
5230,10,60.34
5231,4,33.44
5232,1,77.98
5233,6,432.08
5234,7,120.91
5235,2,103.67
5236,6,409.91
5237,9,494.89
5238,1,137.25
5239,1,64.29
5240,5,46.77
5241,6,347.08
5242,7,142.26
5243,3,463.18
5244,10,235.74
5245,3,166.47
5246,3,378.99
5247,7,322.08
5248,2,265.66
5249,4,293.16
5250,8,488.41
5251,6,388.6
5252,8,120.66
5253,5,385.44
5254,2,182.97
5255,4,333.15
5256,4,350.53
5257,2,486.16
5258,1,114.11
5259,4,239.39
5260,7,102.08
5261,2,176.82
5262,10,383.19
5263,9,430.64
5264,5,357.17
5265,3,425.43
5266,2,457.92
5267,4,459.18
5268,7,487.78
5269,10,261.6
5270,7,102.1
5271,5,217.32
5272,5,476.23
5273,10,327.71
5274,3,235.87
5275,2,375.06
5276,4,18.13
5277,8,101.64
5278,1,243.36
5279,9,231.79
5280,5,67.98
5281,9,51.19
5282,7,113.91
5283,7,256.07
5284,9,173.53
5285,8,143.57
5286,2,34.08
5287,7,368.68
5288,7,105.03
5289,4,207.32
5290,10,145.2
5291,10,251.87
5292,7,63.5
5293,1,326.71
5294,2,117.59
5295,1,448.58
5296,10,140.43
5297,2,270.74
5298,5,120.97
5299,10,352.76
5300,7,202.03
5301,2,117.75
5302,5,252.63
5303,3,395.01
5304,6,322.08
5305,10,151.11
5306,1,56.18
5307,9,454.81
5308,10,243.61
5309,5,427.76
5310,4,93.41
5311,2,91.66
5312,6,450.94
5313,3,481.5
5314,8,219.68
5315,1,96.98
5316,5,441.82
5317,3,342.81
5318,1,301.06
5319,8,295.75
5320,8,437.88
5321,8,63.6
5322,1,287.96
5323,5,419.33
5324,9,256.54
5325,3,389.88
5326,2,159.26
5327,6,231.78
5328,6,495.0
5329,5,335.07
5330,5,188.5
5331,1,415.6
5332,5,357.98
5333,9,389.52
5334,10,247.33
5335,5,346.03
5336,1,82.47
5337,7,429.57
5338,3,185.03
5339,1,129.74
5340,7,186.12
5341,2,104.98
5342,7,322.98
5343,5,439.8
5344,9,450.62
5345,8,493.79
5346,9,95.73
5347,6,445.12
5348,7,298.68
5349,5,161.57
5350,1,293.96
5351,6,418.74
5352,2,222.4
5353,8,287.66
5354,6,151.32
5355,1,254.47
5356,3,238.5
5357,3,266.36
5358,5,315.66
5359,3,158.79
5360,5,41.66
5361,5,17.64
5362,1,116.49
5363,10,70.48
5364,8,159.85
5365,7,182.61
5366,1,34.45
5367,3,181.61
5368,5,394.78
5369,9,336.01
5370,9,85.97
5371,2,359.47
5372,3,498.0
5373,4,221.7
5374,2,152.49
5375,1,241.86
5376,6,131.88
5377,7,217.06
5378,2,447.59
5379,5,302.55
5380,3,286.31
5381,6,404.15
5382,3,344.83
5383,4,132.51
5384,7,281.6
5385,5,159.45
5386,5,287.67
5387,8,277.46
5388,7,393.38
5389,7,57.06
5390,9,226.53
5391,6,256.87
5392,6,239.51
5393,7,238.61
5394,7,236.03
5395,9,22.95
5396,7,53.33
5397,3,311.45
5398,5,395.45
5399,10,260.98
5400,3,314.24
5401,10,440.12
5402,1,380.11
5403,7,71.71
5404,1,236.78
5405,9,235.51
5406,1,51.48
5407,5,416.65
5408,2,173.41
5409,2,412.75
5410,10,245.92
5411,6,433.51
5412,2,372.83
5413,9,372.29
5414,1,353.77
5415,9,80.63
5416,8,76.84
5417,3,157.44
5418,5,362.38
5419,1,404.75
5420,10,347.01
5421,2,42.9
5422,3,305.86
5423,2,264.71
5424,4,110.1
5425,8,22.08
5426,9,227.47
5427,1,463.76
5428,5,208.23
5429,3,411.93
5430,9,137.53
5431,10,343.85
5432,10,70.37
5433,3,321.74
5434,3,79.43
5435,4,93.68
5436,9,108.17
5437,8,152.12
5438,2,479.95
5439,8,190.0
5440,5,201.68
5441,2,237.34
5442,7,82.6
5443,5,233.97
5444,10,200.82
5445,10,158.35
5446,10,227.79
5447,6,481.77
5448,8,442.39
5449,8,145.68
5450,3,185.3
5451,9,113.28
5452,9,201.41
5453,2,95.5
5454,3,182.41
5455,10,176.25
5456,3,146.39
5457,5,462.5
5458,2,458.92
5459,8,194.5
5460,8,306.86
5461,3,292.26
5462,9,389.95
5463,9,137.02
5464,6,298.54
5465,10,180.57
5466,10,416.64
5467,2,32.02
5468,3,123.54
5469,2,254.72
5470,8,168.59
5471,4,490.85
5472,4,61.66
5473,3,366.8
5474,7,380.35
5475,7,461.96
5476,1,309.83
5477,2,28.33
5478,2,226.35
5479,6,307.2
5480,1,462.54
5481,6,62.75
5482,8,195.04
5483,10,282.67
5484,4,133.72
5485,8,342.64
5486,4,108.58
5487,3,222.69
5488,9,406.25
5489,4,52.15
5490,1,318.27
5491,2,109.73
5492,3,447.71
5493,6,389.45
5494,10,277.82
5495,2,176.95
5496,9,253.13
5497,4,289.48
5498,8,255.42
5499,6,313.05
5500,9,428.18
5501,2,225.05
5502,7,438.25
5503,10,48.29
5504,9,156.13
5505,2,254.37
5506,1,304.73
5507,6,21.05
5508,5,461.91
5509,5,201.31
5510,6,43.3
5511,3,484.38
5512,2,271.87
5513,4,428.07
5514,10,255.02
5515,7,313.14
5516,9,351.78
5517,2,295.56
5518,5,330.08
5519,1,175.64
5520,5,108.25
5521,1,78.25
5522,9,410.21
5523,6,462.85
5524,1,125.45
5525,2,404.77
5526,10,453.12
5527,1,179.46
5528,2,475.45
5529,10,372.25
5530,2,444.88
5531,8,473.83
5532,5,364.43
5533,2,27.44
5534,9,120.37
5535,6,221.44
5536,5,392.96
5537,4,20.51
5538,1,22.91
5539,4,271.75
5540,7,344.15
5541,1,280.72
5542,1,199.69
5543,7,350.77
5544,7,353.66
5545,9,77.51
5546,8,67.82
5547,10,491.44
5548,6,182.38
5549,6,223.9
5550,1,126.7
5551,2,298.42
5552,4,212.4
5553,9,288.34
5554,1,437.9
5555,4,408.18
5556,2,37.76
5557,8,98.49
5558,1,163.92
5559,10,331.05
5560,4,499.06
5561,3,307.0
5562,8,332.22
5563,2,47.43
5564,9,110.87
5565,6,449.84
5566,4,227.34
5567,5,471.3
5568,9,153.41
5569,4,268.15
5570,5,166.24
5571,9,256.69
5572,1,179.85
5573,7,355.7
5574,10,248.24
5575,2,109.74
5576,3,422.3
5577,9,122.96
5578,9,113.28
5579,6,365.21
5580,3,27.58
5581,4,352.19
5582,8,476.99
5583,1,254.46
5584,1,142.45
5585,10,198.25
5586,2,39.26
5587,10,198.13
5588,1,432.76
5589,7,227.57
5590,4,110.81
5591,3,333.36
5592,9,35.61
5593,5,25.34
5594,6,469.24
5595,10,379.69
5596,6,462.12
5597,5,407.02
5598,10,116.11
5599,1,177.06
5600,10,222.7
5601,7,393.48
5602,1,405.62
5603,9,200.17
5604,5,430.67
5605,9,237.12
5606,10,362.42
5607,9,137.45
5608,7,238.99
5609,4,74.62
5610,1,147.54
5611,5,51.91
5612,4,387.96
5613,5,175.39
5614,7,28.92
5615,5,187.23
5616,5,393.39
5617,10,16.05
5618,5,288.54
5619,6,419.64
5620,3,227.47
5621,1,225.56
5622,8,28.13
5623,6,245.3
5624,9,116.74
5625,1,293.99
5626,2,145.46
5627,10,280.21
5628,2,225.82
5629,5,385.33
5630,5,137.17
5631,8,72.34
5632,3,81.98
5633,10,331.43
5634,4,66.08
5635,1,100.29
5636,9,431.68
5637,10,165.49
5638,9,361.51
5639,1,476.33
5640,5,487.89
5641,1,342.41
5642,6,274.82
5643,1,304.28
5644,6,63.49
5645,9,227.47
5646,9,47.95
5647,4,169.64
5648,6,416.28
5649,7,44.98
5650,7,439.17
5651,3,22.1
5652,10,396.2
5653,6,487.8
5654,6,240.64
5655,5,314.74
5656,3,190.47
5657,5,465.85
5658,10,22.51
5659,10,113.63
5660,6,260.29
5661,9,393.9
5662,6,470.57
5663,7,417.06
5664,1,331.96
5665,3,196.73
5666,2,478.04
5667,4,287.05
5668,10,318.86
5669,7,274.09
5670,2,425.32
5671,9,401.12
5672,10,241.44
5673,9,264.96
5674,6,141.9
5675,10,153.6
5676,4,171.06
5677,6,123.14
5678,6,376.61
5679,2,349.61
5680,8,369.07
5681,7,187.32
5682,6,284.62
5683,2,458.17
5684,8,306.56
5685,8,395.29
5686,4,288.98
5687,3,463.6
5688,4,390.46
5689,7,340.31
5690,3,306.72
5691,5,177.37
5692,2,49.94
5693,7,257.46
5694,3,292.25
5695,4,450.94
5696,8,17.6
5697,2,215.13
5698,9,358.58
5699,8,374.0
5700,3,436.03
5701,7,21.73
5702,3,495.07
5703,3,262.3
5704,9,460.13
5705,7,183.64
5706,7,351.5
5707,4,358.87
5708,2,175.04
5709,6,299.82
5710,10,62.81
5711,1,46.14
5712,6,475.46
5713,7,319.11
5714,7,151.75
5715,8,353.06
5716,3,364.62
5717,10,459.01
5718,9,51.06
5719,1,300.84
5720,6,340.21
5721,8,195.89
5722,8,96.59
5723,10,146.86
5724,2,123.81
5725,8,177.15
5726,10,263.66
5727,9,294.12
5728,7,149.78
5729,7,166.1
5730,3,477.22
5731,1,408.85
5732,4,220.96
5733,5,291.82
5734,10,164.04
5735,6,149.55
5736,2,151.04
5737,8,225.07
5738,3,151.35
5739,5,494.51
5740,2,463.01
5741,5,79.09
5742,4,280.56
5743,9,379.88
5744,1,303.21
5745,1,480.33
5746,9,273.58
5747,4,13.27
5748,1,191.07
5749,5,471.48
5750,10,218.99
5751,8,265.24
5752,8,154.52
5753,2,360.96
5754,2,227.76
5755,7,251.7
5756,2,433.61
5757,5,368.5
5758,2,484.54
5759,2,374.7
5760,4,366.41
5761,6,86.8
5762,6,145.29
5763,9,339.32
5764,2,356.34
5765,6,447.21
5766,1,222.36
5767,9,165.59
5768,9,333.95
5769,1,475.1
5770,1,130.5
5771,10,194.34
5772,4,339.94
5773,5,240.36
5774,8,408.8
5775,8,148.47
5776,4,321.04
5777,2,475.91
5778,4,11.57
5779,2,250.44
5780,10,112.19
5781,3,29.02
5782,5,310.56
5783,10,125.01
5784,6,247.27
5785,3,440.17
5786,4,438.77
5787,8,250.21
5788,7,302.94
5789,9,245.67
5790,2,117.28
5791,5,215.6
5792,8,169.44
5793,7,66.75
5794,8,478.59
5795,2,180.31
5796,7,355.36
5797,8,421.66
5798,8,304.52
5799,4,24.19
5800,5,258.67
5801,7,39.79
5802,6,138.19
5803,6,211.5
5804,8,218.35
5805,5,457.06
5806,5,247.9
5807,4,176.52
5808,1,161.17
5809,7,118.44
5810,3,272.65
5811,2,474.46
5812,10,309.27
5813,3,306.43
5814,1,475.64
5815,1,403.18
5816,2,392.41
5817,6,456.99
5818,9,41.1
5819,1,264.14
5820,6,272.38
5821,3,420.69
5822,7,431.26
5823,4,152.19
5824,3,456.22
5825,6,212.56
5826,9,369.33
5827,1,27.68
5828,1,380.01
5829,9,60.24
5830,7,397.76
5831,1,86.9
5832,5,21.88
5833,4,26.55
5834,2,408.37
5835,7,331.09
5836,3,410.96
5837,5,432.37
5838,2,46.21
5839,7,19.88
5840,9,306.39
5841,3,56.82
5842,10,398.38
5843,4,417.42
5844,5,394.54
5845,7,261.05
5846,1,158.06
5847,8,109.31
5848,5,484.94
5849,10,240.99
5850,5,220.47
5851,4,483.77
5852,9,146.49
5853,5,454.76
5854,9,258.23
5855,7,18.43
5856,8,366.5
5857,6,383.72
5858,2,231.61
5859,10,487.84
5860,7,387.89
5861,8,191.21
5862,10,63.38
5863,5,172.89
5864,2,56.74
5865,3,111.76
5866,8,300.77
5867,2,79.25
5868,10,420.65
5869,9,364.29
5870,10,382.68
5871,1,386.03
5872,5,211.81
5873,6,418.82
5874,1,167.51
5875,10,303.38
5876,1,141.39
5877,4,379.97
5878,8,277.34
5879,6,480.14
5880,4,167.7
5881,8,262.07
5882,2,461.4
5883,7,352.64
5884,7,72.37
5885,1,89.43
5886,2,91.44
5887,8,436.18
5888,2,29.14
5889,7,252.64
5890,9,248.72
5891,9,214.89
5892,1,155.41
5893,7,497.91
5894,5,266.02
5895,10,445.88
5896,10,328.61
5897,3,152.2
5898,4,403.38
5899,6,264.5
5900,5,241.33
5901,4,468.74
5902,3,90.48
5903,8,14.81
5904,7,97.82
5905,8,42.85
5906,1,162.8
5907,4,107.64
5908,2,273.49
5909,6,56.41
5910,10,239.66
5911,3,42.72
5912,9,442.84
5913,6,318.12
5914,4,144.54
5915,7,296.39
5916,5,189.96
5917,7,467.81
5918,9,275.1
5919,4,47.96
5920,3,60.46
5921,4,147.19
5922,5,286.19
5923,3,400.47
5924,10,325.97
5925,7,171.78
5926,10,306.34
5927,10,337.56
5928,8,112.56
5929,1,393.85
5930,4,54.76
5931,10,81.78
5932,3,242.98
5933,1,168.44
5934,1,77.12
5935,8,218.45
5936,8,170.27
5937,9,382.4
5938,4,284.47
5939,7,389.22
5940,8,183.95
5941,9,165.32
5942,2,442.81
5943,4,478.13
5944,5,358.56
5945,7,284.64
5946,8,350.6
5947,5,345.83
5948,9,450.88
5949,6,97.23
5950,6,429.13
5951,6,366.96
5952,4,312.32
5953,4,197.4
5954,3,467.26
5955,1,105.96
5956,6,267.74
5957,1,297.23
5958,6,56.11
5959,6,458.75
5960,9,461.57
5961,10,143.78
5962,5,324.42
5963,7,31.52
5964,5,144.35
5965,1,485.86
5966,1,432.96
5967,8,498.64
5968,8,250.25
5969,8,377.47
5970,9,405.64
5971,1,191.07
5972,10,448.19
5973,3,355.76
5974,3,436.75
5975,3,50.58
5976,2,37.46
5977,1,163.98
5978,9,145.96
5979,4,331.0
5980,1,173.01
5981,6,449.89
5982,3,453.81
5983,10,363.85
5984,6,263.01
5985,7,214.03
5986,1,41.83
5987,9,82.28
5988,5,51.14
5989,8,31.81
5990,10,107.35
5991,9,210.53
5992,1,162.47
5993,9,181.84
5994,6,238.46
5995,2,287.43
5996,8,53.2
5997,2,99.43
5998,2,100.97
5999,10,317.05
6000,1,385.69
6001,1,116.59
6002,6,235.57
6003,4,160.81
6004,4,376.23
6005,3,162.14
6006,7,355.9
6007,3,146.69
6008,10,164.62
6009,4,419.28
6010,5,442.95
6011,3,489.85
6012,5,351.8
6013,5,55.28
6014,6,293.56
6015,6,388.46
6016,9,230.34
6017,3,28.0
6018,10,198.98
6019,9,288.67
6020,7,179.99
6021,5,111.65
6022,9,280.29
6023,5,54.47
6024,4,136.52
6025,8,137.81
6026,2,263.34
6027,3,242.85
6028,8,297.54
6029,6,286.25
6030,10,451.62
6031,6,353.63
6032,6,435.97
6033,1,87.79
6034,8,174.01
6035,2,101.68
6036,6,160.08
6037,8,277.92
6038,1,225.11
6039,10,233.66
6040,10,350.3
6041,7,242.05
6042,4,133.76
6043,6,304.46
6044,8,342.49
6045,5,29.66
6046,4,383.95
6047,9,62.85
6048,7,389.3
6049,10,206.37
6050,1,90.37
6051,3,461.95
6052,10,482.97
6053,9,107.25
6054,10,378.41
6055,3,335.07
6056,1,485.46
6057,5,398.5
6058,3,402.73
6059,8,204.04
6060,8,10.41
6061,3,108.2
6062,3,157.63
6063,2,100.45
6064,4,223.91
6065,4,85.53
6066,9,424.38
6067,6,12.42
6068,3,178.91
6069,8,279.42
6070,7,352.4
6071,8,337.53
6072,8,356.05
6073,2,199.91
6074,6,383.89
6075,3,205.94
6076,6,450.03
6077,7,302.5
6078,9,45.11
6079,8,338.24
6080,10,23.18
6081,10,97.3
6082,4,190.87
6083,6,255.71
6084,1,309.18
6085,7,458.15
6086,4,77.66
6087,4,31.68
6088,5,223.35
6089,6,198.19
6090,3,218.6
6091,5,162.44
6092,8,27.07
6093,7,97.96
6094,7,344.35
6095,2,237.81
6096,2,179.68
6097,2,331.38
6098,7,403.74
6099,1,88.83
6100,3,291.59
6101,7,346.29
6102,1,248.21
6103,7,217.0
6104,1,158.45
6105,5,373.61
6106,2,305.78
6107,8,256.01
6108,8,358.89
6109,9,486.17
6110,2,394.89
6111,7,270.54
6112,7,436.45
6113,2,83.69
6114,6,474.62
6115,10,136.34
6116,9,408.29
6117,8,223.1
6118,8,148.04
6119,2,435.27
6120,8,189.88
6121,10,346.33
6122,5,218.59
6123,5,385.75
6124,1,275.95
6125,3,153.69
6126,7,18.58
6127,6,155.86
6128,1,301.93
6129,6,368.63
6130,9,371.95
6131,4,95.86
6132,9,56.34
6133,3,320.13
6134,7,447.43
6135,6,486.21
6136,10,129.61
6137,9,288.84
6138,1,47.5
6139,6,28.76
6140,10,488.65
6141,2,197.14
6142,2,175.51
6143,5,217.04
6144,1,100.13
6145,5,363.58
6146,2,420.06
6147,7,482.93
6148,4,289.74
6149,5,311.63
6150,9,428.58
6151,4,350.19
6152,1,193.38
6153,8,115.45
6154,7,144.65
6155,3,145.66
6156,1,306.27
6157,3,342.32
6158,5,12.48
6159,4,19.17
6160,7,332.03
6161,5,140.86
6162,10,397.23
6163,6,57.6
6164,4,18.86
6165,6,118.32
6166,10,151.04
6167,10,415.22
6168,10,216.17
6169,10,171.09
6170,7,243.05
6171,9,16.16
6172,6,166.62
6173,8,84.37
6174,8,113.21
6175,3,339.76
6176,5,207.44
6177,10,484.18
6178,8,285.05
6179,6,50.72
6180,9,190.9
6181,5,377.92
6182,8,340.51
6183,1,86.39
6184,10,91.7
6185,6,286.8
6186,7,497.95
6187,1,378.18
6188,5,282.66
6189,8,494.94
6190,7,461.38
6191,3,195.43
6192,2,57.52
6193,4,113.54
6194,2,289.67
6195,3,433.8
6196,7,279.53
6197,6,378.13
6198,7,451.22
6199,5,166.51
6200,6,318.84
6201,6,256.13
6202,9,202.16
6203,7,252.47
6204,8,150.28
6205,8,86.91
6206,3,206.03
6207,1,271.01
6208,6,383.84
6209,3,344.84
6210,2,197.84
6211,7,487.38
6212,7,102.55
6213,1,313.25
6214,3,308.76
6215,9,499.47
6216,10,289.59
6217,7,473.29
6218,6,308.81
6219,3,288.96
6220,8,345.34
6221,6,21.13
6222,10,442.92
6223,7,280.51
6224,4,426.65
6225,3,234.31
6226,4,95.85
6227,4,168.13
6228,5,41.76
6229,1,111.43
6230,8,235.0
6231,10,227.39
6232,4,400.41
6233,8,255.11
6234,2,403.81
6235,6,437.32
6236,3,129.98
6237,2,13.37
6238,1,344.19
6239,7,434.86
6240,8,432.46
6241,2,393.69
6242,5,442.84
6243,9,69.28
6244,10,327.07
6245,9,360.23
6246,8,245.6
6247,1,153.55
6248,7,415.87
6249,1,188.05
6250,9,318.34
6251,8,220.01
6252,2,60.78
6253,5,381.39
6254,10,379.25
6255,2,363.78
6256,6,212.32
6257,6,79.56
6258,4,399.82
6259,4,139.61
6260,6,324.6
6261,2,234.54
6262,8,378.73
6263,5,177.8
6264,8,172.02
6265,8,352.79
6266,10,144.9
6267,1,383.05
6268,3,265.67
6269,1,118.3
6270,6,286.13
6271,5,160.26
6272,3,288.14
6273,5,242.89
6274,8,339.91
6275,3,374.43
6276,3,81.8
6277,5,430.98
6278,5,322.01
6279,1,426.95
6280,10,158.45
6281,10,15.91
6282,6,363.36
6283,9,208.86
6284,10,451.0
6285,6,325.49
6286,10,427.78
6287,6,266.44
6288,7,434.05
6289,8,327.7
6290,9,246.21
6291,8,449.6
6292,1,337.68
6293,2,177.76
6294,5,111.15
6295,3,146.37
6296,2,328.5
6297,6,254.41
6298,10,457.22
6299,1,421.59
6300,9,450.09
6301,4,188.14
6302,1,205.26
6303,2,476.49
6304,9,42.93
6305,9,481.21
6306,9,437.58
6307,1,228.85
6308,9,131.51
6309,5,400.66
6310,3,347.95
6311,4,121.89
6312,8,96.94
6313,10,140.22
6314,5,54.77
6315,4,369.34
6316,2,454.01
6317,3,266.05
6318,1,111.79
6319,4,296.98
6320,10,243.87
6321,2,273.1
6322,1,166.24
6323,2,106.25
6324,2,226.53
6325,8,106.72
6326,9,298.79
6327,10,248.74
6328,10,14.71
6329,7,431.96
6330,2,362.79
6331,8,390.92
6332,4,298.58
6333,10,380.22
6334,1,133.36
6335,7,304.66
6336,8,319.25
6337,6,258.57
6338,9,149.04
6339,5,139.46
6340,9,132.02
6341,5,342.14
6342,9,161.31
6343,8,64.62
6344,3,248.91
6345,6,447.75
6346,9,240.55
6347,3,97.61
6348,7,339.76
6349,2,463.39
6350,8,177.79
6351,9,413.05
6352,4,391.61
6353,4,114.48
6354,9,159.64
6355,9,241.22
6356,5,464.5
6357,4,289.79
6358,3,168.65
6359,4,385.53
6360,3,427.66
6361,10,334.67
6362,6,478.79
6363,8,330.21
6364,7,392.08
6365,5,122.07
6366,5,241.27
6367,5,191.69
6368,5,173.52
6369,6,416.32
6370,6,230.36
6371,7,286.01
6372,7,12.78
6373,7,37.1
6374,7,183.27
6375,3,487.74
6376,5,19.55
6377,4,112.22
6378,5,154.45
6379,6,21.6
6380,7,397.55
6381,6,283.45
6382,4,400.76
6383,10,256.44
6384,5,62.35
6385,4,88.6
6386,8,471.33
6387,10,240.24
6388,1,392.8
6389,7,347.02
6390,8,132.42
6391,10,297.2
6392,1,59.71
6393,6,145.26
6394,6,224.68
6395,5,64.41
6396,3,441.62
6397,2,169.03
6398,7,413.91
6399,3,299.01
6400,10,108.0
6401,2,224.75
6402,6,290.64
6403,5,282.77
6404,5,347.89
6405,3,388.33
6406,2,436.66
6407,6,479.03
6408,6,453.5
6409,8,376.16
6410,4,100.23
6411,8,121.56
6412,6,173.18
6413,5,135.13
6414,1,78.73
6415,7,219.39
6416,8,401.07
6417,9,39.54
6418,9,193.0
6419,10,224.23
6420,1,480.3
6421,6,397.17
6422,8,148.5
6423,6,320.84
6424,2,287.0
6425,9,392.49
6426,9,87.53
6427,9,424.69
6428,2,291.22
6429,8,308.92
6430,4,378.43
6431,7,410.7
6432,8,231.13
6433,3,328.72
6434,2,99.02
6435,10,176.51
6436,9,392.75
6437,7,445.8
6438,7,291.62
6439,1,315.61
6440,7,19.25
6441,4,167.97
6442,3,136.84
6443,4,296.34
6444,6,270.86
6445,4,387.26
6446,10,463.42
6447,10,84.78
6448,3,111.01
6449,3,59.44
6450,9,304.94
6451,1,391.94
6452,9,180.77
6453,2,170.46
6454,6,464.95
6455,4,108.83
6456,3,217.9
6457,5,124.16
6458,4,388.45
6459,1,77.28
6460,8,70.32
6461,7,22.46
6462,4,196.4
6463,8,224.89
6464,4,110.76
6465,7,299.21
6466,2,55.5
6467,3,258.28
6468,10,365.01
6469,2,89.81
6470,4,68.98
6471,8,372.91
6472,6,377.34
6473,6,213.41
6474,4,492.72
6475,9,186.33
6476,5,259.28
6477,8,17.91
6478,7,403.67
6479,7,481.17
6480,2,183.79
6481,5,419.9
6482,7,473.51
6483,5,122.39
6484,2,328.71
6485,7,439.21
6486,1,476.14
6487,5,367.52
6488,6,32.23
6489,4,96.91
6490,1,72.69
6491,3,78.71
6492,8,383.52
6493,1,302.14
6494,4,434.51
6495,5,192.13
6496,7,413.39
6497,7,94.49
6498,9,483.0
6499,3,188.88
6500,2,395.41
6501,1,253.8
6502,5,207.79
6503,6,455.4
6504,5,314.74
6505,1,393.8
6506,6,23.96
6507,8,26.77
6508,3,457.65
6509,1,274.34
6510,10,364.04
6511,3,87.5
6512,1,180.85
6513,4,55.14
6514,2,65.08
6515,8,237.57
6516,7,429.51
6517,9,225.8
6518,10,406.62
6519,1,162.6
6520,8,450.78
6521,5,72.82
6522,9,189.14
6523,10,337.53
6524,2,244.12
6525,10,106.18
6526,4,262.22
6527,3,120.52
6528,2,374.16
6529,7,148.33
6530,10,61.56
6531,4,132.83
6532,5,171.03
6533,8,337.49
6534,9,263.28
6535,5,382.35
6536,3,170.69
6537,6,333.99
6538,10,370.84
6539,1,376.49
6540,7,319.62
6541,4,489.97
6542,1,80.05
6543,1,419.34
6544,4,89.32
6545,6,15.74
6546,8,247.08
6547,6,102.0
6548,10,208.77
6549,4,232.06
6550,5,277.48
6551,2,375.03
6552,9,462.7
6553,6,498.38
6554,3,135.09
6555,8,388.28
6556,8,334.99
6557,6,384.0
6558,5,40.93
6559,6,218.99
6560,1,482.73
6561,3,56.35
6562,8,416.74
6563,2,279.73
6564,5,71.89
6565,6,160.44
6566,7,281.12
6567,2,483.48
6568,9,99.48
6569,9,105.49
6570,4,390.2
6571,4,369.37
6572,6,267.53
6573,3,285.81
6574,9,267.27
6575,9,187.7
6576,4,349.91
6577,9,91.71
6578,3,59.07
6579,3,321.1
6580,10,120.87
6581,3,275.0
6582,10,217.77
6583,4,146.43
6584,7,155.28
6585,9,486.28
6586,8,239.32
6587,3,363.56
6588,5,10.17
6589,5,357.09
6590,5,112.29
6591,10,301.05
6592,2,39.02
6593,7,78.75
6594,8,413.0
6595,4,201.71
6596,3,326.58
6597,7,299.79
6598,4,418.82
6599,2,120.89
6600,5,78.82
6601,7,70.5
6602,10,472.73
6603,3,110.86
6604,3,339.4
6605,6,15.28
6606,2,265.1
6607,9,60.28
6608,10,240.84
6609,8,156.42
6610,2,275.22
6611,10,232.64
6612,2,441.31
6613,6,438.87
6614,1,196.94
6615,5,65.29
6616,8,218.7
6617,3,439.36
6618,8,381.65
6619,4,266.19
6620,2,498.83
6621,10,480.27
6622,6,128.23
6623,8,419.99
6624,7,216.62
6625,2,433.93
6626,5,422.74
6627,5,453.32
6628,9,171.13
6629,5,491.71
6630,2,16.33
6631,8,128.94
6632,8,118.48
6633,7,336.16
6634,2,498.68
6635,8,284.73
6636,10,194.15
6637,9,436.49
6638,7,30.63
6639,2,299.27
6640,2,292.06
6641,2,483.7
6642,4,186.74
6643,10,216.7
6644,7,361.96
6645,1,180.18
6646,8,427.59
6647,10,433.07
6648,1,470.7
6649,7,337.84
6650,1,115.86
6651,3,21.83
6652,6,58.41
6653,7,402.93
6654,8,426.22
6655,5,185.71
6656,6,182.67
6657,4,145.55
6658,1,169.01
6659,5,386.62
6660,3,112.6
6661,9,327.66
6662,7,379.13
6663,3,423.91
6664,2,173.54
6665,10,273.74
6666,4,165.1
6667,5,59.64
6668,2,323.33
6669,6,314.68
6670,3,380.72
6671,4,139.69
6672,8,181.79
6673,8,448.93
6674,3,480.06
6675,6,17.8
6676,4,295.1
6677,9,353.11
6678,9,155.14
6679,9,273.74
6680,7,313.05
6681,2,107.32
6682,2,358.72
6683,7,427.58
6684,3,360.79
6685,9,183.36
6686,3,461.42
6687,2,424.05
6688,5,310.58
6689,2,168.68
6690,4,226.84
6691,1,130.49
6692,3,337.09
6693,5,22.92
6694,4,418.29
6695,4,130.22
6696,4,225.77
6697,4,81.23
6698,5,129.4
6699,1,430.19
6700,8,420.59
6701,7,282.6
6702,10,104.2
6703,3,425.47
6704,10,205.81
6705,10,445.42
6706,7,375.93
6707,6,403.68
6708,5,221.34
6709,6,451.03
6710,4,166.88
6711,6,47.75
6712,3,167.61
6713,4,399.82
6714,10,73.09
6715,9,357.09
6716,9,163.61
6717,10,121.63
6718,6,361.61
6719,9,412.33
6720,4,237.99
6721,10,419.94
6722,8,313.21
6723,8,299.62
6724,2,477.05
6725,3,20.84
6726,8,283.91
6727,1,448.96
6728,8,435.11
6729,3,41.25
6730,6,42.05
6731,5,289.18
6732,1,359.67
6733,8,221.11
6734,3,493.24
6735,4,334.28
6736,5,273.81
6737,5,171.96
6738,10,401.22
6739,9,473.67
6740,3,385.49
6741,10,164.08
6742,1,485.74
6743,1,358.94
6744,6,297.85
6745,2,310.79
6746,9,212.72
6747,3,368.95
6748,4,490.09
6749,3,419.51
6750,1,328.21
6751,8,367.05
6752,6,53.66
6753,7,291.26
6754,7,404.41
6755,7,351.24
6756,3,425.16
6757,3,56.97
6758,6,96.93
6759,7,440.74
6760,8,54.46
6761,5,206.7
6762,4,182.09
6763,2,176.46
6764,2,266.69
6765,1,440.86
6766,1,491.18
6767,1,344.53
6768,2,92.57
6769,9,16.16
6770,6,198.53
6771,1,402.02
6772,10,286.05
6773,2,478.3
6774,4,321.88
6775,8,99.08
6776,4,488.13
6777,2,437.33
6778,3,303.86
6779,10,96.69
6780,8,356.12
6781,3,258.59
6782,8,24.87
6783,1,468.29
6784,2,405.53
6785,5,468.17
6786,2,181.04
6787,3,299.15
6788,3,451.11
6789,8,104.65
6790,3,498.7
6791,6,469.53
6792,9,417.57
6793,8,472.57
6794,9,42.08
6795,4,189.19
6796,4,480.59
6797,8,102.29
6798,7,30.38
6799,1,459.14
6800,8,407.34
6801,10,58.4
6802,9,54.57
6803,6,456.81
6804,10,291.79
6805,9,265.62
6806,9,325.17
6807,5,166.96
6808,8,384.13
6809,5,472.68
6810,7,208.08
6811,7,50.37
6812,1,250.71
6813,6,285.01
6814,10,200.52
6815,8,496.22
6816,5,387.71
6817,1,268.5
6818,1,102.16
6819,2,160.49
6820,10,376.45
6821,10,275.97
6822,6,372.24
6823,9,23.7
6824,5,198.6
6825,6,482.45
6826,1,413.64
6827,7,371.88
6828,9,426.12
6829,9,191.7
6830,1,456.22
6831,2,234.04
6832,3,447.25
6833,6,45.75
6834,4,252.68
6835,10,323.81
6836,1,32.16
6837,7,110.95
6838,2,462.91
6839,1,453.15
6840,6,492.36
6841,7,415.02
6842,6,459.62
6843,7,31.93
6844,3,303.39
6845,10,337.58
6846,7,343.39
6847,5,110.39
6848,5,210.51
6849,1,213.78
6850,7,194.79
6851,4,410.2
6852,8,134.18
6853,1,317.0
6854,7,30.48
6855,8,73.16
6856,4,44.56
6857,2,66.49
6858,8,42.59
6859,9,170.42
6860,5,478.11
6861,7,149.56
6862,5,149.51
6863,10,138.13
6864,2,203.5
6865,4,475.6
6866,9,424.76
6867,4,72.29
6868,1,239.79
6869,2,64.59
6870,1,418.22
6871,3,50.97
6872,2,128.46
6873,10,191.74
6874,3,226.59
6875,1,334.81
6876,9,385.73
6877,4,386.59
6878,6,31.44
6879,1,474.81
6880,6,431.15
6881,5,461.7
6882,6,236.4
6883,1,201.74
6884,3,473.94
6885,9,41.19
6886,3,317.33
6887,6,332.43
6888,8,22.4
6889,8,44.0
6890,4,304.81
6891,5,282.86
6892,3,278.09
6893,6,37.79
6894,2,210.86
6895,9,18.56
6896,3,364.8
6897,6,191.48
6898,3,451.74
6899,4,12.89
6900,1,285.73
6901,7,386.66
6902,2,429.93
6903,1,286.18
6904,2,19.7
6905,8,469.23
6906,7,148.41
6907,10,199.52
6908,4,344.61
6909,10,132.52
6910,8,244.77
6911,3,232.57
6912,6,119.68
6913,5,322.18
6914,3,481.89
6915,7,499.58
6916,3,190.36
6917,1,221.55
6918,5,80.55
6919,8,211.08
6920,9,427.32
6921,7,71.26
6922,6,111.97
6923,7,216.36
6924,7,235.68
6925,8,227.51
6926,7,237.12
6927,6,169.75
6928,7,75.23
6929,9,110.9
6930,4,359.17
6931,10,105.35
6932,10,188.07
6933,8,278.62
6934,7,193.66
6935,5,114.62
6936,3,240.41
6937,9,329.6
6938,5,453.29
6939,10,211.94
6940,4,116.42
6941,9,446.06
6942,7,469.19
6943,7,98.35
6944,8,21.68
6945,4,199.13
6946,3,143.93
6947,10,386.93
6948,7,291.78
6949,4,83.83
6950,6,239.6
6951,3,383.68
6952,8,164.95
6953,10,269.99
6954,1,341.33
6955,2,52.02
6956,1,460.88
6957,1,172.44
6958,2,163.51
6959,6,109.47
6960,3,479.4
6961,5,421.93
6962,6,315.38
6963,6,295.89
6964,8,242.79
6965,3,151.97
6966,2,403.14
6967,3,451.4
6968,3,90.0
6969,2,270.83
6970,10,210.74
6971,9,280.64
6972,8,352.93
6973,5,348.08
6974,4,488.3
6975,3,455.5
6976,2,380.28
6977,3,441.31
6978,8,195.89
6979,3,385.9
6980,10,347.18
6981,6,466.16
6982,10,290.24
6983,8,448.05
6984,8,473.84
6985,10,178.48
6986,6,494.03
6987,6,43.76
6988,3,315.78
6989,7,459.21
6990,2,496.52
6991,4,481.17
6992,6,153.25
6993,2,183.81
6994,8,17.82
6995,10,214.69
6996,3,188.96
6997,5,104.09
6998,5,491.2
6999,1,249.91
7000,3,35.49
7001,4,353.25
7002,5,229.98
7003,7,175.38
7004,5,377.5
7005,8,333.11
7006,6,280.12
7007,3,437.3
7008,10,15.23
7009,10,19.41
7010,7,107.82
7011,8,196.21
7012,1,350.69
7013,5,351.46
7014,6,189.73
7015,9,428.28
7016,7,209.53
7017,6,74.85
7018,6,362.37
7019,9,104.52
7020,5,140.67
7021,8,460.2
7022,2,404.68
7023,6,432.12
7024,2,21.27
7025,3,405.05
7026,2,129.05
7027,3,192.96
7028,3,290.24
7029,4,391.65
7030,2,14.73
7031,1,370.89
7032,6,436.38
7033,10,44.49
7034,10,316.8
7035,8,319.19
7036,6,395.2
7037,2,310.16
7038,1,355.03
7039,4,459.82
7040,2,100.93
7041,2,11.88
7042,4,113.01
7043,2,199.58
7044,9,104.39
7045,4,357.04
7046,8,306.67
7047,3,239.91
7048,10,433.85
7049,1,226.83
7050,9,13.09
7051,3,487.35
7052,5,80.51
7053,9,291.96
7054,4,352.98
7055,2,102.22
7056,6,380.58
7057,4,89.59
7058,10,155.39
7059,7,258.26
7060,5,116.95
7061,5,413.99
7062,4,269.97
7063,5,147.91
7064,3,41.68
7065,2,252.02
7066,1,313.72
7067,7,49.18
7068,8,15.88
7069,2,166.02
7070,6,352.06
7071,10,342.32
7072,2,288.91
7073,6,230.89
7074,8,191.52
7075,5,384.07
7076,6,277.5
7077,4,121.77
7078,3,30.92
7079,6,210.77
7080,8,168.94
7081,7,237.18
7082,8,231.57
7083,3,371.55
7084,7,215.6
7085,1,437.95
7086,6,196.91
7087,3,205.71
7088,1,222.85
7089,3,84.01
7090,3,116.33
7091,1,201.73
7092,3,142.74
7093,4,20.62
7094,7,87.58
7095,9,146.06
7096,4,248.4
7097,8,222.1
7098,3,248.8
7099,1,183.15
7100,2,42.78
7101,6,355.95
7102,10,151.77
7103,4,264.19
7104,8,403.77
7105,7,250.35
7106,5,319.44
7107,6,318.92
7108,10,220.21
7109,2,303.57
7110,9,148.13
7111,6,405.49
7112,3,191.09
7113,8,40.93
7114,8,191.3
7115,4,112.63
7116,6,347.26
7117,6,320.6
7118,8,395.54
7119,9,176.97
7120,6,352.18
7121,3,483.08
7122,10,485.86
7123,4,356.97
7124,10,126.14
7125,4,249.41
7126,8,446.37
7127,6,260.37
7128,2,198.23
7129,3,315.57
7130,2,269.33
7131,8,305.27
7132,5,42.79
7133,7,390.94
7134,5,358.83
7135,6,425.41
7136,1,242.14
7137,4,320.2
7138,6,184.52
7139,10,246.45
7140,3,394.01
7141,6,247.5
7142,6,306.34
7143,9,108.03
7144,4,479.29
7145,10,306.49
7146,5,369.38
7147,4,266.52
7148,9,148.4
7149,7,217.27
7150,1,156.11
7151,4,80.59
7152,1,24.12
7153,7,48.57
7154,8,390.14
7155,3,228.88
7156,7,282.08
7157,10,227.63
7158,6,62.79
7159,5,233.41
7160,4,356.09
7161,8,149.53
7162,10,72.98
7163,1,70.72
7164,6,280.76
7165,6,79.46
7166,7,279.56
7167,7,326.7
7168,7,97.22
7169,10,419.68
7170,1,325.37
7171,6,287.15
7172,10,29.3
7173,9,37.37
7174,3,253.37
7175,2,78.56
7176,2,266.16
7177,4,55.01
7178,6,486.44
7179,6,49.77
7180,6,377.92
7181,8,206.27
7182,1,267.09
7183,7,350.35
7184,9,413.19
7185,4,229.76
7186,2,383.75
7187,5,121.42
7188,1,325.93
7189,9,21.87
7190,4,244.56
7191,1,117.31
7192,4,475.48
7193,3,255.29
7194,6,199.89
7195,7,19.44
7196,5,251.19
7197,7,279.52
7198,1,108.06
7199,1,112.33
7200,10,250.82
7201,6,353.89
7202,10,442.01
7203,9,450.3
7204,3,204.62
7205,3,272.75
7206,10,147.89
7207,9,193.41
7208,7,88.33
7209,4,379.54
7210,5,173.9
7211,6,449.98
7212,7,68.39
7213,5,231.31
7214,8,305.65
7215,9,387.31
7216,4,100.57
7217,1,199.85
7218,2,373.98
7219,4,108.07
7220,10,370.49
7221,5,418.14
7222,4,444.46
7223,5,186.86
7224,1,327.44
7225,4,287.75
7226,5,116.23
7227,1,161.85
7228,4,416.5
7229,6,111.11
7230,7,362.78
7231,8,492.27
7232,10,379.39
7233,8,245.29
7234,10,149.82
7235,4,48.06
7236,2,443.36
7237,1,313.45
7238,1,473.93
7239,1,158.69
7240,7,367.09
7241,3,57.64
7242,6,115.5
7243,4,485.76
7244,6,47.29
7245,7,330.28
7246,5,387.52
7247,2,158.0
7248,5,233.89
7249,4,68.96
7250,1,441.34
7251,8,95.54
7252,2,52.19
7253,4,233.07
7254,10,350.51
7255,5,142.33
7256,10,245.07
7257,3,115.58
7258,7,342.23
7259,1,28.21
7260,7,416.92
7261,7,95.76
7262,1,292.61
7263,1,331.74
7264,5,357.85
7265,8,109.32
7266,5,21.96
7267,5,481.96
7268,4,125.06
7269,8,407.07
7270,1,438.03
7271,7,283.88
7272,8,398.06
7273,1,150.39
7274,2,303.04
7275,8,412.15
7276,9,90.31
7277,6,365.84
7278,9,81.39
7279,6,209.43
7280,10,206.87
7281,8,491.92
7282,5,82.34
7283,8,341.1
7284,7,186.56
7285,7,52.36
7286,5,443.54
7287,6,463.11
7288,8,230.88
7289,9,432.28
7290,3,445.97
7291,6,258.11
7292,3,303.41
7293,9,320.02
7294,3,427.04
7295,10,78.37
7296,4,414.1
7297,7,50.05
7298,7,441.55
7299,9,276.56
7300,9,60.87
7301,1,134.81
7302,9,335.67
7303,3,372.46
7304,6,249.7
7305,6,368.61
7306,6,278.74
7307,7,266.33
7308,7,117.34
7309,6,377.41
7310,2,120.65
7311,8,86.29
7312,4,360.94
7313,9,401.97
7314,8,80.73
7315,2,350.52
7316,5,128.5
7317,7,158.4
7318,4,275.56
7319,2,476.26
7320,4,21.52
7321,1,154.93
7322,4,101.0
7323,2,42.84
7324,8,476.0
7325,7,472.99
7326,7,15.18
7327,10,157.11
7328,7,193.71
7329,5,219.98
7330,10,460.58
7331,10,300.73
7332,8,488.74
7333,8,166.62
7334,1,135.33
7335,8,431.98
7336,7,378.93
7337,2,217.12
7338,10,313.91
7339,6,475.07
7340,8,497.37
7341,7,28.95
7342,8,381.93
7343,2,242.69
7344,9,55.1
7345,4,364.9
7346,2,232.8
7347,6,128.28
7348,8,26.83
7349,5,280.79
7350,8,116.11
7351,7,56.53
7352,3,300.78
7353,1,468.41
7354,8,43.86
7355,3,236.96
7356,10,200.21
7357,9,330.31
7358,1,134.07
7359,2,352.13
7360,8,95.22
7361,8,153.76
7362,3,29.51
7363,10,172.39
7364,2,346.54
7365,2,107.57
7366,8,132.03
7367,7,390.11
7368,3,388.51
7369,1,158.12
7370,4,176.63
7371,10,424.31
7372,4,359.78
7373,2,59.75
7374,3,74.68
7375,10,285.76
7376,8,253.11
7377,7,20.06
7378,9,449.87
7379,6,321.07
7380,2,215.13
7381,1,146.66
7382,9,354.0
7383,2,41.94
7384,5,440.11
7385,6,242.57
7386,9,460.44
7387,3,69.3
7388,3,52.32
7389,3,335.67
7390,8,333.33
7391,9,192.93
7392,5,244.16
7393,3,295.24
7394,2,284.24
7395,4,109.2
7396,5,75.28
7397,7,15.48
7398,1,260.0
7399,1,65.25
7400,5,296.93
7401,1,158.64
7402,3,166.57
7403,4,431.69
7404,4,102.45
7405,8,244.35
7406,4,58.53
7407,7,280.99
7408,9,430.76
7409,2,81.6
7410,3,430.34
7411,3,431.98
7412,2,244.07
7413,2,287.42
7414,4,317.2
7415,7,421.49
7416,6,469.43
7417,5,209.13
7418,7,31.03
7419,6,392.51
7420,1,104.38
7421,6,201.48
7422,10,419.82
7423,4,376.82
7424,3,244.89
7425,9,445.48
7426,3,128.26
7427,9,150.94
7428,2,222.04
7429,1,214.49
7430,9,51.57
7431,3,388.73
7432,1,191.07
7433,7,147.61
7434,6,158.71
7435,9,306.59
7436,5,429.14
7437,8,260.61
7438,7,381.13
7439,10,350.67
7440,10,303.68
7441,10,77.26
7442,6,54.58
7443,8,487.86
7444,9,263.33
7445,2,133.28
7446,5,467.74
7447,5,301.27
7448,4,163.4
7449,6,454.54
7450,10,103.72
7451,5,104.0
7452,6,263.66
7453,7,146.48
7454,10,217.69
7455,4,386.47
7456,3,403.1
7457,5,103.08
7458,6,359.18
7459,9,167.36
7460,8,295.06
7461,3,67.43
7462,5,322.91
7463,4,303.08
7464,6,99.71
7465,8,193.75
7466,7,247.33
7467,5,466.92
7468,8,273.33
7469,3,134.82
7470,2,133.74
7471,7,408.43
7472,7,11.6
7473,4,407.88
7474,5,464.62
7475,8,468.03
7476,9,295.96
7477,5,260.45
7478,7,107.6
7479,1,490.97
7480,8,301.68
7481,8,224.21
7482,6,68.53
7483,3,70.23
7484,1,30.11
7485,2,145.9
7486,9,272.26
7487,3,394.1
7488,7,110.4
7489,10,39.34
7490,2,175.43
7491,10,362.59
7492,5,220.6
7493,4,118.01
7494,10,289.6
7495,5,464.65
7496,6,421.98
7497,3,21.25
7498,10,165.19
7499,4,94.2
7500,7,109.54
7501,10,18.55
7502,3,54.68
7503,10,489.55
7504,5,406.68
7505,2,56.88
7506,7,118.28
7507,8,308.71
7508,3,459.64
7509,5,62.62
7510,4,338.87
7511,7,294.02
7512,10,426.3
7513,8,114.56
7514,2,425.17
7515,7,359.09
7516,8,83.69
7517,7,426.79
7518,7,21.28
7519,5,110.51
7520,8,223.96
7521,9,177.72
7522,1,254.53
7523,10,200.07
7524,8,307.21
7525,6,80.81
7526,2,304.47
7527,7,92.51
7528,7,111.49
7529,6,183.1
7530,5,131.9
7531,5,450.24
7532,7,304.21
7533,8,480.72
7534,10,129.6
7535,2,231.6
7536,1,200.55
7537,6,186.17
7538,1,250.57
7539,8,455.5
7540,2,224.31
7541,6,121.99
7542,6,456.68
7543,5,244.48
7544,3,117.38
7545,10,326.05
7546,10,270.16
7547,4,424.49
7548,7,188.64
7549,4,54.09
7550,3,55.26
7551,9,34.53
7552,2,267.37
7553,5,232.02
7554,5,79.4
7555,7,146.47
7556,3,122.25
7557,5,91.65
7558,2,123.59
7559,2,314.26
7560,10,330.76
7561,3,151.24
7562,8,471.59
7563,3,125.76
7564,4,305.29
7565,2,43.02
7566,2,141.83
7567,3,271.64
7568,8,281.18
7569,6,364.37
7570,3,271.49
7571,3,130.37
7572,1,169.48
7573,3,385.51
7574,9,408.52
7575,9,257.21
7576,1,202.96
7577,3,33.69
7578,3,424.8
7579,4,432.23
7580,6,291.19
7581,5,236.58
7582,8,95.82
7583,2,359.58
7584,3,323.67
7585,1,42.87
7586,7,76.59
7587,5,235.78
7588,8,341.99
7589,7,279.65
7590,7,445.51
7591,8,481.43
7592,9,183.43
7593,10,292.96
7594,7,378.3
7595,9,469.07
7596,3,256.54
7597,8,71.86
7598,1,111.38
7599,10,497.41
7600,5,66.61
7601,7,197.46
7602,5,193.08
7603,6,248.74
7604,1,115.63
7605,3,230.47
7606,10,397.36
7607,3,328.04
7608,5,204.22
7609,3,18.03
7610,4,452.8
7611,5,248.52
7612,8,359.32
7613,6,442.37
7614,8,73.9
7615,1,130.23
7616,3,449.55
7617,2,154.75
7618,1,181.77
7619,7,444.65
7620,7,48.28
7621,5,183.84
7622,9,280.29
7623,1,467.65
7624,8,43.2
7625,6,104.8
7626,9,91.31
7627,2,81.51
7628,9,142.11
7629,1,259.66
7630,9,191.92
7631,8,207.67
7632,10,235.54
7633,10,170.01
7634,6,34.95
7635,9,296.95
7636,8,381.66
7637,7,384.18
7638,1,336.5
7639,9,367.05
7640,10,257.91
7641,3,467.14
7642,7,171.77
7643,8,368.41
7644,5,80.54
7645,4,55.66
7646,7,145.12
7647,4,30.53
7648,5,15.94
7649,3,105.3
7650,10,104.9
7651,3,219.19
7652,10,135.02
7653,4,10.28
7654,2,90.06
7655,1,140.1
7656,8,395.64
7657,4,239.47
7658,3,463.16
7659,8,65.98
7660,8,407.73
7661,6,312.23
7662,6,426.79
7663,5,292.75
7664,9,445.69
7665,6,319.45
7666,6,268.09
7667,10,264.82
7668,5,405.03
7669,4,120.84
7670,1,222.6
7671,5,170.8
7672,9,157.28
7673,7,35.13
7674,10,157.17
7675,5,62.18
7676,3,281.96
7677,4,441.57
7678,4,237.53
7679,3,463.77
7680,9,257.86
7681,7,373.84
7682,7,287.62
7683,5,49.75
7684,3,315.3
7685,2,389.73
7686,1,223.46
7687,7,85.48
7688,8,489.4
7689,6,469.42
7690,2,160.92
7691,8,440.76
7692,8,464.64
7693,7,298.33
7694,7,220.75
7695,4,150.37
7696,10,404.22
7697,6,88.0
7698,6,300.79
7699,2,59.32
7700,2,400.14
7701,1,83.52
7702,7,251.4
7703,2,467.84
7704,3,496.0
7705,1,240.89
7706,1,75.41
7707,6,342.58
7708,6,336.37
7709,2,29.81
7710,5,171.77
7711,1,498.19
7712,2,494.21
7713,10,10.1
7714,4,396.88
7715,7,413.85
7716,8,62.69
7717,10,152.8
7718,9,45.12
7719,10,149.38
7720,2,236.54
7721,5,87.12
7722,9,57.1
7723,10,119.66
7724,5,25.7
7725,6,335.85
7726,8,407.03
7727,6,476.34
7728,5,153.89
7729,7,214.81
7730,4,399.19
7731,5,336.47
7732,4,127.93
7733,3,354.58
7734,1,48.93
7735,10,438.82
7736,3,62.76
7737,8,71.79
7738,2,148.41
7739,6,346.99
7740,10,127.23
7741,8,223.31
7742,2,465.64
7743,9,367.4
7744,5,469.34
7745,4,448.84
7746,1,188.46
7747,7,103.83
7748,2,33.97
7749,5,200.88
7750,8,237.12
7751,7,394.03
7752,6,230.31
7753,6,375.19
7754,7,332.62
7755,10,435.39
7756,3,13.64
7757,3,477.6
7758,7,55.68
7759,6,82.6
7760,3,127.61
7761,10,252.73
7762,5,454.58
7763,3,214.76
7764,1,319.45
7765,6,402.1
7766,6,175.22
7767,2,246.57
7768,9,108.84
7769,3,172.93
7770,9,143.99
7771,7,445.9
7772,10,310.11
7773,10,106.36
7774,1,232.93
7775,10,278.09
7776,9,498.43
7777,8,31.81
7778,6,18.78
7779,10,317.25
7780,2,242.51
7781,7,465.23
7782,10,290.23
7783,6,419.05
7784,4,230.14
7785,5,446.84
7786,1,410.2
7787,10,134.53
7788,5,12.1
7789,4,29.87
7790,8,127.1
7791,1,220.71
7792,2,403.17
7793,5,272.28
7794,9,470.56
7795,1,255.86
7796,5,386.76
7797,1,253.35
7798,10,114.57
7799,9,150.9
7800,2,429.06
7801,7,284.77
7802,6,96.85
7803,4,16.96
7804,7,49.04
7805,4,473.82
7806,1,58.74
7807,5,92.82
7808,5,339.19
7809,7,89.31
7810,7,110.01
7811,3,187.1
7812,5,161.65
7813,9,348.86
7814,2,47.35
7815,3,437.88
7816,1,477.26
7817,2,391.55
7818,5,482.92
7819,2,384.8
7820,6,69.51
7821,9,238.0
7822,2,245.81
7823,10,146.37
7824,2,184.57
7825,2,183.09
7826,7,405.23
7827,9,473.02
7828,1,456.35
7829,10,404.14
7830,2,496.14
7831,3,81.45
7832,3,265.82
7833,9,105.14
7834,6,24.6
7835,7,398.41
7836,7,60.75
7837,9,390.17
7838,7,114.06
7839,4,314.33
7840,8,389.0
7841,2,488.31
7842,4,418.91
7843,8,283.15
7844,8,199.77
7845,6,107.57
7846,1,27.83
7847,4,11.82
7848,6,18.39
7849,6,327.87
7850,7,377.37
7851,1,485.1
7852,8,51.76
7853,2,301.38
7854,9,385.4
7855,10,76.53
7856,8,281.26
7857,9,365.69
7858,6,68.68
7859,1,395.21
7860,6,130.56
7861,9,412.86
7862,5,29.08
7863,2,36.91
7864,5,335.76
7865,3,350.99
7866,7,499.65
7867,5,176.57
7868,7,490.84
7869,9,188.25
7870,8,161.11
7871,5,209.37
7872,1,490.81
7873,6,100.54
7874,2,436.06
7875,9,305.42
7876,2,187.64
7877,2,487.57
7878,6,165.97
7879,2,99.48
7880,4,295.29
7881,2,123.44
7882,5,162.63
7883,9,379.87
7884,2,407.67
7885,9,468.25
7886,9,155.63
7887,9,332.37
7888,2,448.71
7889,1,162.83
7890,7,55.55
7891,6,141.83
7892,1,77.08
7893,2,475.0
7894,10,11.96
7895,8,30.84
7896,6,208.93
7897,2,139.5
7898,10,470.43
7899,4,50.18
7900,3,100.71
7901,10,353.34
7902,2,319.11
7903,1,240.45
7904,3,92.99
7905,9,126.91
7906,7,12.59
7907,9,438.79
7908,10,399.38
7909,4,251.4
7910,4,39.09
7911,4,310.5
7912,7,104.31
7913,9,153.43
7914,3,208.22
7915,10,211.66
7916,10,150.95
7917,4,312.03
7918,2,356.38
7919,5,327.69
7920,8,10.71
7921,2,208.72
7922,4,375.92
7923,3,292.54
7924,10,68.79
7925,4,74.9
7926,1,123.12
7927,4,374.99
7928,2,345.19
7929,3,482.96
7930,5,480.11
7931,10,11.38
7932,4,361.45
7933,1,212.54
7934,6,111.1
7935,3,82.02
7936,2,435.71
7937,6,488.85
7938,7,333.16
7939,5,227.27
7940,4,430.3
7941,3,111.32
7942,6,102.12
7943,4,250.06
7944,5,224.35
7945,5,11.5
7946,8,87.72
7947,1,376.68
7948,9,151.65
7949,7,64.1
7950,5,78.94
7951,5,96.76
7952,1,241.88
7953,9,41.99
7954,8,180.44
7955,4,230.18
7956,5,421.34
7957,7,142.12
7958,8,118.08
7959,3,18.4
7960,4,326.16
7961,7,117.25
7962,9,259.75
7963,3,63.81
7964,6,265.79
7965,2,143.19
7966,9,401.74
7967,7,19.95
7968,10,479.01
7969,2,128.2
7970,5,133.53
7971,4,381.29
7972,9,429.37
7973,10,401.51
7974,9,461.7
7975,8,488.95
7976,1,83.06
7977,1,170.41
7978,9,215.67
7979,6,10.72
7980,4,101.81
7981,5,363.23
7982,7,133.07
7983,5,297.23
7984,7,338.22
7985,10,286.96
7986,6,57.08
7987,8,316.06
7988,4,169.11
7989,6,184.87
7990,4,270.92
7991,8,121.51
7992,9,18.05
7993,2,60.56
7994,3,123.34
7995,1,110.43
7996,7,272.14
7997,2,60.28
7998,9,226.23
7999,3,118.16
8000,4,117.05
8001,2,27.94
8002,1,459.92
8003,7,68.94
8004,5,325.08
8005,8,447.62
8006,2,177.0
8007,4,309.77
8008,2,404.65
8009,10,273.08
8010,4,31.64
8011,5,275.13
8012,1,463.85
8013,8,410.36
8014,4,399.9
8015,6,59.05
8016,9,295.61
8017,10,146.06
8018,7,351.23
8019,6,379.13
8020,9,351.01
8021,1,372.06
8022,10,20.47
8023,5,104.35
8024,3,124.77
8025,1,368.9
8026,4,415.37
8027,4,74.99
8028,8,40.02
8029,8,120.56
8030,3,25.43
8031,4,189.65
8032,5,419.03
8033,7,85.43
8034,2,418.47
8035,3,242.13
8036,1,93.97
8037,1,271.18
8038,7,63.18
8039,3,113.77
8040,3,213.38
8041,7,122.34
8042,3,140.41
8043,9,359.72
8044,9,475.48
8045,10,450.5
8046,10,492.36
8047,8,87.12
8048,10,271.1
8049,10,115.64
8050,8,218.19
8051,10,419.98
8052,8,146.8
8053,5,307.08
8054,1,106.17
8055,5,194.01
8056,9,237.79
8057,2,438.62
8058,2,400.33
8059,3,451.41
8060,4,371.13
8061,9,475.29
8062,2,284.43
8063,7,455.57
8064,10,359.1
8065,3,35.89
8066,3,274.12
8067,4,401.48
8068,4,454.92
8069,9,430.57
8070,9,443.37
8071,4,274.11
8072,2,176.16
8073,9,55.83
8074,5,172.72
8075,3,415.77
8076,1,219.58
8077,4,78.46
8078,4,352.4
8079,2,263.8
8080,10,226.75
8081,7,363.25
8082,9,49.28
8083,6,235.84
8084,5,496.45
8085,6,24.68
8086,1,392.22
8087,1,432.81
8088,1,50.98
8089,3,381.2
8090,10,49.72
8091,4,245.58
8092,2,225.1
8093,9,327.3
8094,1,395.86
8095,10,22.66
8096,3,494.32
8097,6,195.73
8098,2,399.4
8099,9,326.35
8100,5,137.79
8101,2,277.43
8102,3,304.17
8103,10,274.61
8104,5,250.66
8105,2,83.78
8106,5,255.69
8107,1,163.92
8108,8,29.79
8109,7,238.98
8110,1,303.61
8111,1,334.4
8112,4,195.17
8113,6,53.46
8114,9,144.79
8115,3,208.54
8116,10,70.24
8117,7,83.14
8118,5,260.72
8119,6,191.09
8120,1,189.44
8121,3,394.72
8122,7,367.5
8123,9,360.0
8124,8,35.99
8125,4,127.79
8126,10,429.45
8127,9,235.41
8128,6,395.4
8129,1,388.46
8130,9,100.54
8131,2,39.75
8132,1,464.79
8133,7,133.88
8134,9,70.89
8135,9,458.47
8136,1,138.19
8137,5,481.45
8138,3,278.26
8139,8,254.24
8140,4,262.68
8141,7,361.91
8142,4,268.88
8143,2,205.86
8144,4,85.88
8145,2,79.34
8146,7,313.35
8147,5,365.73
8148,9,290.0
8149,5,209.74
8150,3,20.15
8151,7,380.67
8152,3,190.45
8153,9,221.14
8154,2,161.7
8155,5,50.26
8156,1,412.8
8157,5,473.27
8158,7,86.77
8159,6,381.25
8160,1,101.43
8161,4,363.35
8162,6,176.57
8163,3,153.98
8164,1,337.65
8165,8,194.86
8166,7,398.13
8167,5,261.36
8168,9,257.56
8169,1,388.3
8170,2,190.5
8171,9,351.73
8172,9,97.44
8173,5,172.46
8174,3,238.18
8175,1,340.1
8176,6,28.4
8177,1,496.63
8178,5,127.02
8179,4,112.38
8180,6,105.22
8181,9,136.28
8182,6,442.91
8183,2,203.41
8184,4,405.29
8185,2,54.13
8186,10,232.82
8187,8,363.41
8188,2,276.75
8189,10,488.04
8190,4,300.73
8191,4,251.36
8192,3,208.45
8193,6,499.73
8194,1,442.37
8195,1,364.45
8196,2,459.88
8197,10,383.06
8198,8,381.62
8199,6,495.8
8200,2,236.24
8201,9,430.61
8202,9,362.94
8203,9,446.99
8204,1,456.64
8205,4,411.97
8206,1,297.18
8207,6,391.53
8208,2,279.37
8209,10,266.7
8210,1,129.75
8211,7,173.59
8212,8,139.3
8213,5,413.29
8214,10,68.65
8215,7,459.17
8216,10,343.26
8217,7,190.27
8218,6,75.62
8219,1,47.36
8220,10,44.75
8221,2,436.71
8222,10,150.55
8223,9,153.2
8224,4,204.53
8225,8,178.05
8226,1,297.41
8227,7,105.41
8228,3,471.38
8229,10,304.96
8230,3,46.02
8231,8,144.76
8232,6,214.95
8233,2,135.02
8234,1,350.75
8235,5,73.73
8236,9,209.55
8237,1,416.5
8238,1,391.23
8239,6,126.45
8240,7,220.05
8241,1,264.48
8242,2,67.09
8243,3,218.99
8244,1,470.03
8245,4,438.67
8246,1,264.93
8247,4,187.05
8248,7,443.42
8249,2,410.9
8250,1,199.28
8251,8,45.61
8252,4,58.97
8253,3,386.12
8254,5,449.77
8255,6,35.51
8256,7,259.45
8257,3,223.76
8258,2,247.84
8259,8,217.99
8260,9,325.63
8261,3,314.38
8262,9,417.38
8263,5,377.34
8264,1,66.76
8265,5,449.22
8266,1,398.97
8267,8,392.32
8268,6,156.24
8269,8,432.79
8270,9,370.96
8271,9,76.88
8272,1,113.86
8273,6,311.11
8274,2,36.17
8275,6,231.25
8276,1,306.78
8277,1,258.63
8278,10,294.61
8279,2,403.61
8280,5,291.3
8281,1,360.18
8282,8,496.03
8283,10,405.59
8284,7,380.55
8285,10,315.65
8286,7,385.65
8287,10,405.95
8288,5,416.84
8289,10,382.15
8290,8,53.93
8291,9,154.82
8292,9,393.93
8293,10,198.21
8294,10,131.62
8295,6,287.02
8296,5,20.42
8297,9,444.8
8298,10,313.2
8299,4,477.11
8300,4,63.09
8301,4,154.27
8302,3,390.37
8303,7,208.06
8304,9,480.71
8305,1,209.83
8306,1,495.11
8307,8,85.95
8308,2,234.02
8309,7,486.45
8310,1,324.55
8311,3,377.15
8312,5,285.21
8313,4,264.8
8314,4,169.63
8315,10,454.85
8316,4,450.28
8317,9,77.88
8318,9,380.94
8319,5,415.73
8320,6,480.41
8321,2,490.98
8322,10,308.9
8323,6,24.67
8324,3,209.05
8325,6,276.81
8326,3,222.73
8327,5,55.81
8328,9,197.39
8329,7,178.91
8330,2,462.5
8331,4,17.32
8332,8,406.28
8333,2,339.29
8334,3,385.58
8335,9,163.71
8336,6,490.43
8337,2,133.45
8338,4,390.84
8339,7,275.32
8340,4,297.93
8341,5,426.38
8342,5,316.76
8343,1,428.77
8344,3,244.42
8345,4,10.48
8346,9,222.78
8347,7,454.6
8348,7,40.68
8349,1,67.22
8350,7,256.91
8351,2,49.79
8352,4,409.01
8353,6,413.54
8354,1,33.48
8355,2,193.84
8356,1,309.91
8357,5,49.25
8358,10,45.85
8359,6,36.62
8360,7,389.09
8361,9,105.99
8362,10,475.22
8363,7,317.22
8364,1,367.69
8365,4,322.38
8366,5,18.24
8367,8,225.92
8368,10,147.94
8369,3,38.51
8370,8,443.86
8371,7,383.85
8372,7,338.98
8373,10,77.22
8374,1,282.18
8375,2,375.47
8376,8,365.24
8377,8,462.19
8378,1,491.17
8379,10,352.65
8380,10,42.73
8381,5,21.14
8382,9,340.57
8383,5,42.91
8384,4,107.24
8385,8,123.74
8386,3,477.55
8387,6,185.36
8388,3,109.28
8389,7,63.27
8390,9,464.31
8391,8,15.21
8392,3,342.24
8393,2,305.43
8394,1,196.12
8395,4,377.67
8396,4,414.33
8397,6,74.85
8398,8,277.6
8399,6,194.23
8400,4,116.94
8401,2,446.79
8402,9,155.4
8403,5,300.35
8404,3,433.63
8405,6,33.41
8406,7,154.07
8407,1,486.81
8408,2,221.27
8409,5,497.52
8410,4,231.35
8411,5,417.68
8412,7,240.5
8413,2,464.57
8414,8,373.05
8415,8,336.97
8416,3,458.43
8417,2,16.87
8418,3,323.14
8419,8,448.19
8420,10,272.76
8421,3,60.15
8422,4,137.94
8423,7,94.09
8424,9,176.67
8425,8,394.35
8426,10,224.59
8427,7,434.63
8428,4,438.62
8429,9,129.08
8430,2,425.56
8431,3,276.32
8432,6,210.13
8433,6,122.17
8434,8,480.29
8435,1,251.48
8436,10,276.85
8437,7,207.36
8438,2,232.25
8439,1,207.3
8440,8,125.62
8441,7,263.96
8442,3,431.45
8443,1,188.89
8444,1,194.3
8445,3,51.33
8446,3,98.42
8447,6,170.67
8448,3,52.23
8449,7,342.59
8450,6,17.27
8451,6,274.15
8452,8,469.16
8453,5,208.42
8454,3,368.92
8455,9,329.14
8456,3,45.65
8457,10,77.98
8458,10,204.99
8459,8,379.93
8460,1,283.19
8461,9,388.56
8462,5,125.26
8463,10,308.39
8464,5,393.84
8465,1,477.01
8466,3,447.17
8467,1,426.93
8468,1,476.19
8469,4,334.53
8470,9,222.24
8471,10,361.21
8472,5,258.61
8473,5,327.7
8474,5,442.42
8475,6,424.61
8476,10,260.98
8477,2,327.16
8478,5,179.92
8479,9,258.69
8480,1,350.69
8481,8,54.92
8482,3,125.29
8483,9,206.81
8484,7,244.02
8485,9,386.86
8486,3,22.85
8487,10,231.48
8488,7,392.32
8489,10,41.11
8490,8,252.5
8491,9,251.31
8492,9,83.46
8493,10,291.55
8494,7,257.84
8495,3,420.15
8496,3,166.86
8497,10,106.12
8498,1,397.36
8499,9,165.94
8500,9,10.32
8501,3,344.35
8502,4,190.65
8503,5,442.68
8504,6,380.23
8505,7,196.66
8506,10,172.62
8507,8,288.9
8508,1,339.78
8509,3,147.0
8510,9,96.19
8511,6,427.72
8512,5,133.09
8513,9,202.65
8514,10,203.09
8515,3,182.98
8516,10,154.14
8517,4,320.64
8518,3,344.93
8519,10,424.9
8520,7,416.85
8521,4,434.48
8522,4,277.63
8523,10,467.92
8524,6,208.4
8525,5,49.01
8526,6,101.43
8527,6,363.99
8528,8,97.17
8529,6,200.65
8530,10,94.21
8531,10,118.61
8532,4,178.23
8533,10,393.02
8534,6,60.09
8535,9,62.04
8536,7,190.92
8537,1,476.3
8538,8,264.28
8539,7,475.29
8540,9,168.94
8541,10,167.02
8542,8,388.77
8543,5,414.18
8544,4,13.73
8545,5,317.78
8546,2,440.1
8547,9,413.92
8548,2,463.9
8549,2,457.8
8550,10,247.28
8551,1,107.58
8552,6,295.17
8553,5,398.79
8554,2,420.9
8555,4,203.32
8556,2,169.37
8557,8,62.69
8558,6,109.13
8559,4,367.18
8560,6,313.5
8561,4,410.59
8562,8,366.64
8563,9,57.72
8564,7,229.19
8565,6,32.44
8566,10,140.22
8567,3,351.59
8568,2,148.9
8569,2,27.24
8570,6,96.89
8571,7,311.7
8572,2,351.08
8573,9,241.71
8574,1,306.49
8575,3,381.3
8576,1,143.12
8577,3,125.15
8578,9,268.12
8579,6,207.07
8580,3,468.24
8581,9,406.46
8582,7,213.88
8583,6,433.38
8584,10,258.16
8585,8,274.07
8586,5,156.34
8587,3,77.73
8588,6,260.0
8589,5,275.26
8590,6,369.12
8591,7,482.62
8592,6,395.93
8593,10,151.14
8594,9,73.16
8595,10,456.14
8596,2,408.08
8597,7,492.84
8598,1,76.7
8599,1,442.42
8600,1,86.41
8601,5,192.53
8602,4,297.3
8603,4,45.65
8604,4,74.25
8605,2,401.66
8606,6,43.93
8607,1,168.75
8608,8,26.56
8609,4,320.37
8610,7,282.22
8611,3,344.18
8612,5,158.6
8613,9,267.15
8614,7,199.05
8615,10,497.6
8616,8,80.6
8617,4,217.31
8618,8,362.49
8619,5,325.14
8620,3,375.98
8621,3,189.48
8622,9,492.55
8623,3,460.43
8624,5,112.48
8625,2,267.66
8626,3,356.71
8627,2,371.15
8628,4,419.81
8629,3,108.09
8630,3,440.55
8631,1,317.19
8632,10,55.38
8633,7,371.77
8634,2,264.6
8635,7,138.57
8636,3,109.94
8637,9,236.96
8638,1,270.93
8639,8,207.97
8640,2,335.93
8641,3,395.59
8642,6,245.24
8643,6,137.57
8644,6,285.4
8645,5,247.08
8646,7,85.83
8647,10,471.65
8648,6,79.8
8649,2,260.35
8650,8,197.38
8651,9,128.13
8652,2,202.32
8653,9,435.82
8654,8,480.57
8655,8,96.02
8656,8,346.87
8657,4,227.02
8658,4,463.64
8659,10,483.64
8660,1,169.65
8661,3,86.04
8662,10,455.72
8663,4,373.09
8664,3,478.12
8665,7,401.71
8666,10,46.93
8667,5,125.77
8668,9,80.5
8669,3,169.3
8670,6,354.21
8671,4,396.78
8672,9,109.56
8673,9,470.45
8674,5,214.76
8675,8,365.15
8676,8,371.19
8677,8,117.24
8678,7,152.02
8679,1,289.81
8680,5,434.06
8681,10,407.27
8682,8,309.49
8683,2,98.43
8684,8,305.77
8685,10,225.01
8686,3,289.81
8687,8,44.24
8688,1,172.24
8689,10,239.57
8690,9,456.23
8691,2,114.98
8692,6,77.75
8693,9,473.44
8694,9,129.08
8695,3,23.76
8696,2,76.01
8697,6,204.59
8698,1,278.51
8699,3,28.45
8700,1,140.0
8701,9,249.58
8702,8,264.13
8703,9,433.18
8704,8,181.16
8705,4,349.73
8706,6,337.0
8707,6,100.48
8708,9,203.23
8709,1,401.36
8710,1,108.98
8711,5,489.22
8712,4,462.05
8713,2,409.19
8714,10,167.16
8715,8,42.54
8716,3,477.51
8717,10,450.28
8718,2,21.19
8719,3,325.03
8720,3,391.82
8721,10,377.15
8722,1,55.31
8723,4,244.2
8724,9,104.5
8725,10,413.39
8726,1,292.51
8727,8,50.5
8728,10,254.93
8729,10,484.03
8730,3,204.93
8731,3,368.56
8732,2,111.55
8733,2,434.7
8734,8,210.95
8735,3,36.22
8736,10,387.97
8737,2,66.81
8738,7,207.32
8739,3,457.51
8740,1,69.27
8741,1,228.78
8742,6,334.24
8743,9,382.38
8744,4,107.0
8745,10,375.92
8746,4,28.14
8747,10,104.3
8748,7,175.28
8749,9,16.57
8750,3,233.12
8751,5,390.56
8752,2,83.32
8753,5,96.31
8754,2,149.38
8755,9,344.69
8756,9,78.9
8757,6,431.32
8758,10,335.81
8759,3,83.56
8760,5,194.03
8761,1,421.6
8762,10,104.89
8763,6,497.34
8764,6,363.57
8765,2,407.13
8766,1,404.63
8767,4,360.68
8768,10,302.14
8769,3,391.82
8770,10,253.31
8771,1,390.42
8772,4,484.75
8773,2,79.52
8774,4,217.69
8775,6,279.35
8776,9,189.68
8777,5,383.66
8778,3,113.89
8779,1,137.09
8780,2,445.17
8781,3,22.57
8782,8,465.79
8783,7,70.33
8784,10,89.36
8785,4,283.19
8786,5,39.55
8787,10,313.52
8788,8,362.23
8789,2,221.3
8790,10,20.97
8791,4,73.69
8792,5,270.21
8793,2,177.77
8794,5,476.93
8795,3,415.61
8796,1,118.7
8797,5,25.87
8798,1,71.1
8799,10,187.96
8800,7,478.73
8801,10,457.96
8802,8,190.6
8803,5,315.22
8804,6,226.98
8805,6,192.27
8806,7,423.32
8807,4,133.13
8808,2,77.06
8809,5,236.26
8810,1,64.17
8811,9,39.11
8812,2,400.66
8813,9,70.09
8814,4,23.06
8815,7,281.38
8816,2,230.17
8817,5,384.09
8818,2,249.6
8819,7,262.98
8820,9,16.43
8821,2,408.04
8822,6,229.4
8823,3,300.45
8824,2,487.36
8825,1,237.09
8826,4,259.1
8827,7,231.95
8828,4,36.4
8829,4,172.75
8830,1,408.37
8831,5,186.95
8832,9,477.4
8833,8,157.12
8834,7,95.74
8835,4,22.15
8836,10,223.2
8837,6,270.53
8838,9,341.42
8839,8,218.7
8840,7,302.12
8841,8,24.55
8842,2,285.02
8843,6,107.49
8844,4,307.41
8845,3,413.07
8846,8,461.76
8847,7,445.92
8848,7,413.36
8849,2,183.08
8850,2,267.06
8851,3,352.74
8852,8,19.3
8853,1,490.11
8854,7,213.25
8855,2,162.19
8856,6,317.15
8857,1,380.0
8858,2,34.78
8859,10,247.97
8860,8,70.92
8861,5,28.3
8862,5,296.93
8863,9,386.45
8864,9,43.29
8865,10,381.07
8866,5,291.34
8867,6,132.15
8868,2,165.17
8869,3,30.73
8870,10,308.34
8871,1,405.84
8872,5,326.83
8873,10,412.64
8874,7,393.83
8875,9,494.95
8876,4,327.53
8877,4,236.99
8878,8,345.73
8879,7,197.29
8880,9,377.45
8881,2,211.33
8882,7,478.17
8883,3,115.98
8884,5,476.75
8885,8,245.15
8886,5,131.64
8887,3,383.48
8888,7,99.68
8889,9,338.17
8890,10,151.66
8891,10,456.87
8892,10,228.57
8893,1,42.83
8894,5,90.92
8895,7,425.58
8896,3,22.89
8897,8,34.98
8898,8,411.71
8899,9,423.68
8900,2,53.62
8901,1,422.1
8902,1,319.1
8903,5,56.59
8904,9,472.42
8905,2,125.25
8906,10,290.07
8907,10,257.18
8908,10,229.8
8909,3,449.75
8910,2,488.25
8911,1,368.17
8912,9,256.79
8913,10,482.65
8914,9,24.96
8915,2,485.55
8916,7,448.14
8917,5,272.2
8918,3,381.34
8919,8,473.93
8920,6,265.75
8921,4,289.83
8922,8,486.53
8923,6,224.46
8924,1,274.16
8925,1,407.82
8926,5,274.65
8927,7,242.41
8928,8,336.63
8929,3,422.64
8930,7,286.08
8931,5,301.88
8932,2,384.66
8933,2,467.73
8934,9,446.59
8935,10,142.5
8936,3,303.95
8937,7,284.25
8938,9,83.71
8939,7,293.51
8940,8,335.65
8941,1,140.9
8942,10,183.77
8943,2,136.74
8944,2,397.16
8945,7,65.12
8946,7,31.57
8947,9,324.74
8948,3,248.88
8949,9,283.51
8950,6,364.2
8951,6,62.43
8952,8,294.71
8953,7,99.05
8954,1,443.54
8955,7,353.99
8956,5,419.19
8957,7,198.03
8958,4,362.97
8959,10,220.36
8960,5,232.0
8961,5,84.33
8962,8,15.69
8963,9,175.63
8964,7,79.75
8965,6,294.2
8966,4,414.5
8967,7,144.86
8968,9,71.28
8969,9,484.15
8970,4,140.3
8971,7,271.02
8972,9,121.7
8973,1,441.36
8974,3,492.66
8975,7,244.97
8976,9,228.14
8977,10,43.39
8978,1,315.39
8979,2,53.7
8980,2,115.08
8981,2,297.38
8982,4,185.3
8983,10,323.65
8984,3,499.3
8985,4,360.22
8986,2,124.0
8987,8,362.66
8988,1,177.45
8989,4,31.46
8990,5,167.4
8991,9,56.25
8992,6,392.08
8993,1,455.9
8994,6,454.15
8995,5,377.73
8996,8,80.88
8997,2,311.98
8998,7,165.76
8999,1,437.79
9000,5,144.06
9001,10,214.03
9002,2,240.32
9003,8,449.32
9004,2,388.48
9005,3,353.1
9006,10,273.74
9007,9,318.94
9008,9,275.11
9009,1,434.49
9010,8,418.33
9011,3,57.48
9012,2,227.0
9013,7,263.32
9014,2,395.77
9015,6,315.05
9016,7,317.03
9017,5,277.5
9018,10,334.95
9019,10,404.34
9020,4,352.45
9021,10,203.96
9022,10,279.28
9023,5,465.85
9024,7,287.94
9025,2,170.39
9026,10,138.0
9027,6,403.75
9028,1,64.22
9029,10,76.04
9030,10,342.97
9031,1,423.96
9032,8,497.4
9033,4,351.53
9034,7,445.69
9035,1,182.12
9036,2,242.5
9037,7,344.56
9038,1,121.26
9039,10,273.53
9040,9,405.68
9041,4,216.41
9042,4,211.29
9043,3,59.0
9044,10,137.35
9045,6,303.75
9046,7,247.9
9047,1,22.14
9048,10,157.56
9049,3,156.37
9050,10,132.61
9051,1,153.73
9052,7,499.33
9053,5,394.9
9054,9,310.56
9055,7,253.78
9056,1,170.17
9057,7,138.44
9058,1,411.89
9059,5,164.23
9060,6,250.11
9061,8,176.56
9062,1,289.89
9063,5,386.32
9064,4,104.22
9065,9,404.58
9066,1,218.32
9067,4,429.95
9068,6,136.46
9069,7,439.18
9070,3,428.6
9071,3,387.51
9072,6,353.29
9073,1,63.12
9074,6,305.79
9075,6,122.16
9076,1,14.49
9077,7,88.53
9078,3,68.02
9079,3,154.12
9080,8,219.81
9081,8,350.04
9082,8,162.2
9083,3,384.27
9084,10,42.99
9085,1,60.79
9086,3,147.66
9087,2,55.23
9088,9,409.49
9089,5,271.37
9090,9,323.31
9091,1,13.0
9092,9,17.36
9093,8,298.52
9094,7,245.79
9095,8,495.9
9096,3,105.98
9097,2,94.72
9098,10,442.41
9099,6,227.6
9100,1,466.18
9101,5,228.6
9102,7,398.34
9103,3,322.91
9104,7,47.31
9105,2,460.57
9106,1,109.91
9107,5,122.12
9108,8,177.65
9109,7,179.4
9110,10,367.45
9111,9,33.57
9112,9,181.67
9113,3,190.56
9114,5,474.51
9115,3,161.78
9116,2,339.16
9117,4,256.7
9118,5,187.39
9119,5,33.1
9120,7,134.69
9121,6,149.75
9122,8,175.88
9123,3,436.24
9124,2,64.59
9125,4,85.54
9126,8,149.88
9127,9,311.24
9128,8,344.26
9129,10,369.39
9130,2,230.87
9131,7,384.44
9132,4,335.6
9133,3,249.75
9134,1,103.9
9135,9,274.06
9136,3,411.63
9137,8,183.28
9138,1,330.98
9139,1,402.59
9140,2,307.3
9141,7,481.53
9142,1,134.92
9143,4,26.27
9144,10,497.22
9145,4,169.25
9146,9,256.49
9147,3,140.72
9148,4,172.2
9149,4,441.74
9150,1,27.52
9151,2,262.2
9152,7,225.87
9153,9,150.44
9154,2,422.85
9155,6,494.56
9156,5,134.51
9157,6,138.21
9158,7,36.21
9159,9,113.03
9160,9,440.71
9161,2,242.8
9162,10,116.55
9163,9,62.51
9164,6,128.05
9165,10,70.43
9166,9,233.68
9167,9,261.12
9168,5,438.33
9169,7,403.91
9170,10,293.85
9171,10,268.57
9172,3,443.55
9173,10,39.85
9174,6,245.81
9175,3,420.38
9176,2,144.38
9177,8,343.7
9178,5,194.65
9179,1,407.01
9180,10,274.82
9181,7,358.13
9182,3,141.22
9183,4,417.5
9184,4,300.27
9185,3,265.52
9186,4,288.33
9187,2,83.96
9188,2,492.81
9189,9,254.98
9190,7,460.78
9191,3,472.41
9192,10,112.94
9193,3,263.37
9194,9,462.84
9195,10,282.95
9196,4,92.21
9197,2,31.94
9198,2,17.3
9199,4,96.11
9200,1,17.98
9201,9,199.11
9202,7,195.91
9203,1,455.92
9204,9,422.22
9205,10,339.02
9206,9,460.58
9207,8,360.28
9208,2,15.49
9209,2,410.74
9210,4,192.61
9211,2,151.49
9212,4,449.89
9213,5,464.99
9214,4,324.17
9215,2,298.92
9216,1,395.22
9217,5,216.36
9218,9,324.34
9219,4,164.28
9220,7,434.51
9221,10,165.03
9222,2,27.09
9223,4,369.33
9224,1,233.95
9225,7,458.84
9226,1,191.33
9227,5,472.29
9228,10,195.8
9229,2,172.39
9230,1,223.6
9231,7,216.82
9232,2,46.17
9233,7,458.91
9234,5,435.08
9235,2,355.0
9236,4,493.52
9237,1,405.8
9238,9,168.73
9239,7,310.92
9240,10,141.74
9241,10,240.02
9242,9,311.44
9243,6,388.77
9244,4,220.65
9245,9,109.13
9246,9,79.01
9247,9,365.55
9248,10,314.7
9249,3,200.32
9250,8,394.61
9251,9,124.7
9252,7,283.43
9253,9,449.88
9254,10,67.97
9255,9,497.55
9256,8,392.98
9257,2,188.4
9258,6,403.4
9259,7,98.5
9260,8,423.51
9261,10,232.69
9262,7,21.45
9263,10,126.01
9264,1,472.2
9265,3,221.49
9266,6,232.73
9267,9,292.88
9268,3,196.27
9269,5,489.11
9270,9,428.84
9271,10,190.59
9272,3,470.97
9273,8,186.99
9274,9,164.03
9275,2,235.68
9276,8,152.49
9277,2,338.77
9278,3,249.26
9279,7,305.04
9280,2,57.32
9281,9,80.88
9282,2,308.19
9283,10,207.38
9284,3,223.51
9285,3,89.73
9286,10,472.08
9287,6,260.99
9288,2,230.15
9289,5,363.29
9290,6,140.54
9291,3,61.57
9292,9,179.84
9293,5,192.7
9294,1,166.29
9295,9,71.95
9296,10,79.35
9297,6,253.5
9298,1,358.05
9299,1,469.67
9300,1,41.05
9301,7,117.58
9302,6,210.9
9303,1,235.09
9304,4,415.37
9305,5,425.33
9306,8,496.02
9307,9,89.85
9308,9,309.4
9309,5,12.48
9310,2,247.88
9311,9,99.56
9312,5,361.37
9313,4,54.14
9314,7,45.52
9315,9,462.86
9316,6,13.06
9317,2,38.87
9318,6,472.06
9319,1,54.82
9320,10,192.18
9321,1,309.11
9322,8,444.1
9323,2,490.72
9324,2,164.34
9325,7,49.63
9326,1,374.5
9327,4,474.03
9328,8,36.09
9329,10,76.72
9330,1,26.09
9331,2,406.73
9332,10,163.82
9333,1,12.26
9334,8,135.65
9335,2,439.86
9336,10,394.75
9337,9,358.57
9338,5,121.23
9339,3,400.75
9340,9,239.48
9341,10,282.11
9342,4,433.95
9343,7,178.86
9344,10,135.97
9345,8,385.34
9346,7,419.8
9347,2,480.07
9348,9,463.59
9349,8,109.07
9350,5,407.36
9351,2,114.48
9352,2,27.41
9353,6,32.25
9354,6,389.59
9355,10,207.61
9356,3,43.67
9357,5,114.53
9358,6,224.55
9359,9,384.33
9360,4,175.32
9361,3,216.13
9362,1,208.76
9363,5,489.72
9364,7,29.07
9365,7,229.42
9366,10,278.5
9367,5,446.59
9368,9,256.66
9369,9,158.78
9370,3,165.78
9371,4,197.49
9372,5,208.89
9373,3,274.69
9374,6,173.66
9375,8,409.99
9376,5,355.3
9377,7,186.45
9378,10,174.43
9379,2,188.47
9380,7,88.13
9381,10,99.56
9382,1,301.09
9383,9,469.09
9384,6,62.5
9385,8,318.18
9386,5,368.0
9387,10,59.84
9388,4,58.87
9389,2,498.42
9390,8,391.67
9391,7,56.43
9392,1,79.74
9393,5,355.04
9394,8,344.17
9395,1,346.5
9396,3,92.41
9397,1,209.0
9398,10,191.77
9399,4,164.41
9400,5,352.33
9401,2,344.47
9402,1,447.55
9403,3,99.3
9404,6,394.62
9405,10,185.1
9406,1,15.18
9407,7,382.18
9408,1,48.68
9409,2,175.26
9410,3,454.19
9411,6,483.64
9412,10,137.22
9413,10,176.49
9414,8,148.43
9415,8,58.95
9416,8,355.05
9417,3,237.21
9418,9,34.26
9419,6,357.07
9420,10,340.29
9421,1,457.59
9422,2,33.59
9423,7,151.04
9424,10,115.95
9425,5,388.7
9426,1,109.6
9427,10,68.07
9428,5,180.62
9429,1,440.36
9430,7,32.35
9431,10,352.38
9432,5,41.56
9433,9,156.95
9434,10,455.83
9435,4,495.34
9436,6,441.45
9437,10,447.03
9438,9,186.0
9439,4,455.56
9440,10,176.83
9441,1,187.06
9442,2,26.3
9443,7,482.24
9444,10,470.88
9445,1,325.62
9446,7,289.88
9447,9,38.81
9448,9,199.56
9449,8,243.98
9450,1,391.36
9451,4,498.1
9452,9,140.86
9453,3,361.16
9454,4,334.48
9455,10,425.66
9456,5,294.72
9457,6,432.33
9458,1,11.36
9459,8,234.65
9460,3,173.75
9461,1,116.8
9462,6,415.94
9463,2,251.68
9464,7,163.42
9465,3,450.43
9466,3,150.08
9467,8,273.25
9468,3,295.24
9469,3,334.13
9470,10,354.2
9471,3,117.23
9472,4,160.78
9473,2,44.17
9474,1,289.95
9475,7,421.08
9476,1,184.52
9477,1,322.23
9478,9,282.34
9479,7,260.11
9480,4,16.83
9481,2,53.31
9482,7,227.6
9483,3,311.97
9484,1,147.98
9485,6,479.27
9486,8,173.7
9487,10,282.68
9488,9,231.06
9489,10,431.74
9490,2,93.79
9491,10,387.82
9492,5,92.07
9493,1,123.16
9494,4,215.35
9495,3,400.7
9496,3,234.21
9497,6,265.12
9498,2,135.36
9499,8,446.06
9500,10,71.78
9501,8,66.12
9502,6,422.51
9503,4,359.71
9504,9,13.0
9505,4,221.41
9506,3,58.5
9507,10,365.52
9508,3,43.09
9509,9,394.98
9510,9,290.7
9511,8,364.17
9512,6,287.12
9513,7,62.14
9514,2,256.54
9515,4,272.41
9516,6,279.62
9517,2,367.86
9518,6,288.8
9519,8,348.23
9520,8,92.06
9521,2,197.04
9522,9,31.78
9523,1,377.7
9524,6,459.41
9525,8,272.14
9526,10,430.46
9527,2,278.27
9528,7,308.24
9529,3,259.17
9530,10,245.0
9531,3,403.82
9532,5,172.53
9533,5,434.45
9534,2,497.76
9535,3,92.38
9536,8,89.63
9537,1,97.04
9538,4,311.37
9539,9,72.46
9540,4,76.28
9541,3,38.99
9542,2,145.94
9543,8,493.83
9544,4,368.26
9545,9,376.41
9546,2,216.52
9547,6,292.86
9548,4,353.54
9549,3,370.5
9550,1,72.51
9551,4,489.55
9552,5,469.18
9553,3,117.32
9554,3,73.99
9555,8,254.03
9556,3,350.77
9557,2,129.41
9558,4,30.3
9559,3,256.64
9560,7,174.38
9561,1,209.51
9562,7,106.55
9563,1,178.77
9564,10,123.1
9565,8,233.89
9566,6,204.96
9567,10,57.02
9568,9,119.88
9569,2,345.06
9570,3,495.43
9571,2,213.7
9572,2,240.14
9573,7,433.94
9574,1,431.69
9575,3,295.2
9576,9,116.9
9577,1,139.2
9578,9,412.38
9579,2,313.84
9580,7,89.48
9581,10,49.77
9582,4,470.05
9583,7,248.56
9584,9,37.38
9585,7,283.02
9586,6,484.73
9587,7,422.3
9588,7,235.65
9589,1,197.75
9590,7,465.63
9591,2,289.46
9592,7,187.4
9593,1,158.57
9594,5,391.61
9595,5,157.25
9596,1,226.08
9597,7,201.84
9598,4,345.58
9599,10,387.4
9600,4,288.1
9601,6,14.18
9602,10,194.7
9603,8,102.99
9604,3,198.82
9605,7,442.21
9606,2,53.35
9607,3,135.31
9608,7,336.08
9609,6,471.01
9610,9,350.76
9611,5,340.02
9612,2,342.8
9613,9,321.75
9614,1,271.56
9615,8,475.08
9616,10,475.68
9617,10,58.06
9618,10,465.85
9619,3,323.34
9620,5,454.65
9621,2,332.43
9622,10,344.52
9623,5,118.1
9624,9,176.03
9625,4,444.81
9626,5,474.15
9627,3,445.59
9628,1,188.69
9629,4,120.21
9630,5,475.13
9631,1,406.37
9632,4,48.0
9633,6,425.69
9634,9,254.76
9635,1,193.19
9636,5,191.2
9637,8,391.4
9638,7,458.91
9639,10,340.82
9640,8,172.1
9641,8,206.67
9642,5,363.66
9643,6,474.02
9644,6,483.86
9645,7,191.65
9646,8,495.65
9647,5,202.58
9648,10,390.69
9649,7,481.51
9650,2,221.14
9651,5,71.97
9652,3,178.2
9653,6,20.84
9654,1,290.62
9655,10,459.36
9656,5,258.94
9657,6,100.83
9658,7,302.01
9659,6,395.4
9660,6,292.1
9661,7,158.02
9662,8,99.04
9663,4,16.64
9664,5,76.99
9665,6,390.69
9666,10,493.78
9667,5,98.98
9668,2,467.23
9669,5,35.79
9670,5,328.83
9671,10,105.75
9672,3,471.07
9673,2,157.49
9674,6,444.2
9675,4,362.01
9676,1,231.87
9677,7,117.81
9678,8,120.74
9679,1,24.69
9680,2,252.88
9681,9,412.76
9682,3,79.62
9683,2,48.91
9684,9,228.85
9685,9,147.62
9686,3,112.47
9687,5,372.17
9688,3,222.14
9689,9,400.78
9690,5,140.86
9691,8,33.82
9692,8,105.06
9693,3,436.15
9694,1,348.84
9695,7,400.35
9696,3,119.06
9697,8,236.77
9698,3,292.88
9699,7,344.16
9700,7,102.27
9701,8,11.67
9702,5,456.4
9703,1,463.25
9704,6,409.49
9705,8,466.89
9706,2,22.05
9707,6,169.49
9708,9,332.56
9709,1,27.82
9710,3,247.08
9711,3,367.45
9712,2,161.5
9713,6,236.93
9714,4,68.76
9715,1,306.07
9716,4,484.15
9717,2,386.93
9718,4,383.9
9719,9,405.0
9720,2,252.24
9721,3,455.13
9722,4,69.6
9723,7,314.99
9724,6,357.5
9725,9,390.03
9726,3,454.18
9727,1,304.46
9728,3,292.05
9729,8,394.21
9730,6,72.63
9731,6,483.52
9732,6,415.35
9733,4,455.68
9734,3,92.8
9735,8,121.15
9736,10,103.15
9737,9,305.66
9738,3,10.7
9739,6,427.9
9740,4,393.11
9741,4,73.31
9742,7,219.14
9743,9,181.5
9744,1,240.08
9745,2,454.63
9746,9,488.3
9747,1,260.61
9748,7,307.5
9749,2,384.6
9750,3,416.58
9751,4,196.76
9752,2,16.94
9753,2,86.43
9754,2,183.57
9755,9,118.91
9756,9,342.11
9757,3,355.98
9758,8,336.45
9759,7,462.29
9760,5,271.72
9761,5,391.88
9762,8,108.15
9763,8,379.34
9764,3,81.12
9765,4,491.25
9766,3,79.4
9767,3,460.62
9768,9,18.27
9769,2,379.65
9770,5,134.34
9771,3,179.59
9772,10,85.6
9773,3,97.53
9774,6,208.46
9775,7,99.69
9776,10,496.52
9777,6,113.42
9778,1,451.11
9779,4,418.23
9780,8,433.6
9781,4,42.67
9782,2,270.47
9783,5,204.44
9784,8,145.13
9785,4,13.09
9786,6,122.27
9787,9,475.39
9788,2,330.07
9789,6,82.76
9790,2,117.68
9791,7,95.51
9792,1,259.27
9793,5,335.35
9794,4,289.75
9795,8,331.86
9796,7,41.0
9797,5,397.47
9798,1,187.15
9799,5,288.65
9800,3,469.02
9801,2,190.46
9802,7,488.9
9803,5,45.29
9804,10,385.55
9805,6,171.67
9806,5,18.28
9807,2,292.35
9808,7,300.29
9809,4,299.56
9810,8,278.09
9811,6,404.38
9812,1,243.81
9813,1,407.49
9814,1,134.27
9815,7,488.43
9816,1,44.85
9817,8,57.09
9818,2,83.34
9819,2,470.99
9820,10,129.39
9821,7,453.91
9822,10,207.73
9823,9,287.6
9824,8,208.93
9825,10,477.9
9826,8,115.65
9827,3,218.92
9828,8,123.35
9829,10,492.69
9830,3,74.61
9831,7,340.73
9832,1,235.59
9833,6,350.77
9834,9,272.03
9835,8,327.89
9836,7,182.68
9837,4,470.95
9838,10,451.05
9839,5,109.48
9840,10,54.93
9841,7,171.12
9842,4,25.13
9843,9,339.34
9844,10,322.1
9845,3,124.26
9846,3,32.38
9847,2,297.19
9848,6,422.66
9849,6,248.28
9850,7,143.42
9851,5,285.89
9852,8,401.78
9853,5,245.17
9854,1,10.58
9855,7,484.4
9856,8,203.87
9857,5,276.93
9858,7,253.24
9859,5,290.47
9860,10,230.57
9861,5,443.56
9862,2,215.7
9863,4,198.97
9864,6,219.05
9865,1,135.9
9866,6,26.18
9867,7,129.69
9868,6,352.53
9869,8,107.6
9870,10,372.17
9871,5,286.87
9872,10,101.37
9873,8,226.28
9874,2,442.54
9875,10,328.54
9876,3,288.96
9877,7,119.14
9878,4,34.28
9879,6,300.85
9880,1,97.83
9881,6,63.96
9882,9,88.94
9883,7,340.47
9884,7,156.86
9885,2,428.13
9886,10,152.09
9887,9,314.17
9888,9,421.84
9889,6,309.74
9890,6,462.08
9891,7,332.15
9892,4,156.28
9893,6,379.32
9894,5,375.21
9895,5,357.43
9896,2,397.94
9897,5,309.87
9898,7,289.0
9899,10,298.65
9900,10,128.8
9901,5,145.14
9902,8,149.69
9903,10,441.65
9904,7,139.26
9905,9,381.94
9906,9,93.96
9907,4,33.39
9908,6,255.25
9909,3,306.66
9910,8,364.54
9911,4,494.28
9912,9,324.85
9913,9,295.49
9914,5,58.88
9915,3,60.77
9916,1,498.88
9917,10,228.32
9918,1,348.72
9919,2,431.61
9920,1,244.68
9921,5,450.63
9922,9,180.4
9923,5,318.85
9924,7,191.57
9925,8,402.17
9926,3,430.98
9927,3,28.27
9928,1,31.03
9929,5,287.68
9930,5,196.94
9931,2,82.71
9932,10,119.49
9933,1,413.25
9934,3,449.65
9935,6,62.25
9936,2,109.98
9937,8,173.33
9938,7,433.52
9939,9,356.42
9940,7,103.25
9941,10,175.32
9942,8,482.28
9943,9,470.56
9944,2,462.12
9945,10,117.02
9946,2,137.93
9947,6,280.75
9948,4,137.09
9949,6,204.31
9950,4,51.47
9951,4,467.93
9952,9,191.78
9953,4,155.35
9954,3,103.34
9955,7,87.21
9956,3,26.41
9957,4,105.5
9958,8,153.45
9959,5,209.22
9960,2,19.17
9961,4,335.01
9962,10,213.69
9963,7,392.9
9964,9,417.29
9965,1,280.56
9966,6,358.27
9967,3,288.85
9968,5,196.9
9969,10,480.04
9970,3,444.2
9971,2,326.85
9972,8,224.7
9973,5,41.56
9974,5,102.28
9975,1,158.03
9976,6,38.64
9977,4,272.92
9978,6,474.15
9979,3,89.37
9980,9,308.66
9981,5,216.84
9982,6,98.78
9983,6,367.62
9984,3,107.5
9985,3,264.95
9986,3,315.57
9987,4,14.57
9988,1,75.88
9989,7,291.07
9990,2,115.61
9991,1,122.56
9992,4,106.66
9993,7,239.54
9994,2,369.69
9995,2,338.46
9996,7,393.82
9997,6,467.08
9998,1,224.39
9999,7,79.58
10000,8,308.74
10001,6,377.94
10002,6,132.07
10003,1,95.04
10004,6,113.2
10005,2,471.37
10006,3,456.02
10007,10,282.5
10008,5,409.87
10009,3,125.14
10010,4,142.72
10011,3,32.87
10012,9,155.04
10013,2,473.81
10014,10,406.65
10015,1,54.52
10016,3,479.23
10017,3,153.41
10018,6,38.66
10019,7,458.98
10020,5,333.67
10021,9,236.66
10022,2,417.53
10023,8,324.67
10024,8,167.35
10025,5,212.82
10026,10,395.46
10027,10,468.5
10028,3,463.57
10029,1,199.3
10030,9,121.42
10031,8,85.5
10032,8,318.17
10033,6,257.84
10034,2,98.14
10035,6,303.41
10036,10,393.15
10037,6,198.79
10038,9,148.06
10039,5,458.28
10040,3,474.11
10041,8,132.06
10042,4,231.17
10043,2,399.27
10044,2,73.7
10045,2,489.87
10046,2,270.15
10047,9,30.56
10048,6,491.43
10049,9,213.81
10050,10,34.5
10051,2,232.66
10052,1,432.85
10053,8,152.76
10054,1,400.99
10055,4,303.15
10056,6,60.75
10057,10,312.45
10058,6,97.32
10059,6,370.26
10060,2,252.06
10061,3,96.0
10062,8,473.22
10063,5,132.39
10064,9,232.66
10065,3,20.52
10066,5,83.33
10067,2,194.08
10068,7,342.77
10069,5,299.64
10070,7,426.5
10071,4,455.3
10072,1,349.25
10073,4,109.15
10074,5,154.27
10075,8,439.83
10076,1,159.32
10077,9,254.56
10078,10,294.25
10079,6,15.75
10080,8,20.2
10081,3,15.06
10082,6,310.79
10083,7,385.32
10084,6,44.97
10085,6,102.84
10086,8,253.45
10087,10,353.98
10088,3,204.66
10089,4,88.38
10090,10,373.13
10091,7,124.25
10092,3,231.65
10093,8,242.34
10094,3,88.41
10095,6,287.95
10096,1,215.0
10097,7,181.15
10098,2,79.46
10099,10,75.57
10100,6,290.63
10101,3,83.95
10102,5,67.34
10103,6,462.79
10104,7,117.0
10105,3,299.79
10106,6,381.15
10107,10,207.09
10108,7,129.74
10109,3,326.42
10110,3,415.07
10111,5,335.4
10112,3,30.95
10113,7,47.24
10114,5,315.52
10115,1,326.69
10116,9,176.42
10117,4,110.33
10118,2,119.29
10119,9,382.54
10120,1,31.37
10121,10,271.87
10122,4,355.14
10123,3,41.47
10124,2,96.62
10125,3,56.24
10126,3,393.23
10127,6,377.1
10128,9,334.75
10129,2,358.5
10130,9,85.29
10131,7,276.29
10132,9,254.76
10133,7,156.0
10134,1,60.95
10135,10,63.77
10136,6,138.45
10137,9,38.66
10138,5,494.52
10139,3,420.21
10140,1,30.86
10141,7,97.05
10142,9,458.63
10143,8,226.7
10144,9,245.42
10145,6,265.18
10146,7,322.52
10147,5,473.41
10148,7,376.98
10149,2,301.94
10150,3,116.68
10151,3,64.78
10152,3,360.28
10153,7,406.25
10154,3,46.8
10155,3,18.38
10156,2,32.28
10157,3,309.75
10158,9,116.31
10159,2,147.89
10160,8,469.45
10161,10,388.52
10162,2,54.12
10163,10,228.79
10164,7,298.18
10165,10,488.61
10166,5,291.93
10167,9,57.3
10168,3,261.71
10169,4,64.34
10170,9,19.75
10171,4,438.84
10172,7,210.81
10173,3,356.05
10174,1,12.64
10175,4,376.52
10176,9,174.96
10177,9,204.05
10178,2,11.89
10179,1,170.05
10180,3,142.37
10181,9,450.58
10182,9,357.79
10183,6,281.04
10184,3,463.2
10185,10,93.75
10186,10,385.98
10187,1,39.22
10188,7,271.65
10189,7,90.37
10190,8,380.58
10191,4,430.32
10192,3,423.48
10193,4,442.19
10194,9,308.61
10195,7,339.86
10196,4,115.1
10197,8,209.68
10198,2,257.77
10199,2,442.8
10200,9,457.39
10201,7,96.75
10202,8,61.33
10203,7,280.55
10204,2,10.4
10205,2,103.04
10206,9,397.64
10207,4,451.03
10208,10,84.65
10209,9,426.08
10210,4,181.17
10211,3,235.93
10212,10,366.88
10213,2,268.89
10214,6,357.04
10215,1,208.97
10216,8,251.57
10217,2,328.81
10218,7,380.2
10219,6,414.51
10220,3,13.07
10221,9,266.1
10222,5,131.21
10223,2,314.37
10224,8,307.28
10225,7,67.22
10226,9,350.45
10227,6,485.27
10228,7,293.98
10229,9,325.19
10230,9,349.46
10231,6,333.76
10232,3,369.87
10233,1,495.43
10234,3,353.73
10235,7,190.63
10236,7,271.59
10237,3,309.7
10238,6,291.63
10239,2,77.8
10240,8,110.03
10241,10,258.54
10242,10,446.64
10243,3,178.28
10244,4,305.15
10245,7,317.85
10246,1,384.36
10247,5,444.43
10248,10,432.21
10249,1,228.08
10250,8,79.93
10251,10,211.88
10252,10,494.35
10253,5,40.84
10254,8,291.31
10255,7,247.37
10256,9,11.89
10257,10,234.07
10258,8,134.91
10259,6,345.94
10260,10,149.27
10261,5,46.88
10262,9,104.84
10263,10,402.97
10264,5,65.15
10265,8,128.84
10266,8,264.3
10267,6,111.07
10268,10,272.85
10269,9,62.34
10270,7,153.55
10271,10,271.52
10272,5,152.11
10273,1,398.24
10274,3,334.81
10275,9,405.04
10276,1,170.07
10277,3,67.95
10278,1,90.37
10279,3,480.98
10280,1,204.39
10281,5,280.91
10282,1,18.86
10283,9,97.78
10284,9,418.45
10285,6,264.84
10286,4,10.27
10287,9,290.84
10288,4,438.72
10289,1,171.64
10290,5,336.71
10291,9,280.02
10292,10,301.55
10293,8,138.34
10294,2,281.13
10295,7,492.28
10296,4,17.14
10297,8,396.27
10298,1,33.15
10299,4,32.5
10300,6,362.9
10301,7,59.89
10302,10,184.39
10303,4,18.47
10304,6,199.83
10305,2,283.4
10306,10,103.88
10307,8,489.59
10308,5,221.68
10309,10,35.38
10310,8,457.85
10311,1,330.28
10312,9,241.33
10313,7,440.31
10314,1,25.3
10315,4,219.59
10316,2,33.33
10317,5,460.28
10318,5,475.35
10319,5,74.45
10320,10,469.69
10321,7,247.13
10322,6,477.8
10323,9,452.17
10324,7,411.07
10325,6,90.77
10326,1,195.14
10327,3,67.25
10328,6,309.53
10329,7,437.4
10330,3,164.56
10331,7,386.38
10332,3,470.08
10333,3,71.19
10334,1,172.57
10335,4,466.62
10336,5,225.39
10337,1,136.72
10338,5,245.4
10339,7,158.75
10340,5,345.52
10341,6,192.46
10342,4,304.38
10343,6,93.65
10344,4,271.85
10345,6,12.99
10346,2,485.03
10347,5,173.18
10348,6,116.9
10349,3,353.74
10350,10,37.61
10351,4,203.25
10352,3,473.79
10353,2,465.35
10354,8,126.05
10355,3,320.32
10356,8,252.38
10357,7,388.48
10358,9,324.84
10359,4,312.57
10360,9,167.28
10361,6,281.53
10362,3,98.66
10363,5,93.45
10364,6,78.57
10365,6,59.69
10366,2,488.97
10367,6,249.73
10368,10,51.18
10369,2,36.82
10370,1,269.26
10371,1,188.0
10372,10,55.45
10373,8,232.51
10374,5,241.09
10375,6,322.93
10376,6,388.46
10377,5,224.8
10378,9,368.58
10379,5,64.95
10380,8,68.35
10381,10,157.14
10382,10,235.14
10383,5,151.8
10384,10,109.56
10385,6,123.37
10386,9,271.81
10387,4,105.67
10388,9,116.71
10389,2,438.18
10390,2,347.31
10391,4,414.49
10392,9,460.04
10393,3,219.29
10394,1,261.36
10395,9,272.12
10396,3,407.92
10397,9,43.48
10398,3,245.16
10399,8,106.19
10400,5,415.33
10401,7,100.14
10402,2,163.6
10403,2,228.13
10404,5,210.21
10405,4,464.03
10406,4,246.49
10407,9,34.5
10408,9,286.62
10409,2,184.56
10410,8,102.12
10411,5,435.98
10412,8,52.93
10413,8,226.92
10414,7,467.42
10415,10,406.45
10416,10,466.75
10417,5,120.0
10418,7,76.91
10419,10,292.04
10420,7,318.26
10421,7,138.38
10422,6,35.8
10423,10,291.81
10424,1,347.85
10425,2,33.63
10426,10,281.51
10427,8,121.66
10428,1,270.33
10429,4,418.0
10430,6,90.23
10431,2,274.75
10432,7,335.15
10433,5,453.26
10434,3,328.77
10435,7,145.7
10436,9,390.47
10437,5,313.43
10438,10,364.86
10439,10,191.65
10440,3,284.91
10441,6,413.7
10442,8,171.01
10443,10,180.78
10444,9,71.95
10445,9,373.53
10446,10,35.16
10447,3,45.01
10448,10,236.75
10449,9,308.51
10450,2,411.8
10451,5,269.12
10452,4,323.26
10453,8,450.37
10454,8,17.05
10455,6,377.8
10456,9,156.63
10457,5,463.47
10458,2,397.05
10459,4,218.47
10460,3,266.31
10461,7,491.2
10462,2,50.67
10463,4,322.72
10464,4,268.8
10465,6,378.47
10466,9,65.9
10467,2,293.28
10468,10,493.18
10469,8,418.8
10470,2,144.8
10471,6,292.45
10472,1,371.57
10473,10,331.78
10474,10,318.83
10475,3,418.36
10476,8,239.33
10477,1,191.5
10478,3,284.53
10479,7,463.06
10480,10,111.79
10481,6,53.82
10482,6,374.81
10483,9,377.92
10484,8,480.98
10485,1,386.71
10486,6,105.63
10487,7,19.79
10488,2,69.71
10489,4,395.76
10490,2,15.11
10491,9,71.57
10492,10,492.53
10493,5,75.86
10494,6,181.29
10495,4,364.52
10496,1,291.24
10497,9,170.76
10498,9,400.82
10499,9,361.42
10500,1,148.87
10501,1,440.87
10502,5,113.97
10503,8,111.23
10504,2,453.83
10505,9,253.13
10506,7,381.19
10507,3,458.36
10508,2,116.35
10509,6,259.73
10510,10,206.46
10511,4,112.4
10512,4,401.25
10513,1,355.11
10514,6,276.83
10515,7,54.27
10516,5,230.68
10517,4,52.11
10518,6,431.78
10519,7,127.31
10520,8,288.37
10521,6,179.89
10522,2,59.62
10523,5,130.59
10524,10,30.87
10525,3,420.78
10526,4,241.05
10527,3,233.9
10528,3,276.9
10529,7,498.42
10530,7,210.83
10531,6,457.92
10532,5,96.77
10533,2,195.08
10534,5,135.65
10535,7,47.51
10536,2,315.49
10537,8,479.86
10538,6,320.96
10539,4,174.03
10540,5,210.7
10541,5,31.0
10542,6,482.03
10543,1,102.57
10544,9,277.96
10545,3,250.3
10546,4,14.05
10547,3,248.44
10548,4,216.89
10549,9,437.46
10550,5,320.54
10551,5,232.11
10552,9,379.94
10553,4,300.07
10554,4,464.02
10555,10,211.76
10556,1,215.01
10557,7,137.46
10558,10,317.08
10559,1,289.14
10560,3,257.77
10561,5,469.86
10562,9,232.63
10563,5,436.87
10564,6,64.82
10565,4,417.27
10566,6,273.44
10567,8,76.53
10568,8,70.41
10569,5,445.25
10570,1,324.48
10571,7,404.96
10572,9,492.71
10573,2,381.2
10574,5,390.07
10575,1,109.52
10576,4,299.42
10577,9,451.56
10578,9,251.77
10579,9,240.25
10580,6,481.28
10581,4,368.83
10582,4,208.3
10583,8,230.26
10584,5,56.2
10585,1,306.47
10586,10,457.44
10587,6,104.57
10588,7,484.97
10589,3,277.03
10590,7,75.29
10591,5,395.89
10592,1,462.68
10593,2,331.05
10594,3,432.55
10595,4,448.27
10596,10,27.08
10597,6,230.6
10598,3,13.59
10599,5,42.48
10600,1,356.57
10601,8,347.84
10602,5,58.86
10603,4,88.18
10604,6,498.94
10605,4,421.69
10606,2,39.15
10607,8,360.15
10608,5,58.41
10609,3,80.66
10610,5,276.55
10611,8,23.8
10612,9,242.59
10613,7,491.65
10614,10,209.37
10615,3,96.95
10616,2,496.01
10617,5,398.79
10618,3,151.91
10619,5,417.87
10620,4,94.47
10621,2,62.86
10622,10,35.29
10623,4,159.68
10624,9,221.49
10625,7,115.4
10626,8,15.88
10627,9,205.68
10628,3,37.48
10629,3,391.73
10630,1,301.33
10631,4,201.55
10632,7,363.51
10633,2,289.91
10634,4,210.54
10635,9,295.86
10636,1,176.09
10637,8,306.41
10638,1,39.37
10639,8,129.26
10640,6,478.1
10641,10,483.19
10642,1,401.28
10643,4,311.51
10644,2,102.86
10645,1,330.63
10646,3,88.52
10647,2,110.05
10648,7,287.52
10649,9,241.58
10650,2,330.99
10651,8,79.84
10652,2,22.23
10653,5,164.94
10654,5,374.31
10655,2,499.41
10656,2,289.04
10657,9,405.79
10658,2,242.24
10659,1,232.85
10660,5,129.99
10661,1,491.79
10662,3,414.28
10663,5,153.64
10664,3,100.0
10665,3,55.49
10666,7,17.54
10667,6,98.73
10668,10,142.24
10669,2,79.54
10670,1,295.84
10671,5,373.53
10672,8,400.94
10673,8,442.82
10674,7,312.34
10675,4,340.46
10676,7,324.36
10677,6,164.75
10678,4,462.25
10679,8,210.4
10680,8,305.31
10681,5,362.9
10682,1,485.55
10683,3,142.47
10684,6,415.31
10685,6,296.33
10686,6,64.85
10687,1,74.39
10688,2,291.74
10689,2,166.64
10690,9,294.91
10691,2,93.66
10692,7,274.84
10693,7,496.75
10694,5,368.93
10695,9,443.6
10696,5,244.7
10697,7,397.67
10698,9,340.49
10699,3,114.81
10700,7,499.57
10701,1,255.1
10702,5,162.86
10703,5,21.58
10704,4,224.78
10705,9,488.45
10706,10,63.67
10707,1,250.44
10708,10,424.72
10709,3,52.02
10710,5,31.37
10711,7,289.93
10712,9,467.31
10713,4,202.59
10714,3,418.47
10715,6,490.03
10716,5,274.76
10717,9,224.15
10718,8,472.83
10719,1,257.04
10720,2,119.76
10721,9,211.01
10722,5,221.53
10723,3,360.06
10724,1,92.4
10725,3,107.66
10726,8,346.3
10727,3,434.45
10728,6,452.3
10729,1,440.54
10730,4,10.97
10731,1,18.91
10732,9,194.68
10733,5,374.45
10734,7,232.18
10735,10,64.5
10736,1,11.65
10737,9,290.15
10738,10,499.64
10739,2,133.54
10740,7,401.18
10741,1,294.03
10742,2,198.4
10743,3,412.0
10744,3,345.9
10745,4,467.57
10746,10,339.89
10747,10,366.11
10748,10,31.92
10749,1,275.47
10750,6,157.1
10751,2,471.97
10752,9,218.38
10753,5,200.37
10754,1,34.82
10755,10,409.81
10756,10,262.37
10757,4,132.03
10758,2,446.26
10759,4,477.02
10760,2,465.49
10761,9,442.37
10762,6,55.31
10763,10,282.1
10764,6,350.21
10765,6,255.61
10766,10,481.8
10767,5,83.54
10768,1,102.67
10769,5,404.41
10770,1,43.52
10771,4,168.73
10772,4,146.09
10773,7,24.69
10774,6,193.78
10775,10,307.53
10776,5,148.86
10777,5,432.98
10778,7,226.39
10779,1,56.79
10780,9,77.59
10781,1,406.96
10782,9,456.02
10783,9,84.58
10784,3,329.78
10785,9,228.9
10786,5,484.39
10787,3,480.88
10788,7,78.96
10789,9,179.86
10790,2,253.47
10791,6,453.37
10792,8,121.43
10793,6,322.22
10794,4,211.68
10795,3,476.01
10796,4,178.78
10797,8,18.52
10798,5,52.72
10799,10,56.4
10800,9,475.7
10801,9,353.6
10802,2,278.99
10803,7,469.75
10804,3,395.29
10805,6,179.52
10806,1,150.56
10807,7,66.07
10808,1,39.81
10809,10,94.72
10810,1,139.61
10811,7,21.53
10812,2,72.62
10813,4,265.96
10814,8,52.47
10815,2,364.47
10816,3,108.25
10817,3,288.22
10818,7,43.64
10819,2,71.3
10820,5,473.79
10821,6,15.65
10822,7,223.26
10823,6,119.95
10824,5,162.91
10825,1,485.62
10826,5,330.99
10827,3,489.45
10828,7,493.91
10829,5,197.58
10830,1,62.46
10831,2,173.12
10832,1,189.32
10833,4,482.38
10834,5,250.99
10835,3,137.14
10836,6,283.58
10837,7,50.71
10838,7,272.03
10839,3,470.7
10840,2,377.23
10841,3,414.76
10842,3,203.18
10843,1,259.6
10844,7,354.76
10845,7,468.12
10846,7,476.82
10847,3,145.27
10848,2,478.63
10849,10,440.87
10850,7,427.63
10851,8,260.21
10852,5,397.15
10853,5,241.92
10854,2,334.57
10855,10,39.44
10856,4,187.19
10857,1,212.26
10858,2,405.08
10859,5,255.29
10860,8,496.78
10861,3,71.52
10862,6,433.41
10863,4,160.72
10864,5,365.77
10865,7,278.37
10866,2,83.9
10867,6,397.41
10868,7,423.3
10869,10,371.74
10870,6,90.18
10871,5,291.67
10872,3,18.42
10873,7,333.36
10874,5,402.5
10875,2,385.54
10876,2,338.58
10877,10,251.6
10878,4,277.88
10879,2,270.29
10880,8,132.05
10881,7,124.42
10882,4,175.31
10883,10,396.59
10884,9,438.47
10885,9,405.08
10886,2,268.84
10887,5,297.48
10888,7,273.05
10889,7,208.52
10890,1,180.19
10891,2,410.11
10892,1,99.05
10893,3,409.44
10894,6,162.39
10895,5,50.31
10896,3,131.1
10897,1,68.05
10898,7,34.97
10899,10,374.55
10900,9,217.7
10901,4,253.37
10902,2,359.63
10903,9,198.67
10904,1,109.29
10905,1,499.76
10906,4,61.47
10907,8,279.87
10908,10,315.22
10909,1,49.29
10910,5,25.89
10911,1,112.83
10912,8,408.51
10913,4,62.4
10914,8,376.29
10915,10,413.09
10916,9,213.32
10917,2,443.47
10918,7,443.21
10919,3,382.67
10920,6,345.03
10921,10,489.11
10922,1,363.66
10923,5,58.28
10924,5,424.25
10925,8,412.52
10926,6,434.99
10927,1,318.06
10928,2,110.96
10929,8,176.96
10930,6,269.75
10931,2,21.09
10932,3,283.47
10933,8,266.07
10934,1,241.12
10935,8,303.38
10936,1,360.38
10937,8,64.86
10938,7,61.83
10939,1,280.74
10940,9,64.42
10941,10,240.29
10942,3,73.59
10943,4,341.65
10944,10,320.53
10945,7,133.14
10946,8,389.7
10947,9,107.0
10948,6,420.38
10949,1,229.23
10950,7,284.23
10951,2,450.84
10952,1,99.21
10953,5,278.04
10954,9,189.5
10955,6,238.11
10956,9,25.42
10957,3,329.15
10958,5,105.14
10959,3,114.51
10960,7,482.36
10961,3,485.44
10962,2,201.44
10963,1,396.78
10964,7,305.21
10965,7,280.23
10966,8,137.19
10967,8,19.76
10968,8,344.3
10969,6,42.48
10970,10,348.15
10971,4,293.25
10972,6,351.52
10973,3,53.83
10974,1,370.54
10975,7,448.38
10976,3,200.31
10977,1,245.37
10978,1,116.62
10979,6,32.75
10980,9,385.75
10981,3,148.21
10982,4,354.38
10983,2,313.8
10984,4,293.16
10985,5,275.5
10986,5,256.66
10987,4,21.56
10988,5,457.31
10989,7,304.34
10990,2,408.88
10991,6,430.49
10992,1,82.21
10993,6,456.68
10994,7,243.37
10995,6,384.19
10996,9,494.69
10997,5,208.1
10998,4,123.23
10999,10,432.63
11000,4,161.83
11001,2,55.8
11002,6,18.37
11003,2,441.43
11004,5,456.92
11005,7,137.19
11006,3,250.39
11007,10,395.75
11008,2,166.83
11009,4,280.39
11010,6,374.79
11011,2,77.04
11012,2,453.86
11013,8,171.46
11014,2,75.65
11015,10,192.34
11016,10,253.9
11017,2,177.27
11018,5,85.83
11019,1,383.59
11020,10,236.31
11021,4,369.83
11022,1,85.22
11023,5,223.21
11024,6,388.13
11025,7,388.85
11026,8,79.26
11027,6,41.68
11028,2,23.39
11029,4,39.96
11030,9,237.28
11031,6,198.29
11032,5,379.8
11033,8,270.46
11034,4,245.77
11035,1,116.09
11036,8,165.84
11037,4,269.74
11038,3,445.45
11039,5,412.46
11040,5,256.59
11041,6,355.78
11042,3,197.83
11043,3,285.69
11044,6,137.18
11045,7,345.77
11046,7,490.82
11047,8,101.11
11048,9,418.61
11049,1,229.86
11050,7,132.83
11051,1,228.21
11052,7,344.76
11053,3,244.34
11054,2,431.24
11055,4,472.11
11056,4,366.05
11057,7,243.19
11058,3,185.49
11059,3,116.77
11060,9,221.31
11061,9,419.59
11062,10,35.54
11063,1,400.69
11064,9,460.08
11065,9,496.89
11066,10,342.92
11067,3,38.19
11068,6,392.28
11069,4,137.26
11070,6,396.22
11071,9,472.36
11072,10,388.28
11073,8,108.01
11074,7,373.68
11075,6,302.13
11076,8,220.24
11077,5,390.49
11078,6,104.01
11079,6,211.63
11080,1,371.01
11081,9,301.74
11082,8,254.91
11083,6,178.69
11084,3,223.8
11085,2,297.48
11086,1,128.21
11087,9,137.24
11088,3,243.66
11089,7,377.29
11090,3,233.17
11091,4,98.33
11092,3,95.97
11093,3,246.25
11094,2,383.17
11095,8,416.76
11096,8,218.7
11097,2,484.67
11098,2,217.24
11099,1,391.92
11100,3,312.23
11101,9,192.25
11102,5,141.42
11103,9,208.03
11104,9,124.02
11105,6,96.1
11106,2,419.42
11107,10,13.85
11108,10,429.67
11109,3,101.72
11110,3,375.97
11111,10,399.41
11112,1,56.87
11113,5,100.35
11114,7,141.63
11115,2,39.67
11116,9,22.38
11117,2,230.78
11118,1,461.58
11119,2,206.03
11120,4,228.37
11121,1,445.2
11122,1,471.27
11123,5,295.82
11124,4,100.53
11125,8,99.93
11126,5,194.6
11127,4,427.88
11128,8,88.36
11129,5,393.43
11130,7,489.66
11131,9,12.61
11132,4,479.37
11133,1,373.3
11134,6,137.45
11135,3,441.68
11136,10,366.98
11137,9,169.27
11138,10,117.3
11139,10,120.18
11140,8,353.35
11141,8,98.29
11142,2,88.43
11143,10,67.76
11144,7,118.88
11145,1,156.25
11146,10,410.38
11147,1,71.46
11148,7,362.08
11149,8,203.62
11150,6,413.79
11151,8,432.88
11152,9,325.82
11153,6,488.84
11154,10,249.73
11155,10,376.97
11156,10,193.08
11157,8,364.17
11158,9,430.99
11159,7,157.66
11160,1,215.16
11161,8,496.92
11162,7,424.78
11163,1,93.13
11164,9,15.01
11165,2,286.87
11166,3,301.56
11167,3,101.22
11168,2,453.02
11169,5,442.24
11170,4,313.65
11171,5,136.93
11172,10,457.8
11173,10,120.33
11174,3,180.76
11175,4,131.16
11176,3,13.21
11177,3,129.89
11178,2,29.96
11179,6,453.88
11180,6,178.59
11181,1,65.63
11182,4,494.76
11183,5,170.99
11184,1,120.76
11185,7,294.64
11186,9,406.18
11187,5,350.62
11188,4,315.65
11189,4,104.45
11190,3,154.33
11191,4,203.12
11192,3,300.13
11193,3,13.55
11194,9,23.06
11195,10,375.84
11196,9,499.91
11197,4,70.0
11198,5,378.8
11199,2,89.23
11200,10,38.19
11201,6,378.16
11202,7,163.4
11203,10,304.56
11204,3,476.18
11205,2,79.9
11206,8,206.73
11207,2,245.75
11208,5,298.12
11209,5,88.43
11210,1,198.13
11211,10,389.69
11212,5,324.05
11213,10,109.54
11214,8,177.53
11215,2,297.12
11216,3,203.81
11217,2,354.47
11218,2,245.99
11219,4,364.05
11220,3,472.64
11221,5,241.99
11222,3,337.21
11223,9,318.48
11224,7,133.42
11225,2,449.68
11226,3,353.6
11227,10,218.6
11228,8,406.24
11229,4,22.96
11230,10,300.61
11231,9,452.17
11232,6,438.53
11233,5,39.93
11234,3,355.52
11235,2,183.38
11236,4,431.43
11237,6,14.87
11238,2,142.74
11239,3,59.18
11240,2,156.76
11241,1,263.54
11242,8,247.71
11243,10,235.89
11244,3,137.85
11245,10,487.17
11246,6,349.29
11247,5,431.39
11248,3,485.67
11249,9,277.18
11250,5,317.86
11251,6,353.2
11252,9,397.7
11253,10,98.36
11254,1,158.23
11255,9,246.72
11256,1,221.4
11257,7,416.46
11258,4,481.2
11259,4,381.2
11260,10,298.89
11261,9,220.7
11262,2,185.4
11263,10,471.95
11264,3,176.74
11265,9,336.1
11266,7,144.72
11267,9,173.44
11268,9,394.95
11269,6,370.27
11270,9,104.13
11271,9,94.18
11272,6,352.74
11273,8,76.14
11274,3,18.81
11275,9,140.4
11276,8,71.41
11277,10,391.67
11278,6,159.52
11279,4,432.51
11280,6,371.19
11281,2,395.01
11282,7,92.7
11283,3,94.58
11284,6,14.23
11285,2,271.31
11286,6,367.37
11287,7,92.32
11288,5,229.14
11289,9,211.48
11290,10,382.63
11291,3,326.6
11292,2,427.03
11293,3,398.53
11294,4,461.81
11295,2,150.86
11296,10,95.75
11297,1,396.15
11298,10,354.06
11299,7,203.27
11300,8,29.48
11301,7,205.27
11302,5,460.09
11303,6,415.74
11304,1,481.81
11305,6,220.85
11306,3,42.71
11307,5,327.04
11308,1,361.42
11309,10,46.69
11310,2,291.71
11311,4,191.66
11312,4,273.98
11313,3,75.89
11314,5,419.81
11315,2,52.55
11316,10,118.87
11317,1,350.47
11318,7,482.89
11319,9,80.35
11320,8,332.95
11321,6,205.99
11322,7,64.34
11323,7,417.17
11324,1,242.26
11325,7,436.45
11326,7,147.88
11327,9,359.48
11328,6,15.06
11329,10,169.53
11330,8,95.0
11331,5,217.59
11332,8,414.82
11333,3,430.12
11334,2,110.74
11335,4,395.39
11336,2,16.09
11337,10,136.9
11338,2,482.85
11339,5,77.24
11340,4,360.55
11341,7,180.99
11342,5,66.99
11343,4,235.29
11344,8,240.24
11345,7,266.45
11346,8,476.0
11347,1,216.78
11348,4,397.12
11349,10,153.24
11350,10,487.59
11351,5,441.2
11352,2,241.96
11353,6,59.04
11354,9,226.28
11355,2,419.59
11356,8,313.66
11357,10,102.5
11358,5,351.69
11359,1,442.28
11360,5,284.58
11361,8,160.75
11362,5,48.11
11363,8,92.43
11364,5,179.22
11365,6,400.1
11366,9,413.72
11367,10,135.21
11368,10,382.82
11369,1,91.1
11370,5,388.63
11371,6,375.23
11372,7,422.61
11373,3,214.83
11374,10,30.32
11375,8,94.75
11376,9,222.6
11377,5,40.98
11378,1,489.83
11379,1,301.85
11380,4,255.42
11381,6,316.65
11382,6,246.04
11383,5,95.45
11384,7,365.8
11385,4,167.43
11386,10,305.67
11387,1,294.96
11388,4,243.71
11389,2,138.31
11390,7,34.46
11391,8,424.75
11392,7,371.15
11393,5,118.84
11394,9,478.53
11395,9,138.34
11396,4,233.95
11397,7,366.59
11398,2,275.69
11399,8,423.19
11400,6,440.45
11401,5,449.09
11402,8,74.37
11403,7,379.96
11404,7,281.19
11405,2,190.19
11406,5,442.31
11407,2,264.54
11408,9,375.81
11409,10,26.44
11410,1,83.08
11411,8,463.01
11412,3,292.66
11413,2,15.44
11414,9,160.95
11415,1,351.78
11416,9,198.68
11417,5,488.38
11418,6,211.83
11419,7,26.3
11420,1,121.67
11421,4,227.66
11422,7,300.15
11423,4,113.52
11424,7,246.69
11425,8,336.28
11426,1,410.54
11427,8,353.41
11428,2,278.52
11429,3,99.69
11430,3,216.11
11431,8,456.5
11432,5,390.29
11433,10,17.91
11434,9,231.54
11435,9,221.14
11436,4,256.17
11437,6,341.36
11438,1,199.73
11439,4,290.59
11440,4,159.29
11441,3,351.22
11442,10,435.54
11443,9,380.41
11444,7,21.79
11445,6,401.42
11446,6,425.6
11447,5,289.79
11448,3,415.93
11449,8,38.75
11450,9,217.07
11451,2,277.08
11452,7,344.57
11453,8,24.57
11454,7,110.91
11455,1,383.64
11456,7,383.87
11457,10,466.16
11458,1,242.54
11459,10,294.86
11460,9,421.26
11461,2,339.72
11462,10,410.04
11463,3,250.36
11464,9,85.42
11465,6,483.23
11466,4,388.58
11467,4,237.19
11468,8,371.39
11469,1,271.61
11470,5,309.27
11471,3,208.56
11472,5,87.29
11473,4,361.8
11474,10,272.43
11475,4,486.51
11476,2,340.54
11477,4,479.24
11478,5,346.67
11479,10,349.24
11480,2,148.32
11481,10,309.14
11482,7,230.32
11483,7,303.42
11484,2,312.3
11485,9,225.2
11486,1,190.25
11487,10,269.95
11488,5,123.68
11489,9,373.82
11490,5,332.76
11491,4,407.74
11492,3,393.58
11493,2,238.3
11494,9,64.71
11495,8,255.98
11496,1,199.32
11497,7,477.39
11498,5,335.03
11499,2,178.43
11500,9,294.15
11501,1,60.45
11502,5,442.42
11503,10,461.29
11504,3,451.61
11505,9,55.65
11506,1,107.86
11507,8,389.61
11508,2,243.22
11509,10,488.89
11510,7,319.1
11511,1,228.67
11512,1,109.76
11513,9,318.26
11514,1,263.61
11515,2,232.59
11516,7,83.61
11517,3,304.31
11518,7,279.63
11519,5,418.13
11520,9,169.86
11521,1,333.65
11522,1,234.25
11523,9,258.74
11524,10,483.31
11525,10,100.09
11526,8,319.36
11527,2,46.88
11528,9,11.07
11529,10,345.86
11530,10,443.43
11531,7,430.7
11532,3,401.91
11533,7,202.04
11534,1,283.16
11535,9,75.4
11536,1,127.65
11537,2,233.58
11538,3,497.19
11539,7,105.36
11540,5,147.5
11541,4,169.77
11542,10,196.93
11543,3,324.54
11544,6,499.18
11545,8,451.0
11546,2,97.53
11547,5,407.15
11548,3,156.15
11549,6,115.33
11550,10,19.1
11551,2,470.01
11552,3,478.84
11553,8,188.47
11554,1,99.49
11555,5,289.24
11556,7,413.23
11557,1,132.46
11558,7,328.02
11559,8,10.38
11560,5,128.72
11561,6,75.15
11562,5,30.59
11563,6,118.93
11564,7,135.36
11565,2,352.96
11566,8,396.99
11567,5,343.04
11568,4,438.11
11569,5,421.8
11570,9,277.92
11571,2,182.62
11572,10,231.37
11573,8,131.9
11574,6,145.46
11575,7,211.45
11576,4,480.76
11577,4,219.66
11578,7,207.58
11579,8,306.12
11580,10,485.38
11581,7,149.01
11582,2,73.38
11583,10,162.1
11584,8,484.22
11585,3,76.1
11586,1,476.14
11587,3,306.37
11588,7,100.41
11589,7,286.2
11590,3,15.43
11591,7,205.1
11592,8,474.83
11593,10,295.87
11594,3,102.68
11595,6,194.71
11596,10,455.25
11597,10,332.08
11598,3,298.11
11599,10,397.65
11600,9,131.49
11601,6,378.23
11602,8,433.93
11603,7,282.43
11604,8,357.96
11605,8,309.35
11606,6,459.02
11607,7,16.06
11608,2,131.06
11609,9,94.61
11610,9,474.29
11611,5,448.65
11612,4,56.87
11613,4,305.53
11614,4,488.26
11615,10,51.47
11616,3,207.2
11617,1,12.17
11618,2,151.9
11619,1,329.66
11620,8,465.67
11621,3,421.64
11622,2,478.73
11623,5,373.18
11624,4,427.92
11625,5,368.23
11626,10,44.65
11627,5,67.92
11628,4,263.13
11629,10,252.9
11630,3,451.56
11631,9,240.34
11632,1,299.8
11633,9,223.04
11634,6,418.08
11635,7,155.59
11636,3,155.46
11637,1,171.46
11638,3,37.25
11639,3,124.43
11640,4,25.18
11641,8,496.73
11642,7,308.23
11643,2,314.97
11644,5,283.76
11645,10,206.33
11646,10,470.68
11647,9,461.4
11648,1,328.03
11649,6,207.13
11650,3,440.88
11651,2,242.19
11652,6,130.54
11653,1,229.8
11654,7,210.43
11655,9,221.0
11656,6,489.3
11657,3,381.27
11658,5,426.29
11659,1,161.71
11660,5,250.47
11661,2,358.3
11662,6,120.51
11663,2,331.76
11664,8,333.63
11665,6,426.71
11666,2,16.24
11667,8,250.19
11668,4,324.76
11669,2,253.2
11670,6,40.43
11671,7,52.22
11672,10,383.28
11673,3,483.34
11674,3,350.55
11675,10,374.66
11676,10,302.83
11677,2,299.49
11678,9,247.3
11679,4,235.21
11680,4,156.15
11681,3,407.08
11682,5,144.78
11683,8,150.44
11684,10,10.04
11685,5,251.76
11686,1,227.53
11687,9,213.83
11688,3,389.49
11689,6,493.36
11690,1,349.0
11691,8,212.63
11692,2,390.92
11693,10,44.93
11694,8,318.64
11695,9,428.13
11696,6,54.02
11697,4,480.9
11698,3,433.3
11699,10,180.09
11700,5,182.32
11701,4,486.08
11702,1,306.46
11703,2,283.59
11704,6,259.35
11705,6,179.7
11706,2,367.17
11707,2,167.27
11708,8,137.68
11709,10,202.28
11710,6,131.95
11711,2,461.69
11712,1,326.84
11713,8,11.32
11714,5,15.54
11715,4,447.21
11716,1,361.24
11717,6,447.47
11718,2,274.39
11719,1,497.29
11720,4,306.06
11721,9,83.31
11722,2,404.09
11723,1,343.68
11724,10,197.48
11725,3,385.92
11726,1,126.89
11727,6,458.52
11728,9,281.79
11729,5,317.89
11730,1,333.44
11731,9,274.84
11732,3,201.95
11733,3,307.96
11734,6,54.37
11735,7,148.42
11736,7,357.55
11737,4,434.81
11738,4,177.85
11739,7,74.75
11740,1,466.94
11741,10,492.87
11742,5,139.19
11743,1,256.54
11744,9,451.0
11745,7,248.82
11746,9,362.72
11747,10,283.61
11748,1,302.32
11749,1,489.73
11750,2,303.75
11751,10,55.4
11752,5,434.17
11753,2,55.02
11754,3,407.27
11755,7,59.13
11756,6,273.19
11757,9,175.87
11758,1,178.03
11759,7,128.07
11760,2,64.6
11761,7,25.85
11762,8,401.37
11763,3,81.9
11764,6,120.69
11765,8,342.28
11766,8,243.93
11767,5,188.05
11768,5,155.17
11769,1,433.14
11770,3,460.08
11771,4,49.16
11772,2,151.74
11773,2,413.21
11774,10,176.09
11775,4,292.52
11776,7,439.44
11777,8,403.91
11778,7,74.81
11779,7,98.1
11780,6,354.53
11781,10,194.2
11782,1,188.02
11783,1,77.56
11784,7,46.1
11785,9,157.59
11786,3,193.25
11787,9,454.54
11788,1,115.88
11789,7,263.3
11790,1,172.02
11791,1,202.75
11792,1,204.15
11793,4,222.65
11794,1,191.77
11795,3,368.16
11796,2,327.02
11797,7,140.33
11798,1,315.68
11799,10,69.13
11800,4,297.45
11801,10,67.95
11802,3,38.76
11803,4,323.16
11804,3,188.77
11805,1,308.07
11806,6,87.46
11807,4,386.02
11808,8,380.92
11809,10,239.07
11810,10,189.67
11811,2,291.49
11812,3,484.9
11813,1,34.27
11814,9,220.89
11815,3,432.89
11816,8,180.92
11817,8,467.88
11818,6,136.32
11819,5,490.93
11820,10,476.39
11821,1,166.32
11822,9,481.7
11823,5,349.81
11824,6,120.31
11825,2,70.93
11826,1,319.0
11827,2,362.0
11828,10,200.75
11829,6,269.4
11830,5,444.29
11831,5,383.42
11832,7,490.37
11833,3,434.81
11834,10,399.16
11835,6,83.21
11836,8,312.1
11837,1,164.3
11838,7,196.14
11839,4,485.06
11840,7,60.25
11841,7,421.77
11842,5,275.46
11843,1,229.35
11844,5,229.97
11845,3,381.31
11846,7,17.86
11847,4,183.13
11848,2,189.33
11849,6,23.31
11850,6,477.9
11851,1,43.25
11852,4,342.9
11853,2,217.35
11854,2,164.86
11855,1,179.96
11856,8,290.32
11857,6,73.18
11858,5,158.09
11859,4,130.19
11860,6,160.72
11861,10,140.02
11862,7,484.63
11863,6,114.76
11864,6,350.25
11865,8,295.93
11866,6,364.11
11867,2,290.61
11868,2,381.65
11869,9,322.24
11870,9,204.95
11871,5,425.33
11872,7,294.56
11873,7,171.75
11874,2,281.33
11875,4,441.74
11876,10,252.5
11877,9,235.4
11878,9,477.87
11879,6,346.47
11880,1,388.28
11881,4,496.97
11882,8,425.31
11883,2,275.61
11884,4,429.21
11885,2,286.19
11886,3,22.51
11887,6,221.92
11888,4,116.34
11889,3,348.2
11890,10,352.32
11891,4,395.21
11892,3,113.06
11893,7,151.66
11894,1,101.16
11895,9,461.56
11896,6,127.64
11897,3,409.58
11898,8,194.27
11899,10,329.84
11900,5,91.02
11901,8,460.04
11902,10,467.2
11903,3,119.68
11904,9,435.06
11905,3,32.9
11906,4,346.15
11907,1,291.86
11908,5,347.48
11909,1,41.98
11910,10,102.56
11911,3,262.97
11912,5,77.77
11913,5,252.38
11914,2,306.28
11915,9,83.18
11916,10,14.46
11917,8,172.39
11918,6,432.39
11919,6,422.94
11920,6,72.15
11921,7,38.21
11922,8,168.57
11923,10,347.97
11924,10,44.03
11925,9,480.11
11926,2,24.43
11927,7,396.42
11928,4,114.59
11929,3,100.31
11930,7,496.52
11931,3,457.67
11932,8,230.21
11933,8,116.99
11934,2,212.94
11935,9,352.92
11936,1,477.92
11937,7,465.0
11938,8,23.86
11939,8,11.69
11940,9,187.14
11941,4,195.44
11942,1,174.18
11943,6,93.04
11944,9,400.11
11945,3,318.79
11946,2,366.68
11947,1,323.75
11948,5,366.68
11949,3,449.93
11950,5,19.07
11951,7,241.89
11952,6,258.11
11953,7,232.19
11954,3,191.91
11955,1,422.51
11956,7,416.9
11957,1,422.96
11958,4,356.23
11959,4,404.38
11960,6,320.8
11961,7,442.69
11962,5,473.47
11963,2,148.54
11964,8,140.96
11965,10,247.99
11966,10,112.34
11967,9,463.4
11968,10,352.5
11969,10,342.9
11970,10,420.93
11971,5,422.64
11972,10,396.9
11973,5,303.38
11974,9,219.35
11975,10,372.65
11976,6,408.8
11977,1,434.72
11978,10,354.08
11979,4,80.03
11980,7,389.79
11981,7,155.33
11982,3,74.58
11983,4,487.93
11984,5,447.66
11985,2,74.07
11986,3,362.11
11987,10,354.91
11988,9,404.73
11989,2,333.66
11990,2,171.48
11991,5,285.57
11992,6,121.71
11993,1,12.0
11994,2,99.4
11995,8,224.1
11996,3,77.36
11997,4,410.14
11998,9,354.57
11999,5,470.13
12000,5,94.59
12001,3,177.09
12002,8,375.8
12003,8,41.46
12004,9,389.43
12005,9,79.26
12006,3,110.46
12007,9,325.05
12008,8,38.33
12009,9,486.54
12010,5,43.02
12011,9,34.24
12012,2,493.85
12013,4,351.97
12014,5,292.01
12015,6,206.4
12016,8,376.32
12017,10,303.73
12018,5,201.79
12019,6,262.5
12020,8,315.53
12021,10,389.77
12022,7,104.47
12023,9,128.31
12024,1,429.59
12025,8,85.54
12026,7,403.95
12027,1,421.31
12028,1,291.23
12029,3,214.42
12030,7,206.38
12031,1,58.49
12032,6,184.6
12033,6,368.9
12034,9,209.11
12035,5,171.97
12036,9,474.04
12037,6,170.61
12038,6,445.35
12039,6,58.94
12040,3,134.84
12041,7,144.55
12042,1,35.63
12043,9,228.74
12044,9,395.58
12045,7,406.09
12046,3,152.67
12047,1,185.13
12048,7,197.48
12049,5,169.3
12050,3,95.81
12051,5,432.17
12052,5,43.67
12053,9,298.48
12054,8,467.15
12055,1,80.42
12056,4,108.78
12057,7,456.95
12058,7,18.32
12059,4,419.88
12060,8,434.96
12061,2,231.79
12062,4,210.02
12063,1,442.13
12064,5,406.85
12065,5,85.4
12066,4,261.22
12067,7,39.77
12068,1,400.68
12069,6,368.35
12070,9,309.62
12071,9,119.44
12072,10,390.66
12073,5,375.89
12074,4,141.87
12075,10,15.94
12076,7,322.61
12077,10,243.06
12078,8,435.32
12079,10,440.04
12080,3,421.94
12081,6,495.12
12082,9,141.68
12083,4,187.66
12084,10,142.45
12085,1,156.42
12086,1,237.38
12087,6,379.22
12088,7,378.38
12089,8,156.59
12090,9,487.1
12091,1,290.79
12092,8,323.71
12093,4,290.79
12094,1,445.25
12095,10,415.91
12096,9,32.13
12097,7,10.53
12098,10,132.98
12099,3,328.83
12100,1,402.7
12101,2,183.35
12102,9,304.23
12103,3,172.74
12104,5,309.16
12105,1,239.64
12106,5,85.25
12107,4,57.22
12108,8,335.84
12109,8,149.99
12110,7,235.54
12111,10,189.0
12112,2,331.59
12113,2,261.61
12114,7,371.53
12115,9,363.6
12116,4,11.81
12117,9,379.76
12118,3,421.16
12119,6,395.49
12120,9,438.16
12121,9,404.93
12122,5,61.95
12123,7,88.0
12124,4,92.47
12125,7,25.25
12126,6,364.06
12127,7,361.05
12128,5,91.22
12129,7,420.94
12130,5,464.76
12131,4,58.34
12132,8,104.31
12133,1,198.14
12134,3,423.28
12135,4,332.03
12136,2,192.05
12137,9,462.43
12138,2,239.68
12139,9,83.29
12140,3,444.31
12141,6,412.63
12142,10,163.08
12143,10,278.89
12144,1,467.45
12145,3,125.43
12146,8,365.22
12147,4,330.34
12148,2,230.65
12149,9,473.46
12150,1,490.54
12151,3,121.72
12152,10,37.74
12153,7,165.02
12154,5,437.73
12155,9,317.57
12156,8,37.26
12157,9,147.48
12158,8,492.37
12159,10,168.25
12160,5,44.59
12161,8,216.15
12162,6,163.8
12163,10,267.17
12164,9,274.99
12165,1,423.07
12166,4,236.76
12167,2,182.84
12168,2,167.0
12169,10,38.46
12170,10,158.22
12171,9,493.91
12172,7,92.15
12173,9,112.95
12174,5,279.74
12175,8,211.4
12176,9,21.2
12177,3,480.15
12178,8,205.31
12179,3,126.52
12180,7,343.82
12181,3,66.11
12182,10,23.65
12183,6,371.73
12184,9,440.46
12185,9,58.89
12186,10,327.05
12187,9,266.27
12188,7,425.19
12189,2,260.26
12190,3,409.58
12191,1,327.94
12192,8,13.45
12193,7,200.13
12194,10,27.96
12195,2,33.07
12196,10,74.66
12197,8,391.87
12198,10,281.87
12199,7,281.11
12200,4,119.71
12201,9,334.75
12202,7,334.06
12203,10,452.04
12204,1,128.88
12205,6,31.68
12206,8,170.67
12207,9,310.95
12208,9,393.64
12209,4,498.31
12210,4,175.78
12211,8,16.5
12212,8,226.71
12213,2,385.31
12214,4,59.07
12215,6,176.73
12216,1,343.86
12217,6,225.59
12218,1,185.16
12219,2,267.15
12220,10,305.72
12221,4,263.12
12222,5,139.07
12223,5,190.15
12224,9,273.32
12225,2,486.21
12226,5,41.31
12227,8,475.98
12228,2,378.75
12229,4,489.11
12230,6,426.91
12231,4,206.29
12232,8,65.78
12233,7,411.38
12234,9,304.85
12235,1,295.56
12236,8,440.39
12237,8,312.78
12238,9,36.18
12239,3,123.74
12240,5,404.11
12241,5,185.01
12242,9,153.04
12243,7,488.4
12244,10,407.0
12245,1,458.34
12246,4,411.51
12247,7,365.56
12248,7,477.35
12249,1,42.53
12250,4,469.44
12251,10,166.46
12252,4,381.61
12253,9,334.33
12254,2,183.98
12255,8,189.37
12256,3,304.7
12257,3,334.65
12258,4,61.19
12259,7,481.25
12260,4,358.23
12261,3,286.82
12262,2,172.4
12263,6,461.67
12264,5,324.84
12265,4,121.05
12266,5,54.33
12267,6,43.8
12268,6,317.15
12269,5,273.4
12270,10,222.1
12271,7,21.74
12272,8,456.09
12273,5,152.9
12274,7,424.81
12275,5,200.5
12276,2,179.23
12277,10,184.8
12278,5,328.65
12279,8,141.19
12280,10,66.3
12281,2,226.56
12282,6,16.43
12283,3,449.8
12284,2,261.67
12285,2,208.2
12286,9,45.18
12287,5,446.71
12288,2,121.68
12289,5,420.51
12290,8,199.44
12291,1,355.56
12292,5,410.48
12293,4,350.06
12294,8,151.02
12295,3,299.83
12296,3,272.65
12297,5,335.57
12298,4,485.84
12299,1,407.83
12300,7,481.25
12301,6,484.93
12302,1,291.82
12303,10,198.39
12304,3,67.12
12305,4,213.65
12306,8,235.24
12307,10,375.66
12308,7,212.79
12309,2,10.73
12310,6,375.84
12311,4,146.16
12312,1,75.87
12313,3,75.48
12314,4,141.65
12315,10,276.67
12316,2,450.83
12317,4,365.35
12318,7,281.33
12319,7,249.23
12320,10,372.78
12321,2,242.43
12322,8,310.99
12323,6,83.36
12324,5,145.28
12325,7,68.95
12326,5,23.18
12327,3,113.53
12328,6,40.71
12329,5,427.22
12330,6,222.8
12331,5,78.66
12332,7,408.64
12333,2,279.3
12334,4,249.91
12335,3,196.01
12336,2,288.13
12337,6,370.18
12338,7,447.88
12339,6,184.45
12340,3,323.29
12341,8,345.8
12342,7,426.9
12343,5,407.83
12344,5,307.85
12345,1,116.0
12346,9,168.45
12347,3,374.05
12348,6,178.2
12349,4,417.55
12350,5,391.95
12351,5,438.75
12352,7,245.74
12353,3,271.39
12354,9,122.06
12355,1,157.34
12356,4,478.78
12357,2,133.82
12358,6,145.24
12359,2,193.16
12360,8,153.28
12361,4,82.92
12362,2,66.08
12363,10,234.41
12364,9,238.61
12365,6,114.69
12366,3,438.68
12367,1,151.86
12368,10,167.89
12369,4,226.0
12370,7,218.21
12371,9,105.22
12372,9,404.15
12373,9,35.28
12374,2,364.31
12375,9,245.41
12376,4,52.03
12377,4,295.33
12378,6,55.13
12379,2,132.58
12380,7,245.88
12381,7,93.71
12382,2,473.19
12383,1,248.08
12384,9,48.03
12385,8,57.69
12386,10,338.98
12387,9,166.84
12388,5,73.15
12389,8,421.09
12390,7,324.73
12391,1,79.97
12392,7,412.76
12393,4,129.75
12394,2,192.42
12395,5,97.81
12396,4,16.0
12397,1,35.87
12398,4,36.57
12399,9,221.55
12400,6,488.64
12401,6,455.88
12402,1,340.89
12403,3,92.42
12404,2,56.96
12405,3,23.38
12406,7,245.4
12407,2,164.37
12408,5,166.68
12409,10,287.53
12410,1,56.77
12411,7,217.96
12412,4,110.85
12413,9,78.92
12414,3,427.91
12415,5,28.31
12416,6,123.73
12417,10,73.94
12418,3,33.12
12419,7,78.52
12420,1,56.85
12421,10,381.18
12422,2,65.8
12423,4,135.45
12424,5,112.45
12425,10,59.5
12426,4,324.45
12427,6,98.95
12428,7,478.12
12429,2,400.34
12430,3,129.2
12431,10,134.54
12432,7,342.84
12433,6,71.86
12434,5,100.98
12435,7,156.22
12436,5,308.61
12437,7,398.6
12438,3,139.22
12439,9,220.72
12440,4,141.14
12441,1,367.54
12442,10,475.87
12443,4,224.26
12444,8,321.96
12445,8,316.3
12446,4,145.6
12447,10,279.57
12448,6,96.9
12449,8,416.88
12450,6,208.34
12451,2,173.96
12452,3,498.67
12453,7,191.75
12454,6,285.73
12455,2,141.08
12456,7,480.62
12457,6,395.89
12458,9,39.68
12459,7,214.08
12460,2,140.63
12461,6,117.4
12462,7,426.01
12463,6,88.03
12464,8,390.95
12465,5,462.66
12466,7,222.81
12467,6,336.79
12468,6,112.11
12469,10,352.38
12470,7,72.37
12471,10,280.21
12472,6,376.49
12473,3,151.92
12474,7,251.99
12475,10,83.86
12476,2,175.99
12477,2,86.76
12478,8,433.07
12479,7,475.94
12480,9,466.3
12481,6,143.01
12482,5,211.3
12483,6,255.1
12484,7,130.71
12485,10,22.81
12486,2,202.72
12487,9,82.09
12488,10,240.49
12489,4,311.8
12490,9,395.79
12491,2,213.49
12492,6,431.62
12493,9,50.82
12494,7,449.5
12495,9,331.33
12496,8,53.31
12497,4,21.33
12498,4,242.25
12499,7,38.88
12500,3,389.76
12501,1,472.06
12502,5,272.79
12503,7,409.11
12504,9,452.88
12505,1,282.41
12506,3,199.43
12507,5,291.18
12508,2,74.59
12509,2,489.73
12510,7,394.04
12511,10,386.42
12512,8,204.46
12513,6,324.8
12514,3,376.85
12515,3,200.41
12516,5,178.79
12517,7,110.51
12518,4,302.95
12519,8,77.96
12520,10,431.68
12521,10,319.0
12522,5,15.56
12523,7,412.12
12524,5,257.76
12525,2,496.8
12526,2,98.95
12527,7,354.23
12528,7,362.12
12529,10,235.48
12530,10,210.9
12531,1,211.73
12532,9,119.86
12533,6,118.13
12534,2,26.1
12535,7,62.64
12536,6,394.78
12537,10,23.49
12538,7,390.27
12539,4,288.17
12540,5,368.38
12541,1,383.1
12542,2,105.4
12543,4,143.37
12544,5,115.57
12545,7,418.28
12546,4,478.93
12547,5,271.4
12548,2,147.91
12549,10,277.29
12550,5,53.42
12551,1,477.96
12552,7,251.88
12553,4,28.47
12554,5,455.27
12555,2,60.83
12556,1,487.91
12557,10,330.68
12558,10,334.83
12559,2,388.11
12560,1,425.73
12561,3,447.88
12562,1,83.76
12563,9,417.09
12564,7,428.08
12565,2,208.06
12566,9,499.63
12567,2,439.32
12568,10,29.38
12569,5,80.75
12570,4,136.33
12571,6,158.16
12572,5,445.2
12573,1,112.67
12574,4,46.6
12575,1,350.73
12576,10,492.34
12577,2,247.98
12578,10,58.85
12579,9,197.26
12580,2,168.72
12581,8,58.45
12582,2,397.45
12583,2,109.61
12584,3,393.52
12585,2,295.65
12586,5,463.85
12587,1,498.22
12588,5,454.04
12589,1,89.17
12590,9,282.27
12591,2,151.77
12592,2,74.93
12593,9,235.09
12594,5,165.39
12595,8,467.6
12596,2,388.58
12597,10,114.43
12598,7,243.45
12599,9,190.57
12600,7,154.34
12601,7,101.89
12602,2,127.03
12603,2,28.38
12604,8,157.82
12605,2,332.23
12606,7,69.84
12607,10,499.39
12608,3,132.26
12609,3,68.3
12610,5,439.72
12611,2,357.89
12612,2,460.84
12613,4,172.43
12614,7,302.44
12615,7,483.25
12616,3,200.38
12617,7,278.46
12618,6,175.2
12619,6,96.0
12620,8,372.4
12621,2,10.99
12622,6,148.67
12623,2,467.78
12624,8,296.04
12625,10,355.35
12626,5,265.09
12627,6,218.7
12628,10,148.34
12629,10,491.17
12630,10,118.24
12631,1,25.01
12632,2,299.52
12633,6,222.02
12634,6,470.15
12635,7,112.02
12636,6,391.37
12637,5,444.39
12638,3,229.64
12639,2,233.29
12640,7,208.06
12641,6,208.5
12642,1,136.91
12643,1,243.44
12644,1,50.67
12645,5,64.5
12646,4,12.5
12647,7,259.53
12648,7,431.96
12649,5,29.86
12650,9,228.09
12651,2,439.7
12652,1,484.52
12653,7,210.5
12654,10,38.91
12655,5,494.25
12656,2,248.07
12657,9,78.95
12658,8,209.75
12659,4,255.74
12660,2,69.64
12661,3,78.6
12662,3,280.58
12663,3,95.74
12664,3,149.12
12665,9,146.08
12666,6,434.5
12667,9,104.38
12668,10,299.62
12669,5,25.66
12670,5,55.21
12671,9,141.31
12672,10,403.24
12673,4,192.78
12674,2,355.22
12675,4,180.04
12676,1,414.76
12677,6,105.18
12678,8,464.55
12679,3,385.41
12680,9,300.1
12681,1,397.86
12682,7,151.74
12683,6,478.69
12684,9,490.47
12685,10,381.99
12686,9,127.73
12687,3,464.05
12688,1,427.23
12689,1,448.53
12690,2,314.81
12691,6,128.87
12692,2,310.5
12693,3,395.46
12694,9,382.87
12695,2,465.62
12696,5,151.08
12697,9,210.9
12698,8,151.04
12699,3,279.8
12700,3,51.65
12701,9,340.33
12702,10,119.4
12703,7,118.79
12704,6,253.88
12705,9,324.81
12706,1,340.11
12707,4,237.68
12708,10,388.82
12709,3,57.7
12710,10,365.44
12711,8,132.78
12712,4,412.79
12713,7,302.17
12714,1,166.28
12715,6,280.75
12716,6,458.33
12717,6,300.25
12718,5,351.96
12719,1,276.92
12720,5,101.42
12721,1,418.72
12722,10,482.73
12723,10,322.44
12724,5,186.05
12725,3,264.71
12726,9,220.28
12727,7,42.67
12728,1,200.37
12729,7,235.25
12730,4,231.65
12731,5,191.91
12732,1,50.67
12733,6,80.51
12734,7,55.68
12735,4,214.94
12736,9,43.86
12737,10,450.47
12738,1,78.61
12739,4,321.16
12740,9,147.37
12741,8,364.21
12742,10,310.75
12743,10,425.95
12744,5,141.98
12745,8,389.2
12746,8,431.24
12747,3,168.32
12748,1,270.44
12749,3,127.79
12750,3,451.47
12751,3,114.17
12752,9,12.34
12753,1,144.21
12754,8,357.62
12755,5,64.2
12756,6,177.58
12757,7,304.17
12758,6,271.94
12759,6,234.68
12760,10,464.8
12761,7,95.32
12762,8,285.92
12763,7,17.32
12764,5,90.63
12765,8,40.1
12766,4,118.6
12767,3,314.09
12768,6,341.07
12769,5,185.83
12770,4,425.68
12771,6,323.62
12772,3,267.43
12773,4,32.58
12774,1,456.71
12775,3,306.5
12776,7,100.07
12777,10,304.05
12778,8,87.39
12779,8,154.79
12780,3,304.12
12781,3,22.96
12782,2,209.56
12783,9,464.53
12784,3,453.53
12785,6,345.4
12786,10,96.29
12787,7,197.4
12788,4,242.67
12789,1,204.15
12790,3,411.51
12791,1,485.88
12792,2,421.11
12793,10,86.88
12794,1,158.01
12795,6,13.72
12796,3,32.09
12797,2,339.0
12798,1,62.06
12799,4,325.06
12800,4,193.1
12801,4,249.81
12802,8,51.53
12803,1,11.01
12804,1,100.07
12805,10,327.54
12806,7,58.73
12807,3,100.26
12808,6,194.52
12809,5,353.01
12810,2,261.92
12811,6,183.41
12812,10,161.46
12813,8,293.89
12814,10,407.83
12815,3,121.18
12816,5,399.02
12817,6,366.21
12818,4,76.99
12819,4,50.59
12820,7,328.94
12821,8,238.08
12822,9,386.51
12823,5,172.43
12824,5,226.14
12825,5,420.55
12826,8,16.3
12827,2,311.32
12828,6,105.95
12829,10,352.66
12830,2,460.8
12831,8,487.28
12832,7,484.91
12833,7,176.59
12834,6,96.63
12835,8,327.57
12836,7,42.78
12837,1,394.04
12838,3,281.35
12839,6,243.63
12840,1,209.32
12841,2,400.61
12842,10,39.34
12843,3,130.49
12844,2,201.49
12845,9,343.08
12846,8,21.78
12847,8,319.98
12848,4,174.3
12849,3,84.07
12850,8,70.32
12851,6,297.03
12852,2,435.81
12853,7,411.18
12854,9,363.03
12855,9,190.14
12856,4,456.69
12857,2,50.73
12858,3,307.07
12859,4,20.57
12860,1,470.09
12861,4,232.24
12862,6,388.73
12863,4,289.2
12864,9,286.65
12865,3,438.11
12866,2,111.52
12867,5,224.3
12868,10,332.77
12869,9,427.21
12870,7,310.18
12871,3,485.74
12872,9,359.67
12873,2,250.54
12874,9,108.84
12875,8,212.24
12876,10,45.07
12877,6,448.8
12878,9,78.34
12879,2,58.2
12880,5,336.98
12881,1,409.12
12882,6,90.2
12883,7,202.53
12884,3,221.23
12885,4,437.04
12886,6,41.17
12887,3,249.05
12888,5,164.8
12889,6,118.1
12890,4,249.61
12891,6,339.59
12892,6,465.87
12893,7,310.66
12894,7,137.49
12895,8,260.54
12896,10,218.67
12897,3,146.55
12898,10,151.11
12899,6,416.93
12900,1,160.35
12901,3,164.3
12902,7,293.51
12903,10,215.22
12904,7,271.58
12905,6,430.79
12906,3,411.03
12907,1,434.52
12908,3,377.84
12909,7,358.37
12910,3,302.67
12911,4,372.45
12912,1,310.81
12913,10,391.04
12914,5,345.56
12915,5,434.57
12916,2,74.19
12917,2,157.57
12918,6,451.51
12919,3,82.2
12920,4,153.43
12921,8,236.12
12922,1,150.57
12923,6,486.51
12924,10,237.18
12925,3,193.05
12926,9,152.74
12927,1,234.89
12928,4,122.79
12929,10,269.55
12930,2,153.38
12931,9,343.51
12932,3,389.34
12933,4,227.91
12934,3,349.77
12935,10,352.37
12936,5,165.16
12937,7,249.24
12938,8,15.76
12939,4,209.43
12940,4,338.74
12941,9,218.91
12942,1,65.28
12943,3,442.81
12944,3,23.26
12945,1,446.76
12946,9,153.17
12947,5,71.99
12948,5,388.89
12949,9,109.73
12950,4,217.2
12951,8,341.09
12952,7,21.24
12953,9,91.53
12954,9,306.57
12955,8,364.65
12956,2,351.68
12957,7,14.28
12958,6,323.66
12959,5,307.23
12960,5,446.42
12961,10,75.21
12962,9,492.83
12963,7,147.17
12964,1,65.73
12965,4,81.33
12966,10,191.1
12967,2,454.97
12968,4,193.36
12969,1,47.95
12970,6,152.97
12971,2,242.84
12972,9,360.54
12973,1,275.04
12974,1,116.2
12975,9,369.54
12976,10,323.07
12977,1,150.06
12978,2,40.01
12979,1,143.25
12980,2,180.8
12981,7,447.88
12982,6,47.17
12983,4,418.48
12984,4,266.0
12985,2,144.48
12986,4,243.88
12987,8,166.66
12988,9,34.47
12989,1,315.99
12990,1,60.52
12991,7,263.0
12992,6,196.9
12993,8,63.9
12994,8,278.97
12995,1,54.69
12996,10,28.23
12997,8,397.25
12998,2,208.35
12999,10,268.29
13000,9,326.46
13001,4,247.03
13002,2,223.61
13003,2,189.25
13004,7,217.9
13005,9,489.11
13006,2,51.74
13007,10,240.31
13008,7,224.88
13009,10,370.56
13010,9,108.96
13011,4,88.32
13012,2,243.48
13013,1,362.51
13014,1,173.09
13015,9,111.62
13016,4,135.24
13017,9,42.82
13018,6,216.77
13019,8,355.74
13020,9,191.11
13021,6,476.41
13022,4,293.47
13023,10,387.53
13024,9,89.92
13025,3,200.07
13026,3,56.19
13027,8,174.22
13028,1,42.6
13029,6,274.32
13030,5,465.22
13031,7,278.55
13032,10,435.81
13033,1,409.25
13034,4,13.17
13035,9,177.08
13036,3,451.47
13037,8,97.6
13038,7,220.7
13039,9,407.45
13040,4,134.97
13041,2,322.61
13042,1,90.66
13043,3,438.65
13044,6,472.26
13045,7,62.18
13046,4,12.16
13047,9,238.89
13048,4,471.27
13049,1,272.23
13050,10,462.69
13051,3,444.14
13052,1,323.07
13053,4,282.23
13054,3,475.56
13055,8,239.88
13056,2,69.23
13057,9,153.32
13058,6,72.85
13059,8,329.71
13060,7,107.23
13061,10,40.12
13062,8,454.63
13063,3,45.86
13064,3,361.0
13065,5,79.0
13066,5,340.82
13067,8,116.14
13068,1,180.91
13069,8,425.9
13070,8,492.87
13071,2,381.12
13072,7,467.99
13073,10,295.46
13074,8,63.08
13075,6,357.79
13076,7,181.43
13077,7,207.29
13078,8,209.29
13079,1,307.56
13080,7,266.77
13081,4,105.44
13082,5,17.88
13083,10,359.57
13084,3,89.12
13085,5,473.04
13086,7,344.25
13087,6,106.18
13088,8,315.83
13089,3,72.32
13090,2,293.93
13091,5,129.5
13092,10,354.68
13093,8,20.41
13094,5,244.34
13095,4,216.45
13096,2,173.94
13097,10,66.0
13098,6,28.2
13099,2,31.49
13100,7,357.33
13101,3,215.34
13102,1,256.92
13103,3,206.65
13104,9,290.19
13105,4,338.02
13106,8,455.77
13107,10,233.3
13108,9,460.07
13109,4,118.12
13110,5,258.72
13111,4,185.5
13112,2,304.06
13113,2,149.01
13114,7,241.28
13115,2,410.92
13116,7,128.81
13117,9,462.82
13118,7,428.0
13119,4,408.03
13120,1,439.53
13121,2,471.78
13122,8,349.41
13123,7,217.41
13124,3,391.55
13125,3,162.09
13126,9,173.21
13127,10,451.8
13128,8,338.21
13129,5,11.28
13130,1,347.71
13131,3,20.19
13132,7,335.39
13133,2,159.06
13134,7,397.06
13135,6,52.15
13136,1,284.14
13137,6,147.1
13138,3,252.8
13139,2,206.32
13140,4,367.52
13141,4,494.29
13142,6,450.31
13143,4,196.88
13144,4,407.79
13145,2,454.47
13146,1,363.97
13147,10,35.68
13148,10,298.44
13149,2,280.99
13150,9,65.84
13151,1,406.68
13152,5,428.27
13153,9,483.92
13154,3,268.1
13155,4,174.6
13156,5,41.59
13157,9,441.58
13158,10,380.44
13159,10,344.64
13160,10,372.4
13161,1,462.5
13162,4,320.35
13163,7,218.1
13164,4,387.45
13165,7,93.49
13166,1,260.8
13167,2,78.76
13168,3,340.45
13169,7,264.76
13170,6,427.99
13171,10,158.52
13172,8,448.12
13173,5,386.86
13174,1,437.19
13175,4,46.09
13176,2,27.8
13177,6,343.63
13178,4,340.43
13179,4,14.1
13180,10,222.0
13181,4,306.28
13182,10,256.88
13183,3,56.39
13184,10,493.84
13185,5,78.57
13186,7,307.14
13187,8,499.36
13188,6,327.34
13189,2,208.71
13190,8,219.3
13191,2,259.45
13192,8,205.08
13193,3,332.52
13194,9,407.14
13195,4,210.49
13196,4,221.9
13197,9,453.97
13198,6,22.04
13199,7,440.76
13200,3,235.35
13201,7,94.23
13202,3,100.2
13203,7,223.14
13204,9,417.09
13205,9,15.48
13206,4,229.3
13207,7,51.96
13208,7,494.86
13209,6,92.81
13210,9,459.22
13211,10,341.23
13212,9,484.05
13213,1,237.26
13214,10,296.03
13215,6,287.14
13216,2,76.43
13217,6,315.02
13218,8,237.78
13219,7,168.13
13220,10,419.61
13221,7,155.23
13222,9,420.92
13223,9,190.99
13224,9,22.07
13225,1,462.9
13226,5,71.15
13227,8,63.59
13228,7,171.53
13229,9,295.53
13230,10,44.29
13231,3,299.21
13232,6,435.03
13233,6,402.7
13234,9,271.11
13235,2,327.66
13236,5,267.54
13237,1,37.48
13238,6,389.2
13239,1,362.02
13240,3,138.33
13241,10,354.96
13242,3,266.2
13243,8,284.98
13244,8,181.29
13245,8,496.28
13246,4,324.85
13247,3,298.93
13248,1,70.51
13249,3,176.55
13250,1,41.27
13251,9,201.8
13252,1,251.77
13253,3,290.09
13254,1,206.74
13255,10,178.87
13256,3,89.4
13257,4,209.96
13258,4,412.21
13259,9,17.68
13260,3,444.35
13261,1,393.4
13262,8,323.08
13263,1,470.81
13264,5,394.89
13265,7,329.09
13266,7,78.06
13267,10,231.1
13268,4,240.09
13269,5,497.13
13270,6,252.46
13271,2,405.31
13272,5,159.49
13273,10,190.06
13274,7,342.36
13275,8,135.3
13276,7,275.95
13277,8,396.6
13278,6,326.51
13279,5,470.47
13280,4,134.65
13281,2,147.54
13282,7,449.2
13283,9,334.7
13284,7,183.43
13285,9,107.33
13286,5,258.27
13287,5,285.17
13288,4,334.06
13289,6,330.91
13290,7,318.69
13291,7,417.74
13292,4,222.75
13293,7,416.64
13294,9,163.46
13295,3,24.36
13296,8,241.65
13297,9,240.79
13298,9,451.54
13299,5,129.41
13300,7,388.01
13301,10,284.82
13302,5,157.38
13303,7,498.44
13304,6,434.6
13305,1,184.46
13306,5,166.37
13307,1,186.98
13308,1,301.98
13309,9,141.88
13310,8,90.94
13311,1,35.06
13312,4,147.38
13313,10,381.66
13314,10,32.38
13315,8,228.95
13316,8,454.42
13317,10,164.22
13318,6,336.81
13319,1,128.43
13320,1,41.08
13321,3,174.19
13322,6,63.87
13323,1,341.53
13324,1,156.95
13325,6,21.35
13326,3,480.12
13327,2,162.71
13328,6,121.22
13329,2,78.24
13330,8,302.35
13331,4,413.94
13332,8,314.02
13333,6,102.16
13334,2,64.72
13335,4,331.84
13336,10,24.3
13337,3,206.54
13338,3,443.61
13339,5,83.0
13340,7,421.84
13341,7,453.99
13342,6,64.39
13343,1,266.55
13344,8,119.49
13345,4,281.46
13346,6,180.8
13347,6,477.73
13348,5,319.64
13349,7,488.63
13350,10,413.66
13351,2,296.45
13352,6,55.95
13353,8,336.13
13354,5,178.57
13355,6,163.21
13356,4,347.43
13357,1,462.67
13358,7,76.5
13359,3,276.47
13360,2,213.71
13361,4,131.25
13362,5,198.78
13363,3,424.47
13364,6,416.92
13365,6,482.03
13366,3,382.91
13367,5,442.66
13368,3,379.1
13369,1,261.71
13370,9,68.08
13371,8,202.2
13372,1,298.69
13373,1,217.71
13374,4,51.08
13375,7,127.84
13376,4,462.24
13377,10,174.65
13378,2,223.56
13379,8,471.1
13380,5,174.44
13381,6,363.34
13382,10,274.53
13383,3,458.05
13384,7,225.95
13385,2,474.34
13386,4,147.39
13387,4,415.61
13388,9,460.68
13389,9,479.06
13390,5,256.02
13391,2,332.21
13392,3,38.02
13393,6,307.83
13394,4,206.36
13395,6,32.64
13396,3,280.96
13397,4,62.46
13398,5,74.93
13399,6,385.88
13400,8,195.51
13401,3,307.13
13402,2,64.0
13403,6,153.47
13404,1,376.76
13405,5,105.1
13406,2,265.46
13407,4,326.98
13408,4,223.58
13409,10,192.53
13410,2,444.43
13411,3,335.59
13412,10,247.07
13413,2,342.32
13414,2,167.14
13415,7,82.07
13416,10,66.2
13417,8,306.43
13418,7,452.59
13419,6,406.36
13420,8,114.68
13421,3,259.52
13422,7,79.21
13423,10,50.86
13424,1,368.27
13425,8,122.01
13426,10,86.25
13427,2,300.91
13428,4,204.56
13429,2,395.55
13430,8,116.74
13431,8,223.22
13432,8,65.82
13433,1,185.9
13434,10,261.78
13435,8,248.79
13436,8,325.3
13437,6,426.72
13438,10,421.84
13439,2,192.85
13440,4,37.68
13441,5,165.72
13442,1,406.34
13443,3,12.88
13444,7,373.78
13445,9,129.58
13446,8,281.93
13447,1,444.66
13448,5,322.6
13449,1,93.35
13450,6,256.47
13451,8,383.0
13452,1,126.49
13453,1,143.38
13454,10,392.63
13455,4,143.84
13456,8,342.92
13457,5,316.46
13458,9,358.38
13459,3,127.65
13460,7,275.43
13461,2,31.88
13462,4,416.75
13463,3,228.74
13464,2,33.75
13465,6,59.06
13466,4,147.6
13467,1,59.27
13468,5,88.24
13469,1,58.28
13470,9,332.19
13471,3,187.21
13472,4,95.17
13473,9,372.71
13474,2,441.93
13475,7,266.26
13476,7,118.91
13477,1,126.4
13478,10,341.6
13479,2,327.77
13480,8,495.28
13481,7,304.11
13482,8,377.05
13483,10,356.15
13484,8,219.92
13485,3,32.62
13486,1,183.26
13487,2,135.92
13488,2,392.47
13489,8,457.53
13490,8,65.93
13491,4,141.81
13492,6,436.97
13493,1,399.28
13494,9,420.6
13495,6,61.06
13496,4,234.8
13497,9,191.94
13498,2,442.25
13499,10,379.2
13500,10,139.77
13501,5,187.29
13502,6,215.95
13503,8,79.47
13504,7,178.62
13505,7,413.12
13506,10,101.17
13507,7,254.27
13508,4,225.2
13509,2,347.17
13510,9,255.23
13511,3,424.76
13512,4,296.48
13513,7,62.21
13514,7,384.81
13515,7,462.6
13516,8,276.51
13517,1,192.41
13518,8,111.66
13519,2,105.84
13520,9,244.14
13521,5,413.35
13522,1,91.28
13523,3,116.53
13524,5,336.94
13525,2,157.94
13526,7,444.02
13527,3,252.18
13528,4,366.49
13529,1,155.46
13530,2,45.09
13531,8,213.89
13532,2,345.26
13533,3,316.84
13534,2,193.55
13535,5,260.57
13536,2,304.47
13537,9,371.19
13538,4,444.72
13539,7,138.35
13540,1,422.44
13541,7,163.46
13542,9,488.71
13543,7,300.65
13544,8,464.22
13545,4,194.93
13546,9,391.91
13547,4,11.47
13548,5,275.23
13549,8,344.63
13550,4,206.77
13551,4,348.15
13552,2,385.1
13553,10,488.01
13554,3,391.94
13555,10,65.67
13556,3,246.45
13557,1,197.82
13558,10,119.3
13559,2,31.4
13560,5,34.44
13561,3,293.71
13562,2,276.18
13563,3,72.86
13564,3,147.58
13565,2,264.11
13566,1,52.88
13567,2,228.71
13568,10,388.61
13569,7,329.48
13570,8,173.99
13571,8,267.65
13572,9,331.52
13573,10,243.76
13574,5,295.0
13575,8,315.9
13576,1,164.7
13577,3,62.16
13578,2,64.09
13579,9,428.3
13580,6,494.04
13581,6,263.22
13582,2,280.92
13583,9,334.83
13584,1,222.01
13585,8,113.52
13586,6,209.13
13587,4,56.41
13588,7,108.06
13589,2,92.4
13590,8,490.72
13591,6,418.07
13592,8,410.81
13593,7,60.64
13594,10,159.49
13595,7,116.78
13596,9,258.49
13597,2,291.24
13598,4,267.52
13599,10,327.65
13600,10,36.24
13601,9,489.23
13602,3,351.87
13603,2,384.17
13604,1,254.8
13605,7,495.64
13606,6,102.38
13607,3,66.31
13608,4,403.21
13609,4,216.58
13610,2,403.14
13611,4,47.67
13612,10,431.88
13613,6,141.2
13614,1,379.61
13615,1,162.13
13616,10,419.05
13617,4,243.35
13618,3,304.67
13619,5,192.07
13620,6,256.73
13621,6,350.47
13622,4,343.24
13623,10,278.6
13624,2,85.04
13625,5,499.6
13626,4,305.84
13627,3,81.29
13628,6,390.83
13629,6,61.86
13630,5,44.17
13631,10,353.28
13632,3,168.11
13633,2,318.38
13634,5,417.71
13635,7,450.03
13636,2,411.26
13637,3,356.27
13638,7,407.44
13639,2,351.14
13640,7,124.3
13641,10,137.95
13642,5,57.86
13643,4,364.43
13644,9,133.33
13645,4,55.97
13646,7,116.64
13647,1,305.52
13648,1,448.43
13649,8,302.93
13650,9,334.12
13651,6,389.83
13652,10,32.61
13653,10,220.04
13654,5,187.56
13655,10,273.81
13656,3,318.52
13657,1,285.58
13658,10,306.62
13659,3,354.28
13660,8,246.89
13661,4,171.02
13662,2,215.08
13663,9,41.54
13664,4,115.74
13665,10,240.53
13666,7,231.88
13667,8,349.28
13668,2,244.62
13669,4,356.24
13670,1,356.11
13671,3,159.76
13672,3,326.71
13673,5,56.09
13674,10,267.35
13675,4,407.27
13676,1,211.78
13677,4,100.57
13678,4,222.6
13679,5,451.88
13680,2,446.86
13681,2,327.92
13682,5,152.19
13683,3,155.3
13684,9,437.58
13685,5,86.1
13686,1,87.1
13687,5,129.88
13688,6,13.59
13689,10,160.75
13690,7,182.01
13691,2,67.83
13692,9,218.64
13693,2,490.14
13694,7,494.95
13695,1,310.22
13696,10,149.65
13697,5,252.55
13698,4,314.29
13699,10,356.27
13700,4,239.05
13701,6,162.41
13702,3,157.04
13703,6,495.16
13704,10,37.34
13705,3,198.92
13706,2,337.02
13707,2,23.31
13708,4,165.97
13709,6,312.09
13710,3,377.18
13711,10,495.14
13712,1,320.74
13713,3,128.51
13714,7,358.45
13715,7,295.71
13716,7,303.97
13717,3,289.23
13718,4,123.54
13719,7,55.7
13720,5,55.5
13721,2,316.31
13722,9,393.39
13723,4,308.33
13724,1,419.53
13725,4,393.89
13726,5,72.14
13727,3,154.09
13728,7,218.07
13729,3,261.07
13730,4,142.38
13731,4,108.77
13732,5,340.53
13733,9,306.21
13734,4,136.1
13735,8,191.75
13736,9,196.81
13737,10,134.66
13738,1,258.79
13739,6,407.85
13740,3,149.3
13741,9,96.53
13742,10,472.91
13743,9,171.59
13744,1,230.39
13745,4,176.61
13746,1,293.03
13747,6,89.91
13748,9,320.46
13749,9,405.41
13750,6,308.3
13751,8,423.33
13752,1,131.88
13753,7,405.27
13754,10,438.08
13755,7,148.86
13756,4,168.13
13757,2,421.36
13758,8,208.38
13759,1,136.72
13760,2,403.26
13761,9,108.69
13762,1,383.39
13763,10,176.71
13764,3,279.73
13765,8,114.01
13766,5,493.12
13767,10,326.08
13768,7,263.01
13769,7,220.55
13770,10,274.06
13771,10,136.52
13772,1,210.21
13773,2,234.21
13774,1,437.37
13775,7,296.28
13776,2,424.68
13777,10,225.75
13778,2,49.59
13779,4,401.23
13780,5,400.1
13781,8,60.29
13782,7,245.41
13783,6,215.23
13784,6,10.03
13785,6,47.52
13786,9,216.96
13787,1,346.25
13788,7,250.78
13789,5,137.77
13790,3,110.16
13791,4,485.13
13792,6,309.24
13793,7,291.99
13794,6,19.14
13795,5,168.86
13796,1,326.4
13797,7,210.18
13798,10,397.58
13799,4,247.39
13800,5,32.32
13801,5,451.61
13802,9,222.97
13803,8,417.41
13804,9,298.04
13805,6,402.75
13806,2,157.32
13807,1,423.8
13808,6,37.29
13809,4,274.07
13810,8,219.64
13811,3,380.23
13812,5,261.94
13813,2,318.3
13814,4,263.48
13815,5,290.76
13816,7,431.13
13817,1,338.87
13818,4,168.31
13819,6,118.16
13820,2,20.65
13821,2,426.58
13822,3,225.24
13823,10,194.91
13824,6,51.19
13825,10,327.78
13826,1,381.96
13827,9,431.23
13828,3,454.21
13829,8,235.24
13830,9,194.26
13831,8,33.9
13832,4,199.77
13833,7,81.87
13834,4,376.21
13835,4,134.33
13836,5,113.53
13837,10,136.5
13838,9,392.63
13839,7,376.13
13840,4,123.99
13841,9,45.25
13842,3,106.13
13843,6,225.47
13844,7,53.5
13845,1,229.76
13846,4,420.72
13847,8,157.71
13848,6,235.88
13849,7,94.8
13850,7,446.19
13851,7,130.05
13852,7,227.8
13853,6,351.34
13854,9,310.98
13855,9,458.27
13856,10,249.31
13857,8,139.83
13858,8,483.43
13859,6,310.51
13860,5,328.53
13861,5,421.26
13862,6,77.79
13863,6,425.74
13864,8,377.45
13865,5,440.31
13866,1,481.53
13867,4,243.34
13868,8,215.75
13869,8,147.88
13870,5,437.34
13871,1,479.57
13872,8,216.41
13873,6,49.45
13874,10,228.12
13875,4,156.04
13876,2,165.37
13877,8,385.6
13878,4,39.1
13879,10,38.51
13880,1,325.24
13881,1,289.78
13882,5,371.85
13883,7,192.57
13884,6,365.73
13885,3,128.66
13886,5,363.95
13887,6,129.64
13888,6,330.8
13889,7,189.07
13890,6,477.38
13891,4,433.81
13892,3,471.33
13893,7,492.09
13894,1,432.23
13895,1,137.51
13896,1,429.18
13897,10,371.06
13898,2,39.37
13899,4,409.32
13900,10,494.9
13901,6,413.99
13902,2,48.55
13903,10,255.91
13904,10,370.44
13905,6,496.87
13906,2,278.33
13907,6,256.17
13908,8,395.9
13909,5,206.88
13910,2,162.86
13911,5,240.49
13912,7,462.43
13913,9,324.99
13914,7,260.45
13915,1,147.53
13916,8,369.21
13917,7,205.95
13918,7,278.3
13919,3,357.0
13920,1,372.78
13921,3,190.74
13922,6,489.2
13923,10,193.71
13924,9,324.53
13925,2,145.35
13926,3,353.68
13927,4,11.77
13928,3,291.38
13929,3,253.23
13930,5,429.13
13931,6,146.34
13932,8,343.4
13933,10,272.16
13934,3,458.17
13935,2,134.15
13936,6,42.94
13937,2,270.65
13938,7,25.79
13939,8,160.69
13940,4,114.47
13941,10,420.62
13942,5,232.35
13943,9,176.4
13944,5,233.05
13945,5,415.53
13946,1,102.11
13947,10,138.6
13948,2,18.18
13949,3,459.0
13950,4,393.71
13951,8,326.12
13952,6,496.13
13953,9,458.73
13954,7,212.67
13955,8,244.74
13956,2,109.86
13957,4,460.15
13958,2,257.69
13959,4,14.24
13960,6,261.92
13961,4,141.09
13962,7,388.5
13963,9,409.21
13964,6,112.92
13965,10,468.48
13966,9,188.69
13967,3,349.95
13968,8,279.68
13969,6,178.43
13970,10,405.3
13971,1,406.33
13972,9,158.76
13973,2,459.17
13974,9,489.81
13975,6,186.89
13976,9,421.36
13977,2,194.63
13978,6,381.37
13979,3,115.41
13980,4,471.81
13981,2,297.92
13982,5,270.92
13983,10,54.93
13984,1,368.85
13985,4,480.65
13986,2,411.37
13987,7,102.65
13988,3,354.75
13989,3,162.76
13990,3,60.37
13991,10,439.39
13992,10,237.02
13993,4,489.26
13994,1,421.8
13995,2,94.96
13996,9,164.05
13997,8,453.26
13998,5,54.43
13999,2,154.9
14000,7,53.18
14001,4,51.09
14002,6,187.6
14003,1,476.61
14004,6,119.49
14005,4,38.85
14006,5,155.45
14007,8,226.07
14008,2,339.14
14009,2,447.91
14010,10,499.91
14011,7,186.68
14012,9,158.51
14013,6,166.69
14014,7,373.3
14015,7,126.32
14016,5,169.51
14017,5,68.64
14018,9,373.57
14019,3,302.84
14020,2,79.27
14021,10,430.27
14022,10,140.78
14023,3,36.99
14024,5,345.37
14025,10,459.51
14026,2,21.22
14027,2,459.68
14028,7,491.28
14029,7,348.11
14030,2,18.46
14031,9,321.86
14032,3,335.44
14033,3,402.03
14034,2,208.2
14035,3,214.53
14036,9,463.28
14037,3,346.64
14038,8,184.36
14039,7,93.54
14040,7,419.47
14041,10,391.76
14042,3,24.93
14043,4,319.4
14044,8,290.74
14045,2,375.42
14046,1,179.18
14047,4,78.18
14048,6,251.22
14049,3,280.12
14050,8,34.09
14051,4,87.37
14052,1,32.85
14053,8,457.31
14054,5,283.84
14055,10,251.74
14056,3,134.5
14057,4,282.69
14058,2,80.93
14059,6,53.3
14060,6,101.27
14061,1,172.28
14062,9,443.45
14063,1,356.18
14064,3,457.63
14065,9,205.72
14066,7,31.52
14067,9,24.05
14068,3,138.45
14069,7,393.76
14070,5,444.34
14071,5,231.07
14072,7,349.37
14073,10,483.36
14074,1,361.83
14075,1,136.02
14076,2,320.94
14077,10,257.48
14078,7,202.15
14079,5,110.08
14080,2,451.28
14081,6,317.23
14082,6,221.39
14083,3,118.07
14084,9,251.15
14085,9,464.11
14086,8,366.72
14087,7,180.32
14088,10,315.49
14089,4,46.29
14090,7,332.91
14091,1,214.18
14092,3,443.67
14093,3,423.24
14094,1,443.51
14095,2,401.69
14096,4,282.45
14097,1,461.83
14098,8,417.05
14099,5,336.05
14100,8,452.25
14101,2,379.3
14102,10,17.56
14103,9,18.17
14104,6,69.41
14105,5,429.85
14106,9,297.56
14107,6,367.63
14108,9,92.56
14109,10,152.03
14110,2,298.67
14111,2,137.21
14112,10,368.23
14113,6,124.35
14114,8,72.79
14115,4,298.38
14116,2,479.08
14117,7,242.37
14118,1,411.84
14119,6,367.07
14120,3,332.18
14121,7,251.78
14122,9,135.37
14123,9,381.98
14124,7,409.2
14125,9,376.63
14126,7,419.01
14127,6,196.2
14128,3,300.57
14129,3,190.1
14130,9,335.14
14131,3,267.51
14132,3,361.28
14133,1,382.47
14134,2,268.2
14135,3,130.28
14136,4,30.45
14137,9,261.98
14138,7,272.24
14139,5,343.94
14140,7,247.63
14141,7,323.18
14142,9,19.05
14143,7,146.49
14144,9,117.22
14145,5,369.69
14146,10,169.47
14147,10,242.72
14148,3,48.88
14149,6,321.73
14150,2,469.44
14151,6,449.64
14152,6,303.85
14153,3,462.65
14154,10,249.39
14155,9,357.18
14156,5,52.62
14157,2,355.82
14158,5,485.66
14159,7,345.11
14160,3,219.99
14161,6,382.7
14162,2,397.06
14163,10,251.58
14164,5,173.98
14165,5,310.43
14166,6,395.69
14167,2,386.08
14168,7,162.23
14169,2,309.57
14170,8,269.4
14171,7,126.42
14172,1,457.62
14173,1,287.21
14174,4,181.97
14175,9,410.91
14176,1,419.18
14177,7,394.3
14178,1,52.07
14179,6,292.05
14180,3,94.55
14181,5,80.85
14182,9,147.57
14183,9,398.02
14184,4,159.6
14185,10,92.02
14186,7,211.0
14187,1,288.19
14188,9,385.48
14189,7,330.9
14190,1,477.91
14191,9,485.71
14192,5,13.97
14193,4,106.3
14194,5,281.24
14195,2,420.87
14196,6,436.53
14197,8,376.4
14198,6,399.33
14199,9,205.57
14200,8,61.12
14201,6,169.89
14202,5,214.25
14203,1,179.07
14204,10,85.58
14205,7,30.04
14206,7,247.43
14207,5,466.38
14208,7,320.17
14209,3,252.93
14210,1,318.27
14211,4,203.59
14212,5,315.78
14213,2,62.47
14214,3,358.19
14215,6,210.3
14216,3,403.48
14217,6,371.55
14218,3,490.75
14219,6,485.23
14220,4,282.97
14221,1,340.05
14222,8,176.69
14223,6,279.02
14224,2,457.95
14225,7,99.37
14226,5,116.6
14227,10,191.68
14228,8,324.26
14229,5,151.4
14230,7,11.24
14231,9,308.66
14232,1,417.28
14233,6,50.27
14234,10,351.51
14235,2,307.5
14236,2,233.48
14237,6,191.46
14238,3,290.57
14239,5,156.48
14240,5,305.97
14241,3,176.14
14242,2,220.43
14243,5,313.76
14244,3,264.81
14245,4,263.5
14246,6,334.85
14247,8,143.34
14248,8,222.84
14249,7,392.26
14250,10,449.97
14251,8,19.18
14252,6,158.47
14253,10,139.03
14254,4,322.94
14255,5,119.1
14256,7,273.15
14257,8,59.91
14258,7,402.34
14259,3,475.87
14260,1,416.73
14261,5,386.16
14262,1,248.57
14263,4,156.24
14264,2,179.43
14265,6,300.93
14266,8,71.24
14267,1,335.36
14268,2,70.3
14269,6,325.29
14270,8,232.88
14271,4,385.58
14272,10,480.86
14273,4,334.97
14274,5,350.17
14275,8,75.41
14276,6,471.87
14277,8,481.34
14278,6,206.63
14279,2,119.39
14280,5,327.6
14281,8,161.42
14282,7,271.64
14283,6,239.12
14284,10,335.94
14285,3,126.52
14286,3,272.84
14287,6,181.26
14288,1,418.66
14289,10,395.02
14290,6,248.13
14291,10,157.69
14292,8,187.44
14293,9,57.88
14294,7,207.2
14295,3,395.83
14296,9,388.97
14297,5,317.75
14298,2,390.58
14299,7,92.15
14300,4,373.42
14301,5,227.58
14302,5,18.94
14303,2,133.3
14304,10,498.57
14305,8,320.46
14306,2,134.7
14307,8,338.03
14308,8,362.98
14309,4,487.35
14310,2,282.43
14311,6,290.23
14312,1,263.92
14313,4,254.66
14314,5,192.7
14315,7,28.17
14316,8,22.45
14317,10,414.08
14318,2,19.45
14319,8,180.49
14320,1,332.94
14321,1,381.41
14322,8,377.36
14323,7,235.41
14324,5,291.57
14325,8,276.07
14326,10,97.27
14327,9,163.17
14328,2,204.96
14329,3,63.82
14330,6,293.37
14331,4,335.65
14332,10,217.87
14333,7,341.66
14334,6,499.13
14335,7,248.54
14336,4,190.33
14337,6,354.58
14338,10,209.68
14339,8,38.32
14340,3,75.09
14341,9,115.06
14342,2,483.85
14343,4,402.41
14344,2,379.11
14345,10,13.58
14346,5,102.89
14347,10,239.37
14348,5,90.83
14349,5,488.03
14350,4,221.78
14351,4,163.69
14352,10,212.88
14353,2,475.84
14354,5,264.88
14355,1,106.05
14356,1,335.45
14357,8,340.04
14358,4,404.25
14359,7,423.31
14360,9,408.74
14361,7,413.94
14362,9,95.31
14363,6,98.92
14364,7,126.27
14365,8,406.79
14366,5,356.7
14367,2,79.33
14368,9,433.35
14369,9,201.27
14370,10,60.81
14371,3,339.39
14372,4,400.41
14373,3,47.02
14374,3,167.91
14375,3,404.5
14376,2,462.4
14377,10,249.72
14378,9,288.13
14379,3,423.02
14380,10,433.92
14381,7,488.61
14382,6,231.24
14383,5,318.3
14384,5,195.0
14385,6,353.03
14386,3,193.64
14387,6,147.28
14388,2,63.59
14389,2,400.67
14390,9,336.21
14391,6,51.81
14392,7,461.47
14393,4,260.49
14394,1,346.7
14395,3,38.39
14396,9,414.51
14397,9,59.13
14398,10,116.03
14399,7,261.37
14400,2,273.16
14401,5,432.36
14402,2,137.48
14403,3,91.25
14404,2,137.91
14405,9,129.48
14406,4,168.59
14407,1,450.71
14408,2,100.45
14409,3,275.43
14410,7,15.59
14411,1,259.0
14412,7,460.87
14413,8,454.89
14414,1,368.83
14415,1,495.78
14416,8,223.39
14417,9,126.25
14418,8,194.84
14419,10,192.86
14420,8,216.32
14421,8,347.63
14422,2,321.89
14423,3,479.65
14424,8,82.17
14425,5,277.34
14426,9,203.43
14427,1,331.82
14428,2,255.49
14429,10,118.96
14430,4,444.16
14431,3,199.69
14432,5,330.63
14433,7,135.78
14434,7,238.96
14435,2,298.52
14436,2,206.63
14437,6,361.78
14438,4,308.52
14439,1,199.58
14440,5,400.08
14441,10,26.26
14442,10,362.47
14443,8,326.13
14444,4,156.2
14445,6,409.03
14446,2,355.53
14447,10,230.81
14448,1,70.46
14449,2,371.32
14450,6,283.74
14451,2,102.04
14452,9,79.68
14453,7,237.63
14454,1,236.56
14455,3,67.75
14456,6,461.91
14457,2,303.2
14458,7,367.03
14459,6,476.77
14460,7,399.99
14461,3,95.37
14462,7,289.98
14463,1,279.7
14464,9,233.19
14465,5,262.06
14466,3,433.77
14467,10,123.63
14468,6,277.17
14469,9,415.5
14470,4,344.4
14471,10,323.0
14472,1,210.04
14473,8,127.26
14474,6,427.13
14475,8,162.63
14476,5,194.92
14477,4,388.03
14478,6,69.84
14479,3,369.86
14480,5,33.07
14481,2,83.77
14482,9,129.83
14483,2,289.96
14484,6,261.48
14485,10,356.2
14486,10,293.31
14487,4,176.05
14488,10,232.36
14489,8,465.18
14490,2,429.94
14491,1,104.2
14492,6,211.29
14493,8,454.7
14494,10,158.7
14495,3,134.29
14496,7,12.36
14497,2,481.96
14498,5,275.03
14499,4,382.78
14500,9,299.39
14501,4,127.14
14502,7,283.72
14503,2,380.47
14504,8,384.34
14505,7,234.18
14506,7,430.28
14507,1,200.01
14508,4,161.98
14509,10,401.53
14510,8,341.4
14511,4,422.95
14512,8,382.55
14513,1,121.55
14514,3,139.46
14515,7,376.72
14516,8,173.33
14517,8,449.11
14518,5,497.33
14519,6,66.99
14520,1,158.08
14521,5,449.48
14522,1,297.46
14523,8,365.43
14524,4,423.41
14525,9,55.44
14526,6,199.64
14527,6,424.11
14528,3,246.99
14529,8,301.23
14530,10,446.59
14531,6,410.64
14532,5,403.35
14533,7,417.66
14534,2,62.68
14535,8,477.15
14536,10,241.6
14537,5,441.75
14538,6,152.07
14539,6,214.98
14540,8,83.43
14541,10,397.22
14542,3,91.55
14543,10,112.94
14544,9,175.55
14545,1,381.52
14546,10,15.1
14547,9,136.33
14548,7,268.93
14549,6,373.41
14550,1,423.0
14551,7,364.55
14552,10,99.18
14553,7,43.16
14554,9,74.79
14555,7,393.08
14556,8,26.55
14557,8,442.74
14558,8,225.13
14559,6,239.51
14560,4,289.06
14561,7,80.71
14562,4,253.53
14563,10,100.03
14564,8,44.18
14565,2,37.04
14566,8,382.05
14567,6,70.37
14568,9,302.57
14569,3,101.84
14570,1,209.36
14571,3,150.84
14572,3,123.6
14573,4,35.42
14574,3,115.68
14575,10,465.25
14576,5,147.16
14577,1,395.87
14578,1,418.91
14579,7,287.34
14580,5,356.78
14581,1,205.43
14582,6,330.64
14583,4,177.1
14584,9,441.18
14585,6,391.48
14586,10,159.71
14587,3,257.87
14588,4,246.37
14589,1,26.17
14590,7,432.13
14591,5,134.37
14592,9,174.8
14593,9,244.65
14594,6,130.25
14595,2,481.3
14596,9,393.82
14597,5,91.69
14598,6,481.91
14599,3,269.41
14600,1,168.75
14601,8,211.0
14602,5,485.61
14603,6,173.18
14604,1,245.04
14605,7,279.82
14606,8,276.73
14607,1,342.58
14608,1,122.06
14609,10,475.97
14610,3,69.95
14611,2,459.36
14612,1,451.96
14613,2,314.5
14614,6,284.49
14615,7,462.03
14616,10,390.09
14617,3,274.57
14618,8,287.27
14619,8,88.14
14620,9,253.56
14621,2,133.28
14622,3,404.73
14623,10,187.52
14624,7,95.1
14625,2,242.21
14626,10,202.23
14627,5,66.28
14628,1,124.88
14629,3,275.53
14630,9,13.25
14631,1,19.5
14632,2,353.78
14633,3,268.26
14634,5,175.85
14635,2,83.53
14636,1,82.1
14637,3,368.01
14638,1,50.31
14639,8,186.82
14640,6,474.09
14641,2,205.19
14642,9,254.16
14643,3,332.69
14644,2,37.22
14645,5,208.84
14646,3,438.48
14647,6,328.61
14648,1,392.16
14649,6,93.85
14650,10,229.19
14651,5,93.7
14652,1,122.61
14653,7,37.15
14654,9,455.19
14655,6,153.25
14656,9,466.68
14657,4,108.81
14658,10,484.12
14659,9,476.65
14660,3,452.02
14661,9,115.92
14662,9,356.54
14663,1,218.86
14664,2,433.57
14665,6,228.26
14666,10,85.23
14667,3,206.65
14668,2,141.27
14669,9,177.7
14670,2,314.27
14671,8,13.41
14672,6,31.7
14673,2,287.09
14674,8,308.56
14675,8,337.96
14676,1,312.54
14677,6,46.07
14678,3,32.65
14679,9,85.82
14680,6,71.9
14681,4,355.47
14682,10,230.48
14683,1,417.36
14684,10,327.25
14685,4,379.44
14686,10,176.83
14687,3,300.76
14688,2,178.4
14689,6,458.1
14690,2,47.89
14691,4,403.02
14692,8,50.81
14693,10,90.79
14694,1,452.98
14695,8,173.78
14696,8,158.32
14697,2,497.51
14698,5,458.22
14699,5,285.03
14700,8,415.1
14701,10,211.9
14702,7,73.84
14703,10,49.07
14704,9,126.49
14705,2,97.13
14706,10,476.71
14707,8,366.53
14708,4,382.27
14709,7,357.06
14710,8,245.21
14711,5,155.56
14712,5,106.8
14713,6,431.36
14714,10,449.4
14715,9,252.75
14716,10,487.5
14717,7,187.33
14718,2,175.4
14719,7,378.81
14720,5,119.17
14721,9,434.61
14722,1,419.11
14723,10,458.74
14724,1,383.82
14725,4,142.4
14726,9,327.16
14727,5,71.43
14728,8,294.78
14729,7,480.89
14730,1,363.29
14731,10,150.67
14732,10,42.25
14733,6,246.64
14734,8,213.45
14735,5,440.7
14736,7,197.15
14737,3,71.69
14738,5,301.01
14739,1,118.2
14740,10,123.16
14741,10,382.63
14742,5,462.25
14743,1,457.06
14744,6,82.67
14745,4,63.28
14746,2,378.55
14747,3,411.6
14748,7,162.26
14749,2,136.73
14750,6,216.34
14751,1,440.61
14752,2,265.63
14753,3,460.02
14754,4,116.54
14755,6,309.3
14756,5,229.7
14757,5,90.16
14758,10,273.96
14759,4,418.69
14760,6,312.06
14761,7,456.68
14762,8,395.88
14763,2,491.64
14764,4,432.89
14765,1,396.93
14766,3,221.33
14767,3,373.46
14768,8,367.01
14769,4,207.32
14770,1,30.93
14771,4,80.19
14772,10,17.79
14773,1,354.55
14774,1,221.84
14775,8,209.22
14776,5,157.54
14777,8,256.59
14778,4,422.6
14779,6,165.87
14780,1,360.06
14781,5,96.26
14782,4,71.22
14783,10,251.43
14784,3,364.82
14785,1,370.01
14786,8,475.68
14787,5,473.58
14788,4,314.77
14789,5,478.42
14790,10,206.12
14791,1,145.82
14792,4,372.28
14793,10,433.91
14794,6,95.51
14795,8,283.39
14796,4,173.84
14797,4,131.58
14798,9,58.32
14799,4,130.67
14800,8,123.9
14801,6,131.79
14802,4,34.73
14803,4,217.32
14804,2,424.12
14805,3,153.63
14806,8,467.37
14807,1,320.44
14808,9,193.41
14809,8,87.07
14810,4,122.77
14811,1,168.86
14812,2,205.88
14813,3,131.78
14814,3,170.06
14815,1,248.86
14816,2,189.16
14817,6,168.89
14818,8,36.53
14819,10,478.45
14820,5,320.68
14821,1,143.96
14822,3,448.73
14823,5,473.69
14824,7,159.72
14825,2,300.93
14826,3,191.95
14827,6,429.37
14828,3,167.16
14829,9,402.38
14830,1,471.28
14831,9,46.93
14832,2,423.8
14833,6,452.68
14834,6,360.59
14835,4,367.32
14836,5,309.51
14837,5,466.48
14838,2,312.07
14839,8,63.94
14840,8,430.58
14841,6,185.39
14842,2,448.13
14843,7,221.8
14844,4,95.1
14845,9,319.58
14846,3,490.52
14847,7,130.56
14848,7,68.96
14849,7,75.72
14850,2,338.96
14851,9,332.0
14852,7,126.35
14853,3,14.54
14854,1,234.52
14855,2,163.2
14856,5,85.38
14857,6,307.49
14858,7,255.48
14859,6,337.15
14860,7,301.87
14861,8,439.86
14862,5,103.03
14863,4,349.44
14864,7,21.75
14865,9,30.6
14866,10,28.59
14867,1,48.54
14868,5,384.99
14869,7,369.04
14870,1,369.01
14871,10,82.91
14872,9,266.98
14873,9,58.1
14874,10,111.49
14875,5,401.63
14876,7,331.66
14877,7,469.75
14878,9,266.27
14879,7,483.77
14880,8,356.78
14881,6,53.41
14882,6,466.97
14883,10,32.42
14884,6,317.58
14885,10,197.09
14886,7,381.79
14887,9,381.75
14888,7,244.53
14889,9,26.79
14890,8,475.13
14891,8,86.73
14892,1,364.76
14893,9,65.01
14894,5,229.24
14895,4,234.47
14896,6,215.79
14897,1,238.39
14898,4,366.3
14899,1,480.12
14900,4,34.36
14901,7,305.79
14902,9,382.52
14903,10,318.12
14904,10,191.9
14905,5,179.87
14906,5,307.71
14907,4,211.71
14908,2,137.5
14909,8,139.08
14910,1,472.47
14911,7,268.16
14912,7,230.23
14913,2,435.51
14914,6,383.8
14915,2,51.16
14916,5,183.62
14917,1,182.04
14918,10,399.85
14919,7,111.54
14920,5,131.98
14921,2,256.85
14922,8,112.66
14923,3,17.97
14924,1,76.0
14925,9,419.1
14926,6,219.98
14927,4,127.71
14928,8,354.72
14929,8,399.35
14930,1,341.73
14931,2,195.48
14932,9,245.71
14933,10,393.55
14934,7,62.79
14935,5,278.28
14936,3,16.18
14937,2,80.35
14938,1,77.86
14939,6,478.1
14940,5,175.14
14941,1,332.51
14942,6,154.94
14943,1,258.57
14944,1,336.25
14945,10,460.02
14946,4,288.33
14947,8,206.72
14948,8,126.08
14949,9,244.37
14950,5,194.98
14951,7,115.13
14952,4,401.18
14953,5,131.88
14954,4,388.5
14955,1,23.47
14956,10,48.94
14957,4,163.31
14958,10,160.53
14959,4,493.1
14960,8,348.9
14961,5,62.11
14962,10,287.53
14963,7,163.91
14964,5,212.52
14965,7,84.78
14966,10,253.3
14967,4,186.02
14968,9,306.76
14969,7,86.81
14970,6,86.05
14971,6,319.6
14972,1,12.05
14973,3,132.41
14974,3,119.98
14975,5,29.09
14976,7,374.34
14977,8,428.03
14978,2,100.38
14979,2,333.05
14980,9,286.29
14981,1,414.77
14982,2,462.28
14983,3,388.38
14984,9,442.46
14985,1,175.04
14986,7,207.25
14987,1,357.72
14988,2,426.4
14989,4,293.77
14990,8,268.33
14991,5,387.95
14992,8,321.09
14993,1,296.01
14994,7,401.83
14995,7,50.62
14996,3,242.08
14997,10,168.25
14998,9,407.05
14999,5,158.35
15000,3,17.26
15001,3,401.63
15002,5,350.1
15003,3,133.02
15004,9,419.83
15005,4,364.85
15006,4,435.47
15007,4,236.39
15008,5,189.83
15009,4,472.08
15010,2,457.57
15011,1,350.77
15012,7,342.73
15013,10,407.96
15014,5,396.11
15015,10,383.49
15016,10,210.29
15017,7,51.78
15018,5,232.56
15019,2,437.95
15020,10,418.32
15021,2,417.1
15022,10,404.08
15023,10,71.35
15024,6,425.03
15025,7,478.64
15026,10,80.08
15027,5,365.88
15028,7,284.5
15029,4,151.84
15030,1,118.02
15031,2,147.64
15032,4,380.25
15033,9,60.79
15034,9,320.41
15035,5,14.76
15036,6,461.6
15037,4,86.72
15038,2,228.02
15039,10,337.57
15040,5,162.79
15041,1,256.14
15042,7,10.67
15043,5,398.27
15044,7,232.09
15045,5,333.69
15046,9,234.8
15047,4,43.91
15048,4,61.24
15049,6,383.83
15050,7,143.17
15051,8,71.32
15052,3,234.29
15053,8,303.83
15054,1,232.95
15055,5,23.39
15056,4,430.35
15057,8,140.11
15058,10,317.42
15059,10,461.34
15060,9,230.39
15061,10,471.86
15062,4,308.14
15063,4,202.66
15064,10,151.58
15065,3,409.75
15066,7,482.1
15067,2,12.11
15068,7,18.29
15069,3,219.05
15070,8,181.79
15071,2,354.38
15072,9,32.28
15073,8,463.48
15074,7,128.3
15075,1,49.79
15076,9,305.25
15077,6,154.71
15078,2,91.21
15079,4,204.12
15080,7,466.2
15081,1,40.1
15082,8,152.39
15083,9,206.0
15084,10,157.15
15085,9,195.5
15086,10,409.99
15087,10,143.1
15088,5,263.21
15089,8,15.94
15090,4,208.59
15091,2,22.42
15092,1,461.46
15093,8,400.99
15094,1,379.21
15095,8,248.28
15096,4,330.38
15097,6,291.32
15098,5,301.8
15099,4,409.78
15100,1,227.63
15101,2,64.22
15102,2,226.75
15103,10,354.71
15104,7,417.75
15105,1,146.24
15106,1,93.41
15107,2,141.34
15108,5,52.2
15109,6,173.75
15110,10,217.21
15111,5,121.45
15112,4,336.14
15113,9,158.49
15114,10,367.9
15115,6,193.27
15116,3,122.12
15117,2,245.22
15118,1,411.09
15119,4,186.49
15120,1,439.45
15121,1,162.45
15122,10,295.97
15123,7,316.99
15124,6,115.08
15125,7,361.64
15126,10,244.04
15127,8,125.33
15128,8,116.06
15129,10,435.84
15130,7,350.29
15131,3,143.79
15132,8,361.65
15133,3,465.26
15134,4,398.46
15135,9,413.11
15136,9,194.3
15137,6,485.18
15138,4,419.44
15139,3,434.22
15140,7,281.17
15141,2,137.78
15142,2,495.61
15143,4,144.0
15144,4,397.61
15145,8,459.53
15146,7,225.76
15147,1,220.91
15148,6,188.28
15149,2,244.07
15150,4,414.13
15151,8,307.69
15152,2,441.61
15153,2,200.4
15154,6,22.0
15155,10,283.07
15156,4,467.89
15157,6,377.56
15158,7,158.11
15159,4,411.61
15160,9,350.04
15161,8,17.63
15162,5,334.68
15163,6,186.7
15164,1,425.01
15165,4,303.66
15166,4,132.76
15167,3,242.96
15168,2,364.91
15169,7,204.79
15170,10,482.79
15171,6,167.86
15172,10,418.54
15173,1,171.34
15174,10,462.72
15175,7,492.61
15176,1,33.48
15177,2,394.05
15178,2,336.94
15179,1,50.75
15180,6,217.82
15181,7,44.5
15182,10,235.24
15183,9,136.38
15184,5,484.29
15185,10,317.13
15186,2,78.26
15187,2,429.15
15188,1,32.97
15189,9,260.88
15190,4,270.12
15191,5,336.34
15192,7,417.78
15193,10,35.1
15194,9,427.82
15195,8,72.65
15196,4,46.05
15197,5,336.0
15198,9,71.19
15199,8,474.86
15200,4,317.78
15201,7,429.48
15202,6,485.02
15203,7,44.4
15204,3,71.96
15205,2,388.33
15206,9,278.01
15207,3,20.29
15208,4,377.82
15209,9,366.35
15210,7,412.75
15211,2,245.54
15212,2,322.66
15213,4,415.95
15214,3,102.9
15215,5,384.64
15216,7,307.7
15217,7,258.3
15218,6,457.4
15219,10,299.62
15220,7,425.33
15221,7,144.22
15222,4,82.2
15223,10,336.55
15224,10,369.74
15225,3,488.98
15226,3,396.31
15227,9,83.1
15228,7,404.47
15229,2,95.65
15230,10,127.8
15231,10,137.42
15232,10,288.16
15233,3,468.78
15234,6,100.65
15235,10,213.09
15236,5,136.49
15237,9,146.43
15238,4,402.7
15239,7,385.7
15240,9,223.15
15241,2,437.33
15242,2,46.45
15243,4,118.19
15244,7,136.18
15245,10,356.69
15246,1,167.03
15247,8,244.66
15248,6,165.46
15249,6,300.98
15250,1,387.75
15251,7,352.31
15252,3,392.2
15253,9,244.67
15254,10,35.54
15255,6,292.79
15256,3,17.75
15257,5,477.72
15258,4,239.3
15259,2,212.1
15260,7,203.68
15261,1,116.02
15262,4,168.76
15263,5,45.51
15264,1,95.85
15265,6,178.9
15266,10,298.82
15267,8,239.52
15268,4,363.53
15269,10,105.83
15270,6,488.61
15271,10,164.77
15272,6,43.05
15273,3,134.88
15274,8,142.02
15275,2,46.01
15276,8,340.95
15277,7,481.96
15278,8,15.81
15279,9,218.59
15280,6,202.54
15281,8,432.79
15282,2,60.67
15283,6,474.56
15284,5,367.84
15285,3,110.59
15286,1,400.28
15287,9,31.05
15288,7,478.56
15289,1,374.13
15290,9,352.72
15291,10,482.36
15292,5,497.17
15293,9,78.26
15294,8,119.35
15295,3,401.69
15296,1,445.11
15297,9,267.13
15298,2,94.16
15299,8,122.47
15300,7,490.98
15301,5,276.94
15302,3,100.11
15303,8,75.53
15304,2,312.42
15305,1,279.7
15306,3,276.94
15307,5,416.51
15308,2,224.06
15309,3,250.13
15310,7,383.4
15311,4,318.32
15312,6,42.45
15313,10,368.37
15314,6,183.21
15315,2,345.37
15316,1,18.98
15317,6,443.65
15318,1,261.5
15319,10,158.75
15320,9,386.61
15321,3,73.12
15322,3,111.92
15323,1,16.3
15324,7,15.26
15325,8,75.97
15326,4,167.9
15327,3,375.45
15328,9,123.15
15329,4,338.14
15330,3,439.81
15331,5,106.77
15332,8,172.14
15333,4,291.41
15334,7,386.08
15335,3,426.22
15336,9,24.77
15337,10,64.81
15338,7,357.64
15339,4,70.74
15340,7,309.99
15341,9,240.91
15342,5,14.53
15343,4,430.48
15344,5,193.17
15345,5,41.5
15346,1,200.87
15347,7,201.57
15348,10,237.51
15349,1,346.03
15350,5,152.17
15351,6,280.64
15352,2,171.31
15353,2,250.0
15354,5,79.92
15355,7,416.77
15356,3,262.7
15357,10,73.5
15358,2,68.32
15359,1,165.75
15360,1,330.56
15361,7,311.48
15362,7,58.37
15363,4,69.86
15364,3,357.09
15365,6,88.3
15366,4,351.19
15367,3,333.72
15368,9,468.37
15369,6,256.58
15370,9,104.62
15371,8,327.48
15372,5,125.16
15373,5,372.68
15374,5,253.5
15375,7,95.43
15376,6,375.61
15377,4,301.95
15378,1,388.08
15379,2,66.75
15380,6,390.38
15381,6,166.48
15382,7,419.06
15383,8,228.21
15384,9,280.56
15385,3,206.91
15386,4,50.4
15387,8,145.42
15388,10,19.15
15389,4,19.74
15390,6,403.15
15391,9,446.54
15392,9,13.43
15393,10,240.74
15394,9,221.57
15395,5,415.14
15396,3,97.26
15397,4,190.31
15398,6,480.22
15399,5,333.77
15400,6,302.17
15401,3,32.15
15402,6,286.13
15403,8,167.38
15404,8,303.8
15405,2,62.42
15406,4,394.77
15407,10,400.77
15408,4,18.98
15409,5,381.71
15410,8,211.72
15411,3,226.65
15412,5,169.32
15413,2,53.0
15414,7,10.28
15415,10,489.66
15416,6,484.31
15417,10,237.73
15418,1,401.02
15419,2,440.32
15420,3,98.95
15421,4,108.69
15422,9,301.61
15423,7,39.79
15424,9,105.92
15425,8,221.99
15426,2,73.65
15427,9,321.45
15428,9,297.49
15429,4,13.45
15430,8,147.57
15431,2,372.83
15432,4,367.96
15433,10,306.11
15434,8,292.88
15435,10,72.06
15436,2,320.37
15437,6,351.01
15438,1,457.06
15439,4,113.51
15440,8,376.6
15441,9,341.55
15442,3,261.55
15443,9,431.78
15444,9,204.32
15445,2,277.59
15446,5,390.21
15447,10,239.03
15448,4,35.06
15449,10,14.19
15450,1,240.43
15451,8,297.82
15452,10,295.37
15453,10,426.33
15454,5,393.1
15455,6,236.65
15456,5,436.08
15457,5,145.78
15458,1,231.43
15459,10,453.76
15460,3,374.47
15461,3,198.94
15462,6,149.56
15463,4,155.88
15464,8,416.87
15465,10,63.47
15466,7,25.19
15467,5,132.25
15468,10,329.61
15469,9,112.56
15470,10,262.71
15471,10,372.98
15472,8,408.06
15473,10,483.4
15474,6,258.08
15475,6,230.72
15476,4,461.75
15477,8,171.63
15478,9,45.3
15479,8,267.86
15480,4,495.58
15481,1,249.51
15482,4,37.83
15483,8,329.56
15484,2,405.12
15485,8,238.19
15486,7,56.02
15487,4,164.99
15488,1,324.54
15489,1,251.05
15490,9,116.78
15491,10,86.79
15492,4,106.71
15493,9,167.56
15494,1,125.79
15495,4,210.31
15496,10,305.97
15497,3,477.43
15498,6,344.24
15499,1,366.74
15500,4,52.63
15501,3,465.55
15502,7,164.38
15503,3,234.71
15504,6,350.23
15505,6,406.34
15506,5,315.3
15507,3,138.62
15508,1,102.3
15509,3,130.38
15510,8,248.78
15511,5,217.7
15512,10,171.57
15513,1,296.73
15514,6,163.84
15515,6,350.48
15516,1,457.49
15517,3,28.01
15518,7,65.64
15519,5,46.09
15520,7,487.44
15521,5,469.14
15522,6,286.16
15523,8,401.61
15524,2,385.33
15525,2,280.0
15526,4,464.31
15527,10,55.69
15528,3,244.03
15529,1,422.94
15530,6,24.54
15531,7,60.65
15532,3,92.74
15533,3,454.11
15534,9,328.06
15535,1,188.69
15536,5,148.81
15537,9,350.54
15538,4,338.89
15539,5,191.78
15540,6,407.53
15541,6,294.51
15542,1,71.77
15543,7,114.0
15544,6,220.06
15545,8,254.23
15546,9,306.8
15547,5,462.24
15548,4,123.72
15549,3,249.2
15550,4,292.51
15551,10,40.24
15552,7,27.33
15553,9,97.19
15554,4,206.15
15555,7,363.23
15556,3,474.54
15557,7,446.0
15558,10,18.51
15559,3,83.34
15560,10,227.62
15561,6,341.5
15562,7,61.05
15563,10,28.19
15564,8,21.64
15565,2,478.53
15566,2,94.6
15567,1,111.53
15568,4,133.9
15569,10,26.25
15570,7,303.57
15571,3,457.06
15572,7,99.34
15573,2,280.1
15574,4,346.07
15575,4,298.2
15576,2,372.91
15577,3,293.22
15578,7,393.77
15579,10,81.89
15580,1,426.55
15581,4,22.2
15582,2,88.21
15583,7,30.64
15584,1,449.88
15585,3,443.39
15586,9,124.26
15587,8,227.79
15588,5,99.1
15589,1,164.62
15590,10,284.23
15591,8,370.32
15592,9,445.68
15593,3,446.43
15594,3,40.45
15595,4,83.86
15596,9,416.99
15597,1,480.39
15598,3,216.48
15599,10,281.17
15600,5,136.76
15601,7,189.18
15602,10,168.78
15603,5,250.62
15604,1,423.87
15605,7,411.05
15606,1,326.9
15607,5,225.58
15608,5,459.24
15609,6,96.67
15610,8,116.58
15611,9,238.23
15612,5,239.94
15613,9,454.01
15614,5,16.91
15615,1,407.13
15616,10,143.57
15617,6,244.49
15618,8,389.96
15619,1,497.06
15620,2,79.72
15621,10,261.84
15622,10,232.34
15623,3,277.42
15624,3,205.45
15625,1,399.83
15626,3,261.2
15627,3,447.85
15628,2,356.65
15629,7,136.01
15630,8,23.15
15631,6,105.98
15632,8,46.52
15633,9,471.34
15634,1,174.0
15635,7,275.95
15636,1,399.5
15637,2,348.09
15638,7,195.22
15639,8,485.01
15640,10,420.68
15641,2,80.73
15642,10,266.61
15643,2,441.26
15644,5,75.43
15645,6,126.73
15646,6,339.4
15647,5,50.77
15648,7,397.98
15649,2,292.63
15650,2,488.78
15651,9,343.65
15652,9,19.66
15653,8,11.35
15654,2,240.93
15655,9,391.93
15656,7,248.09
15657,2,189.84
15658,1,244.97
15659,2,365.02
15660,1,240.93
15661,5,38.53
15662,4,120.22
15663,9,293.7
15664,8,302.58
15665,8,352.7
15666,5,212.02
15667,1,170.49
15668,2,54.88
15669,10,463.33
15670,1,341.38
15671,1,409.47
15672,8,282.08
15673,6,23.76
15674,3,15.79
15675,1,82.81
15676,5,287.02
15677,3,346.18
15678,4,354.63
15679,10,96.06
15680,2,15.86
15681,3,313.85
15682,8,188.59
15683,10,397.37
15684,8,141.82
15685,8,340.48
15686,6,323.6
15687,10,216.91
15688,10,434.86
15689,8,376.6
15690,5,417.39
15691,3,179.81
15692,7,334.92
15693,10,384.14
15694,5,337.79
15695,3,37.52
15696,2,208.19
15697,2,181.12
15698,4,226.0
15699,1,471.17
15700,6,55.53
15701,4,126.79
15702,10,386.0
15703,8,396.81
15704,7,373.36
15705,10,229.17
15706,9,66.45
15707,7,385.89
15708,1,420.37
15709,6,178.32
15710,2,406.08
15711,8,157.58
15712,1,401.97
15713,9,156.15
15714,7,262.94
15715,2,144.77
15716,10,310.01
15717,9,38.57
15718,6,256.62
15719,3,148.79
15720,1,340.18
15721,8,135.19
15722,6,23.14
15723,10,293.0
15724,7,112.46
15725,5,193.2
15726,4,165.5
15727,8,370.95
15728,2,57.61
15729,2,54.36
15730,1,456.41
15731,9,192.25
15732,2,481.46
15733,5,211.08
15734,7,449.56
15735,10,281.41
15736,6,302.26
15737,3,47.42
15738,6,415.11
15739,7,67.71
15740,4,35.63
15741,8,364.37
15742,4,328.91
15743,9,14.07
15744,1,443.53
15745,3,331.75
15746,7,139.7
15747,6,311.94
15748,8,334.72
15749,3,14.24
15750,6,155.29
15751,3,413.09
15752,9,436.17
15753,8,461.48
15754,9,433.59
15755,10,79.04
15756,2,428.39
15757,5,240.54
15758,5,308.34
15759,9,147.22
15760,5,199.43
15761,5,95.51
15762,4,468.38
15763,2,246.07
15764,9,460.24
15765,8,493.47
15766,3,49.5
15767,7,48.48
15768,3,254.53
15769,9,33.24
15770,5,178.63
15771,3,314.53
15772,3,217.67
15773,7,313.64
15774,9,264.05
15775,10,232.95
15776,9,267.12
15777,8,172.02
15778,5,171.4
15779,5,442.9
15780,5,483.57
15781,4,146.04
15782,2,459.85
15783,3,363.8
15784,10,495.65
15785,4,213.81
15786,1,348.72
15787,10,223.13
15788,8,173.11
15789,2,494.06
15790,10,112.31
15791,7,448.95
15792,9,305.38
15793,2,85.06
15794,5,422.33
15795,9,150.31
15796,5,244.47
15797,4,216.75
15798,6,209.49
15799,2,490.78
15800,7,281.65
15801,7,76.69
15802,3,353.6
15803,4,435.23
15804,1,483.38
15805,8,23.83
15806,7,174.29
15807,5,264.05
15808,6,484.22
15809,2,195.6
15810,3,356.21
15811,8,321.48
15812,5,128.22
15813,1,114.46
15814,8,480.51
15815,3,406.13
15816,8,43.03
15817,7,321.51
15818,3,149.29
15819,8,437.38
15820,6,215.0
15821,2,401.9
15822,2,73.73
15823,2,112.76
15824,1,250.86
15825,3,283.22
15826,8,274.4
15827,1,454.02
15828,7,48.01
15829,5,179.89
15830,9,172.35
15831,7,194.59
15832,6,222.17
15833,5,49.15
15834,1,90.97
15835,9,343.52
15836,3,175.91
15837,2,469.69
15838,9,355.4
15839,7,222.07
15840,1,456.55
15841,6,418.75
15842,10,143.53
15843,10,461.95
15844,10,267.73
15845,5,96.05
15846,9,446.38
15847,9,495.17
15848,8,442.88
15849,6,85.52
15850,4,48.83
15851,4,421.47
15852,3,409.1
15853,9,282.19
15854,8,54.67
15855,3,112.71
15856,3,459.8
15857,4,435.06
15858,7,266.25
15859,5,72.12
15860,8,465.44
15861,8,277.12
15862,3,219.46
15863,9,354.19
15864,6,101.21
15865,3,269.3
15866,7,490.96
15867,4,83.28
15868,9,497.03
15869,8,229.93
15870,4,417.27
15871,8,485.28
15872,1,209.28
15873,9,121.5
15874,4,140.32
15875,6,408.5
15876,6,245.37
15877,6,446.45
15878,3,104.51
15879,3,430.8
15880,8,254.86
15881,1,37.41
15882,6,114.35
15883,9,184.66
15884,10,240.21
15885,1,471.34
15886,8,118.11
15887,3,93.41
15888,6,409.75
15889,8,462.16
15890,1,162.96
15891,3,396.44
15892,1,384.02
15893,3,172.22
15894,6,152.27
15895,7,265.39
15896,4,490.74
15897,8,447.26
15898,8,328.13
15899,5,61.09
15900,7,243.57
15901,9,273.34
15902,2,186.25
15903,10,216.45
15904,5,205.87
15905,8,124.09
15906,7,422.29
15907,6,196.26
15908,1,155.54
15909,5,262.3
15910,5,375.6
15911,7,254.74
15912,4,111.54
15913,3,315.56
15914,2,482.77
15915,3,148.88
15916,10,171.84
15917,9,237.97
15918,8,24.21
15919,7,446.67
15920,4,341.92
15921,5,470.61
15922,10,421.75
15923,5,479.85
15924,7,144.55
15925,8,212.16
15926,9,301.37
15927,4,38.99
15928,3,472.59
15929,1,120.44
15930,4,292.2
15931,1,349.97
15932,4,363.46
15933,9,254.41
15934,7,80.45
15935,4,131.4
15936,7,279.36
15937,1,167.03
15938,9,389.78
15939,2,28.71
15940,1,473.86
15941,6,411.12
15942,4,233.95
15943,4,169.78
15944,8,20.38
15945,8,250.59
15946,9,385.8
15947,2,499.01
15948,7,189.25
15949,7,333.42
15950,6,236.71
15951,10,337.22
15952,5,183.19
15953,8,176.91
15954,6,309.69
15955,6,488.37
15956,1,446.61
15957,6,449.31
15958,4,347.28
15959,7,75.66
15960,2,227.12
15961,5,261.83
15962,5,449.81
15963,9,119.89
15964,6,471.61
15965,6,74.18
15966,6,80.27
15967,1,471.78
15968,9,326.17
15969,9,90.37
15970,2,203.24
15971,6,57.18
15972,2,309.03
15973,3,55.34
15974,6,250.8
15975,5,166.64
15976,1,403.88
15977,1,396.85
15978,3,242.06
15979,7,384.87
15980,5,236.98
15981,1,261.32
15982,9,79.33
15983,1,102.39
15984,6,344.77
15985,4,94.43
15986,2,395.03
15987,5,440.25
15988,5,14.71
15989,3,295.55
15990,7,124.44
15991,1,292.18
15992,2,96.25
15993,2,413.14
15994,1,187.23
15995,3,183.26
15996,10,165.32
15997,10,39.95
15998,1,148.33
15999,8,307.81
16000,5,53.38
16001,4,453.08
16002,6,158.22
16003,1,52.31
16004,10,52.61
16005,2,109.93
16006,5,373.1
16007,4,138.37
16008,9,357.93
16009,8,43.64
16010,4,304.41
16011,10,221.88
16012,3,447.32
16013,7,277.96
16014,2,100.96
16015,4,152.27
16016,3,66.83
16017,2,83.86
16018,3,313.43
16019,4,256.23
16020,4,29.32
16021,5,300.11
16022,5,284.64
16023,3,312.85
16024,10,34.86
16025,9,325.92
16026,2,293.41
16027,7,157.99
16028,6,87.31
16029,2,414.01
16030,2,341.29
16031,10,27.69
16032,3,44.35
16033,4,104.17
16034,7,482.47
16035,4,56.11
16036,3,124.42
16037,7,441.69
16038,7,249.64
16039,5,487.16
16040,2,456.53
16041,2,15.56
16042,4,348.48
16043,10,55.2
16044,2,445.05
16045,8,152.38
16046,6,408.44
16047,1,64.89
16048,4,393.04
16049,1,384.09
16050,4,143.49
16051,5,300.29
16052,7,23.63
16053,8,47.54
16054,9,242.63
16055,7,179.02
16056,8,232.35
16057,3,185.47
16058,8,84.49
16059,2,414.5
16060,4,67.66
16061,1,419.27
16062,8,480.24
16063,9,366.76
16064,2,329.64
16065,1,164.57
16066,8,488.51
16067,1,477.51
16068,10,309.91
16069,4,39.61
16070,7,436.13
16071,1,16.7
16072,10,307.69
16073,7,457.86
16074,7,204.63
16075,10,130.33
16076,3,493.54
16077,4,116.92
16078,8,39.04
16079,8,62.97
16080,6,266.23
16081,1,392.86
16082,10,252.78
16083,2,144.43
16084,1,284.12
16085,4,132.33
16086,4,156.14
16087,1,401.55
16088,7,175.45
16089,9,391.37
16090,5,149.8
16091,9,349.81
16092,9,104.42
16093,3,129.27
16094,6,303.89
16095,1,421.96
16096,8,101.39
16097,9,426.95
16098,6,457.53
16099,3,346.09
16100,9,473.32
16101,5,184.47
16102,2,113.67
16103,2,448.14
16104,7,393.04
16105,4,460.48
16106,9,432.35
16107,4,219.9
16108,9,284.79
16109,4,278.42
16110,8,105.77
16111,10,422.18
16112,4,81.23
16113,4,270.63
16114,1,136.47
16115,4,211.49
16116,8,188.41
16117,5,212.51
16118,5,263.46
16119,8,472.43
16120,5,58.15
16121,4,250.64
16122,2,73.83
16123,7,121.71
16124,8,173.13
16125,3,291.79
16126,8,205.82
16127,2,137.47
16128,9,157.94
16129,9,60.68
16130,5,134.0
16131,2,191.24
16132,3,276.58
16133,5,358.56
16134,7,446.9
16135,2,212.89
16136,7,67.95
16137,5,199.49
16138,1,431.28
16139,7,47.3
16140,9,307.71
16141,7,376.77
16142,1,393.52
16143,6,176.49
16144,5,195.75
16145,6,455.79
16146,3,373.34
16147,9,485.19
16148,7,258.21
16149,5,463.2
16150,4,254.92
16151,2,494.43
16152,1,107.22
16153,5,319.62
16154,6,147.6
16155,6,425.32
16156,6,340.54
16157,7,24.04
16158,4,496.31
16159,2,55.43
16160,7,325.33
16161,3,84.57
16162,3,478.67
16163,9,194.44
16164,10,241.07
16165,5,346.62
16166,2,329.3
16167,8,374.43
16168,4,201.38
16169,9,123.56
16170,6,332.48
16171,1,471.73
16172,6,420.49
16173,8,20.52
16174,10,104.9
16175,1,392.64
16176,10,291.06
16177,7,344.65
16178,6,26.24
16179,2,44.12
16180,7,403.73
16181,5,429.5
16182,1,127.87
16183,9,317.9
16184,9,143.28
16185,8,408.35
16186,1,17.64
16187,7,94.63
16188,8,464.7
16189,6,359.14
16190,10,174.34
16191,2,159.39
16192,3,301.02
16193,6,134.99
16194,10,376.93
16195,7,292.28
16196,5,77.71
16197,2,490.68
16198,8,422.86
16199,6,423.92
16200,3,242.58
16201,3,255.24
16202,1,65.0
16203,2,327.7
16204,8,110.3
16205,5,235.87
16206,5,351.59
16207,6,296.69
16208,4,163.39
16209,2,409.9
16210,4,279.89
16211,3,217.06
16212,9,306.96
16213,2,346.56
16214,1,35.98
16215,8,16.25
16216,9,483.32
16217,2,71.47
16218,10,149.1
16219,6,229.75
16220,2,371.46
16221,4,30.07
16222,5,438.24
16223,10,157.85
16224,5,54.03
16225,5,95.13
16226,4,163.56
16227,6,389.2
16228,9,108.98
16229,4,246.86
16230,9,406.74
16231,6,431.13
16232,8,291.15
16233,9,71.1
16234,4,33.66
16235,3,213.13
16236,6,195.39
16237,8,475.79
16238,8,56.97
16239,2,177.41
16240,9,73.65
16241,2,419.54
16242,8,480.3
16243,9,397.29
16244,5,45.76
16245,1,248.94
16246,10,69.2
16247,7,68.44
16248,5,467.18
16249,5,134.74
16250,2,484.24
16251,10,429.57
16252,4,39.57
16253,10,234.16
16254,5,94.51
16255,5,437.85
16256,8,114.31
16257,9,459.45
16258,6,485.33
16259,3,128.18
16260,8,485.54
16261,9,340.6
16262,8,234.66
16263,1,239.69
16264,9,444.8
16265,3,176.91
16266,3,173.82
16267,2,86.84
16268,9,415.87
16269,9,484.77
16270,3,209.03
16271,10,486.08
16272,1,311.11
16273,7,211.85
16274,1,82.72
16275,7,186.69
16276,4,279.16
16277,4,416.18
16278,6,235.09
16279,7,160.65
16280,9,75.46
16281,2,386.58
16282,1,416.26
16283,4,344.6
16284,8,14.72
16285,10,422.96
16286,1,229.04
16287,4,248.83
16288,1,268.59
16289,9,378.39
16290,7,460.33
16291,7,378.22
16292,10,120.15
16293,1,254.37
16294,1,289.61
16295,9,124.94
16296,9,142.95
16297,3,339.47
16298,7,250.94
16299,5,275.0
16300,7,467.6
16301,3,311.69
16302,6,39.04
16303,8,401.24
16304,5,407.92
16305,7,165.16
16306,3,219.26
16307,7,186.62
16308,5,54.01
16309,10,259.82
16310,9,60.45
16311,10,143.01
16312,8,292.92
16313,1,430.96
16314,1,104.98
16315,6,384.71
16316,3,39.89
16317,7,487.73
16318,7,309.61
16319,4,38.59
16320,3,424.13
16321,7,335.02
16322,5,179.2
16323,6,476.7
16324,4,128.35
16325,10,456.16
16326,1,499.56
16327,8,379.21
16328,5,390.02
16329,1,368.9
16330,4,174.16
16331,7,262.32
16332,3,327.18
16333,5,237.84
16334,8,190.37
16335,3,177.87
16336,9,108.05
16337,10,300.84
16338,1,40.31
16339,6,421.88
16340,4,205.73
16341,7,304.23
16342,4,105.12
16343,8,222.89
16344,4,496.53
16345,3,83.23
16346,6,351.6
16347,3,388.93
16348,9,123.13
16349,3,448.65
16350,4,253.67
16351,3,101.26
16352,10,111.87
16353,1,124.21
16354,4,361.56
16355,1,13.38
16356,10,162.98
16357,4,132.98
16358,1,110.16
16359,8,15.46
16360,4,103.63
16361,4,344.57
16362,9,444.75
16363,9,113.17
16364,5,189.9
16365,2,72.66
16366,8,446.52
16367,1,142.0
16368,4,225.55
16369,10,266.64
16370,6,378.84
16371,2,243.98
16372,7,289.97
16373,7,274.77
16374,7,154.94
16375,6,160.51
16376,3,56.97
16377,8,336.19
16378,9,397.86
16379,8,314.15
16380,3,223.19
16381,1,168.37
16382,3,318.33
16383,8,107.13
16384,10,220.05
16385,9,187.7
16386,4,138.91
16387,3,267.82
16388,9,114.56
16389,10,28.63
16390,10,233.84
16391,10,239.69
16392,9,432.63
16393,4,49.35
16394,6,21.2
16395,3,56.36
16396,9,193.32
16397,10,413.89
16398,7,482.34
16399,6,391.89
16400,1,72.61
16401,1,204.1
16402,7,439.71
16403,9,208.35
16404,1,207.6
16405,8,119.35
16406,5,252.16
16407,8,55.87
16408,5,416.13
16409,10,342.48
16410,7,130.84
16411,9,295.95
16412,10,53.62
16413,1,123.24
16414,6,100.75
16415,3,429.69
16416,7,92.76
16417,2,169.37
16418,10,382.09
16419,4,454.7
16420,8,154.53
16421,10,341.57
16422,7,121.65
16423,10,136.01
16424,6,459.31
16425,5,13.54
16426,9,285.81
16427,6,396.06
16428,5,213.23
16429,7,391.56
16430,6,107.21
16431,8,38.52
16432,8,116.43
16433,1,83.31
16434,2,17.69
16435,3,370.79
16436,8,470.61
16437,7,339.03
16438,4,344.62
16439,3,181.95
16440,7,331.84
16441,8,110.4
16442,3,93.31
16443,4,149.69
16444,9,231.49
16445,10,114.78
16446,2,218.78
16447,7,12.49
16448,2,294.33
16449,1,305.57
16450,5,278.87
16451,7,204.2
16452,1,376.42
16453,4,488.32
16454,3,212.54
16455,5,462.75
16456,8,389.04
16457,9,444.42
16458,4,335.59
16459,9,185.13
16460,6,318.75
16461,5,54.77
16462,7,399.53
16463,10,338.74
16464,10,106.94
16465,2,460.04
16466,5,458.49
16467,6,322.87
16468,9,62.65
16469,5,181.53
16470,8,409.16
16471,5,215.05
16472,10,419.34
16473,5,457.94
16474,4,347.45
16475,4,274.39
16476,9,442.27
16477,6,74.08
16478,10,24.7
16479,6,200.61
16480,6,460.01
16481,2,281.03
16482,8,275.74
16483,5,372.67
16484,8,54.38
16485,9,461.96
16486,9,256.2
16487,8,143.99
16488,5,183.83
16489,10,411.51
16490,9,166.27
16491,4,256.65
16492,7,87.29
16493,6,38.3
16494,4,32.09
16495,10,326.01
16496,7,147.41
16497,10,476.63
16498,3,139.96
16499,4,156.1
16500,4,185.58
16501,9,208.79
16502,6,96.63
16503,2,101.47
16504,2,346.15
16505,7,25.77
16506,4,257.16
16507,2,12.5
16508,9,32.05
16509,6,435.21
16510,7,314.73
16511,7,219.31
16512,5,297.83
16513,1,113.85
16514,7,137.18
16515,5,235.18
16516,10,70.04
16517,2,218.75
16518,3,96.94
16519,6,31.7
16520,4,366.24
16521,7,352.39
16522,6,280.11
16523,7,357.98
16524,2,322.85
16525,1,30.78
16526,5,70.09
16527,9,305.07
16528,4,116.17
16529,3,424.1
16530,7,360.18
16531,7,10.62
16532,4,262.66
16533,6,377.11
16534,1,92.0
16535,6,394.85
16536,8,104.58
16537,9,15.67
16538,1,43.6
16539,5,407.22
16540,8,56.39
16541,9,55.39
16542,6,283.88
16543,7,376.36
16544,2,302.89
16545,10,288.42
16546,10,66.81
16547,7,316.48
16548,6,27.73
16549,6,174.66
16550,10,56.5
16551,10,119.08
16552,10,211.77
16553,8,49.93
16554,7,399.53
16555,8,47.63
16556,1,272.77
16557,5,309.06
16558,3,302.75
16559,4,356.5
16560,9,454.51
16561,6,18.46
16562,2,304.08
16563,2,85.31
16564,10,117.8
16565,3,46.37
16566,4,146.93
16567,6,89.96
16568,3,30.62
16569,5,30.26
16570,1,472.4
16571,4,244.22
16572,2,468.46
16573,8,253.05
16574,9,282.28
16575,7,85.7
16576,8,134.89
16577,1,200.44
16578,2,43.46
16579,3,453.51
16580,3,363.2
16581,4,459.26
16582,7,300.04
16583,6,472.16
16584,7,165.82
16585,2,92.33
16586,2,281.64
16587,1,417.42
16588,2,275.6
16589,2,336.94
16590,3,433.11
16591,4,438.65
16592,10,423.44
16593,4,105.88
16594,3,169.03
16595,10,438.66
16596,9,386.8
16597,10,363.12
16598,3,39.19
16599,3,118.37
16600,5,409.84
16601,6,304.02
16602,9,332.47
16603,9,353.55
16604,2,424.45
16605,10,354.91
16606,2,289.65
16607,7,431.49
16608,1,483.77
16609,6,25.11
16610,3,53.64
16611,3,379.72
16612,4,398.38
16613,1,264.24
16614,7,395.15
16615,2,471.3
16616,9,386.65
16617,5,135.0
16618,7,421.52
16619,9,353.72
16620,10,254.79
16621,2,135.76
16622,9,421.98
16623,5,218.18
16624,6,139.17
16625,10,438.89
16626,1,411.91
16627,1,299.41
16628,6,416.03
16629,9,27.02
16630,3,349.23
16631,8,138.52
16632,7,221.78
16633,9,118.01
16634,10,322.46
16635,6,290.03
16636,1,248.68
16637,3,308.11
16638,5,48.31
16639,3,335.93
16640,1,152.27
16641,6,232.61
16642,8,454.77
16643,3,164.94
16644,4,340.5
16645,9,150.95
16646,7,378.85
16647,10,51.93
16648,10,405.15
16649,4,32.0
16650,7,469.7
16651,5,252.73
16652,9,490.4
16653,7,70.5
16654,5,339.43
16655,7,446.17
16656,6,295.4
16657,1,76.03
16658,7,73.44
16659,8,479.08
16660,2,69.27
16661,7,199.6
16662,9,205.52
16663,1,386.32
16664,5,302.41
16665,3,142.33
16666,7,439.3
16667,10,459.57
16668,7,246.73
16669,1,71.22
16670,6,195.45
16671,8,375.55
16672,5,31.95
16673,2,449.45
16674,8,476.4
16675,4,52.5
16676,3,167.92
16677,5,97.86
16678,4,176.7
16679,6,415.62
16680,7,417.26
16681,1,265.29
16682,9,420.47
16683,5,304.1
16684,2,231.78
16685,2,187.36
16686,1,176.34
16687,3,14.04
16688,6,455.01
16689,4,171.92
16690,2,102.32
16691,2,262.37
16692,6,460.09
16693,1,171.4
16694,10,122.67
16695,3,128.68
16696,3,365.54
16697,2,13.25
16698,2,442.76
16699,10,142.73
16700,5,445.66
16701,4,365.51
16702,5,455.3
16703,2,147.71
16704,1,405.65
16705,9,463.86
16706,8,260.88
16707,5,350.39
16708,4,343.65
16709,8,439.22
16710,8,299.95
16711,9,84.05
16712,5,32.11
16713,3,57.37
16714,2,219.27
16715,9,82.16
16716,2,116.34
16717,10,470.76
16718,9,49.6
16719,2,330.04
16720,1,403.97
16721,10,197.6
16722,5,89.69
16723,7,178.46
16724,8,264.47
16725,10,379.86
16726,7,407.28
16727,6,187.19
16728,8,231.31
16729,5,390.39
16730,6,434.75
16731,7,114.47
16732,5,256.11
16733,9,80.42
16734,8,413.74
16735,3,164.14
16736,5,376.45
16737,3,323.3
16738,4,170.2
16739,2,450.53
16740,9,342.99
16741,3,281.23
16742,6,32.57
16743,4,133.37
16744,6,122.9
16745,9,101.48
16746,8,87.83
16747,5,226.28
16748,8,223.22
16749,7,357.21
16750,9,72.97
16751,9,485.24
16752,5,167.27
16753,9,228.91
16754,3,37.25
16755,8,163.57
16756,2,345.17
16757,4,361.22
16758,7,282.17
16759,10,102.9
16760,6,390.8
16761,3,204.1
16762,2,331.77
16763,1,245.57
16764,5,358.82
16765,2,135.89
16766,5,117.74
16767,2,17.46
16768,7,49.99
16769,5,184.18
16770,10,396.34
16771,10,197.16
16772,5,182.74
16773,8,162.83
16774,4,114.63
16775,10,399.89
16776,8,57.38
16777,2,344.93
16778,6,121.12
16779,4,444.71
16780,10,467.09
16781,3,314.89
16782,10,239.03
16783,2,22.32
16784,1,375.69
16785,5,120.88
16786,5,303.88
16787,8,188.51
16788,9,353.5
16789,9,361.3
16790,2,369.49
16791,9,258.23
16792,8,260.75
16793,1,474.53
16794,3,66.65
16795,10,299.47
16796,8,307.43
16797,4,233.61
16798,4,262.33
16799,8,452.48
16800,10,435.07
16801,4,115.05
16802,3,92.02
16803,4,436.76
16804,6,139.38
16805,1,465.4
16806,8,16.75
16807,8,111.3
16808,2,490.47
16809,9,116.99
16810,7,282.23
16811,5,235.32
16812,8,135.36
16813,8,18.82
16814,7,198.65
16815,6,207.09
16816,1,339.38
16817,8,195.04
16818,3,89.41
16819,9,427.72
16820,2,434.07
16821,3,395.85
16822,9,72.26
16823,10,416.21
16824,4,430.77
16825,9,213.52
16826,9,90.87
16827,9,397.17
16828,8,75.5
16829,5,357.07
16830,4,303.36
16831,4,426.74
16832,5,363.74
16833,6,325.49
16834,7,289.26
16835,1,451.07
16836,7,333.47
16837,7,25.91
16838,5,276.11
16839,4,56.31
16840,4,133.66
16841,5,110.74
16842,6,265.32
16843,5,293.36
16844,9,54.87
16845,9,332.33
16846,7,182.23
16847,3,483.77
16848,3,67.99
16849,7,377.19
16850,8,283.09
16851,2,242.18
16852,1,160.4
16853,4,396.75
16854,5,316.7
16855,9,56.48
16856,7,366.04
16857,10,181.31
16858,6,371.68
16859,9,405.18
16860,6,290.63
16861,5,91.79
16862,10,130.9
16863,10,379.81
16864,2,112.2
16865,7,104.78
16866,7,174.86
16867,8,96.86
16868,7,236.0
16869,9,251.26
16870,8,189.39
16871,4,186.83
16872,9,218.32
16873,4,418.39
16874,5,53.76
16875,5,499.23
16876,2,296.56
16877,4,389.47
16878,9,21.51
16879,9,329.66
16880,5,97.79
16881,8,428.93
16882,4,108.24
16883,10,16.36
16884,8,426.27
16885,2,188.03
16886,1,26.25
16887,2,50.18
16888,10,62.07
16889,5,267.59
16890,1,160.83
16891,3,377.2
16892,7,486.19
16893,8,313.05
16894,2,138.16
16895,10,305.82
16896,2,11.24
16897,9,475.87
16898,2,402.11
16899,7,390.9
16900,5,414.5
16901,10,19.09
16902,10,289.64
16903,2,177.89
16904,8,119.84
16905,1,196.9
16906,10,469.92
16907,7,236.28
16908,4,199.68
16909,3,489.13
16910,10,341.04
16911,2,32.08
16912,3,383.22
16913,8,98.79
16914,5,119.62
16915,3,38.0
16916,9,401.23
16917,10,287.29
16918,3,448.94
16919,6,314.02
16920,8,60.74
16921,6,187.34
16922,8,312.85
16923,3,386.43
16924,8,238.78
16925,2,66.66
16926,6,161.04
16927,10,56.98
16928,8,341.2
16929,4,316.42
16930,3,367.78
16931,7,12.26
16932,10,217.77
16933,6,209.09
16934,9,347.05
16935,9,215.85
16936,2,27.12
16937,9,178.08
16938,10,242.4
16939,6,255.47
16940,8,432.38
16941,10,153.74
16942,4,474.96
16943,4,496.5
16944,7,144.17
16945,8,35.02
16946,7,108.37
16947,8,203.85
16948,8,332.35
16949,6,301.32
16950,5,370.32
16951,9,227.78
16952,7,198.66
16953,5,411.44
16954,5,486.5
16955,2,180.95
16956,4,144.79
16957,8,454.49
16958,6,327.41
16959,3,134.06
16960,6,128.26
16961,8,93.13
16962,1,283.99
16963,5,342.82
16964,9,309.46
16965,6,440.46
16966,10,136.76
16967,1,126.14
16968,6,147.03
16969,1,388.7
16970,8,267.24
16971,6,122.49
16972,4,107.37
16973,9,192.22
16974,7,294.37
16975,3,363.59
16976,2,131.36
16977,10,196.09
16978,9,31.02
16979,5,407.6
16980,1,242.61
16981,8,112.43
16982,5,52.81
16983,1,363.64
16984,7,117.03
16985,5,420.83
16986,6,60.65
16987,3,209.73
16988,9,122.93
16989,9,231.46
16990,10,221.62
16991,4,446.52
16992,7,238.97
16993,7,140.57
16994,7,433.25
16995,1,131.34
16996,3,452.68
16997,4,412.9
16998,10,313.47
16999,5,64.62
17000,10,81.85
17001,1,357.27
17002,10,149.0
17003,2,36.15
17004,2,20.36
17005,8,223.74
17006,8,404.06
17007,2,344.21
17008,10,170.67
17009,7,156.52
17010,9,138.56
17011,8,243.13
17012,8,109.07
17013,4,497.96
17014,1,219.29
17015,5,133.29
17016,6,229.12
17017,6,142.1
17018,8,268.77
17019,4,428.96
17020,1,473.46
17021,6,337.65
17022,3,210.85
17023,3,382.66
17024,1,365.84
17025,9,240.48
17026,7,380.55
17027,1,245.63
17028,9,343.3
17029,2,471.31
17030,10,99.34
17031,7,462.0
17032,4,289.29
17033,3,101.93
17034,8,134.24
17035,10,325.86
17036,9,483.04
17037,2,352.94
17038,4,455.52
17039,4,254.13
17040,9,228.49
17041,6,459.17
17042,9,391.47
17043,1,249.75
17044,2,381.66
17045,7,424.06
17046,6,68.36
17047,1,411.15
17048,5,30.01
17049,1,483.15
17050,9,110.44
17051,9,343.56
17052,5,226.27
17053,5,261.02
17054,4,404.71
17055,4,134.61
17056,6,236.6
17057,7,465.55
17058,6,333.37
17059,1,435.31
17060,5,313.89
17061,8,100.5
17062,1,311.03
17063,4,67.67
17064,8,281.5
17065,9,129.98
17066,7,403.76
17067,5,130.4
17068,2,219.73
17069,9,169.55
17070,10,256.26
17071,5,474.6
17072,5,445.49
17073,9,285.36
17074,10,451.49
17075,10,115.65
17076,4,497.97
17077,1,235.97
17078,6,223.5
17079,6,85.71
17080,10,316.25
17081,1,70.86
17082,6,87.89
17083,1,450.48
17084,10,474.31
17085,10,207.08
17086,4,117.28
17087,10,413.04
17088,3,456.02
17089,6,426.35
17090,7,182.79
17091,1,489.45
17092,1,225.68
17093,10,67.5
17094,6,144.84
17095,1,404.11
17096,8,112.16
17097,3,22.62
17098,3,434.53
17099,10,185.07
17100,2,283.63
17101,6,12.15
17102,5,72.73
17103,2,335.51
17104,9,78.62
17105,1,381.45
17106,7,467.31
17107,3,405.8
17108,1,157.47
17109,2,393.06
17110,1,287.64
17111,1,455.68
17112,6,155.69
17113,5,357.32
17114,4,458.46
17115,6,227.3
17116,8,304.0
17117,4,297.59
17118,9,471.17
17119,3,142.74
17120,6,322.66
17121,6,125.98
17122,2,193.63
17123,2,272.53
17124,8,81.22
17125,4,384.7
17126,3,223.93
17127,5,427.46
17128,10,183.97
17129,2,257.18
17130,3,436.7
17131,6,326.8
17132,7,389.26
17133,9,334.08
17134,2,174.91
17135,6,299.96
17136,4,36.28
17137,9,70.73
17138,7,366.69
17139,10,170.89
17140,5,138.28
17141,9,232.21
17142,2,340.85
17143,6,17.3
17144,5,261.12
17145,5,296.75
17146,2,443.54
17147,6,371.18
17148,9,290.33
17149,5,151.17
17150,5,30.12
17151,6,23.11
17152,7,301.87
17153,6,179.87
17154,6,304.65
17155,4,190.45
17156,6,259.07
17157,2,430.81
17158,9,380.75
17159,3,335.38
17160,8,224.93
17161,6,157.01
17162,8,317.52
17163,8,143.04
17164,10,438.2
17165,6,149.1
17166,2,71.83
17167,9,229.21
17168,5,370.96
17169,4,246.44
17170,8,311.69
17171,1,251.8
17172,5,438.34
17173,6,303.92
17174,5,278.24
17175,5,288.9
17176,7,236.3
17177,5,461.79
17178,2,223.82
17179,3,106.76
17180,10,177.05
17181,7,332.91
17182,8,67.53
17183,6,188.37
17184,4,178.32
17185,1,465.76
17186,8,221.15
17187,5,315.79
17188,1,194.05
17189,2,393.3
17190,3,250.5
17191,8,204.68
17192,4,404.58
17193,5,410.35
17194,2,349.78
17195,4,145.39
17196,8,454.14
17197,1,37.38
17198,5,480.59
17199,6,282.29
17200,5,183.06
17201,10,482.08
17202,6,462.58
17203,3,479.53
17204,7,496.13
17205,4,109.73
17206,8,352.68
17207,7,213.23
17208,1,284.64
17209,10,184.5
17210,1,157.75
17211,10,54.91
17212,9,214.51
17213,1,153.91
17214,2,242.09
17215,6,456.25
17216,8,283.99
17217,3,55.81
17218,10,233.83
17219,4,119.3
17220,9,198.02
17221,1,391.43
17222,10,344.01
17223,4,436.47
17224,7,27.66
17225,10,478.28
17226,9,491.83
17227,9,181.63
17228,1,489.96
17229,1,190.59
17230,9,106.48
17231,2,55.49
17232,6,422.2
17233,3,31.42
17234,7,149.67
17235,1,309.43
17236,4,346.13
17237,4,356.73
17238,10,222.38
17239,8,297.84
17240,3,455.73
17241,4,276.24
17242,8,264.19
17243,2,284.2
17244,10,113.51
17245,5,148.83
17246,8,264.67
17247,7,388.73
17248,7,208.05
17249,5,441.53
17250,3,372.18
17251,9,123.97
17252,9,352.69
17253,3,154.03
17254,7,223.13
17255,8,146.27
17256,7,160.41
17257,1,136.25
17258,9,105.12
17259,3,383.2
17260,10,412.01
17261,7,127.41
17262,10,394.6
17263,6,263.96
17264,9,242.44
17265,5,143.59
17266,10,92.69
17267,7,267.97
17268,2,159.92
17269,5,198.17
17270,10,116.44
17271,10,312.14
17272,6,132.17
17273,6,171.84
17274,7,207.65
17275,3,106.03
17276,5,15.02
17277,3,317.04
17278,10,381.91
17279,9,469.98
17280,7,141.45
17281,10,200.41
17282,7,337.16
17283,9,41.3
17284,2,334.03
17285,9,99.21
17286,3,292.5
17287,3,129.07
17288,3,140.48
17289,9,250.42
17290,3,452.62
17291,4,239.18
17292,4,248.13
17293,9,389.03
17294,1,490.81
17295,2,109.84
17296,7,251.05
17297,5,356.35
17298,9,482.19
17299,8,255.71
17300,1,464.84
17301,6,170.65
17302,7,346.38
17303,6,341.13
17304,8,334.67
17305,6,414.58
17306,8,256.18
17307,9,341.73
17308,1,444.48
17309,6,42.88
17310,3,459.12
17311,8,329.31
17312,5,323.18
17313,10,139.34
17314,7,458.59
17315,3,238.78
17316,6,211.43
17317,5,481.44
17318,6,104.51
17319,5,401.82
17320,3,30.73
17321,5,83.95
17322,9,221.33
17323,5,233.4
17324,2,434.07
17325,3,34.85
17326,6,50.58
17327,10,55.42
17328,9,180.32
17329,1,404.19
17330,7,193.29
17331,2,125.36
17332,6,440.77
17333,9,166.56
17334,9,52.92
17335,5,494.56
17336,3,418.15
17337,10,255.35
17338,8,450.53
17339,7,358.01
17340,4,101.22
17341,8,339.09
17342,1,391.91
17343,3,111.53
17344,9,56.94
17345,7,29.87
17346,9,311.65
17347,2,370.97
17348,8,31.18
17349,6,84.04
17350,10,49.95
17351,5,181.29
17352,5,294.39
17353,7,187.31
17354,10,20.26
17355,3,241.81
17356,3,182.16
17357,10,220.32
17358,2,402.87
17359,4,165.1
17360,9,412.6
17361,1,162.93
17362,1,317.48
17363,8,368.47
17364,6,70.52
17365,1,219.77
17366,1,301.72
17367,3,449.59
17368,3,63.28
17369,9,297.96
17370,5,176.18
17371,4,413.32
17372,2,148.43
17373,8,127.21
17374,3,31.43
17375,4,50.52
17376,3,227.3
17377,4,401.93
17378,3,212.75
17379,7,182.18
17380,1,96.01
17381,4,206.84
17382,7,484.33
17383,6,259.99
17384,7,383.79
17385,5,232.31
17386,6,175.8
17387,7,233.88
17388,3,448.18
17389,4,208.54
17390,8,376.22
17391,3,232.8
17392,6,65.24
17393,1,445.74
17394,6,452.68
17395,7,279.43
17396,1,218.87
17397,1,166.41
17398,2,388.57
17399,3,50.78
17400,9,54.74
17401,7,232.28
17402,10,109.28
17403,3,486.2
17404,6,401.72
17405,4,291.43
17406,4,382.52
17407,4,18.18
17408,6,143.6
17409,5,369.7
17410,6,484.48
17411,7,172.12
17412,1,449.23
17413,10,155.43
17414,3,431.74
17415,9,121.33
17416,3,142.99
17417,7,344.87
17418,7,377.44
17419,6,317.76
17420,6,372.22
17421,10,22.03
17422,1,159.25
17423,2,168.27
17424,5,276.74
17425,1,391.74
17426,2,34.45
17427,4,103.28
17428,7,389.6
17429,4,119.89
17430,7,109.51
17431,4,13.19
17432,8,357.25
17433,6,352.95
17434,4,238.08
17435,1,11.42
17436,9,450.86
17437,2,208.75
17438,5,124.31
17439,8,26.17
17440,3,56.99
17441,8,15.25
17442,5,226.01
17443,2,411.27
17444,6,354.84
17445,10,93.11
17446,4,432.68
17447,10,374.98
17448,2,230.05
17449,9,193.31
17450,9,63.14
17451,7,306.51
17452,6,28.04
17453,10,56.25
17454,4,484.26
17455,10,127.1
17456,2,490.71
17457,6,363.34
17458,10,51.14
17459,7,307.22
17460,9,102.71
17461,2,249.18
17462,4,497.56
17463,7,150.89
17464,8,23.69
17465,10,359.56
17466,5,364.11
17467,1,199.0
17468,5,464.76
17469,6,415.74
17470,6,289.76
17471,6,238.87
17472,8,427.72
17473,7,433.85
17474,1,292.51
17475,7,98.16
17476,1,239.8
17477,6,218.44
17478,3,230.58
17479,10,334.2
17480,3,211.23
17481,3,489.31
17482,7,395.94
17483,2,69.43
17484,7,261.14
17485,1,372.36
17486,1,495.03
17487,4,223.64
17488,1,297.94
17489,2,298.89
17490,10,11.71
17491,9,42.95
17492,8,33.99
17493,4,497.39
17494,8,348.24
17495,3,268.42
17496,6,465.24
17497,9,236.3
17498,8,427.06
17499,1,51.47
17500,10,237.43
17501,7,258.2
17502,2,61.54
17503,6,219.13
17504,10,455.29
17505,5,222.67
17506,8,230.3
17507,6,481.26
17508,6,201.27
17509,10,346.06
17510,10,410.54
17511,3,28.09
17512,2,485.76
17513,6,206.62
17514,10,467.54
17515,8,400.57
17516,9,393.39
17517,10,95.61
17518,1,33.87
17519,6,61.86
17520,8,376.03
17521,9,213.87
17522,8,102.68
17523,9,69.12
17524,3,368.1
17525,8,366.2
17526,5,259.7
17527,5,254.57
17528,10,126.99
17529,10,464.97
17530,6,330.76
17531,5,115.92
17532,4,192.69
17533,10,293.56
17534,8,378.35
17535,3,181.83
17536,1,422.75
17537,10,108.07
17538,7,447.11
17539,7,323.8
17540,2,82.86
17541,8,64.85
17542,2,288.61
17543,10,291.85
17544,4,191.08
17545,1,114.31
17546,2,130.2
17547,9,244.41
17548,4,29.41
17549,7,269.88
17550,9,400.94
17551,8,193.22
17552,4,171.42
17553,6,97.19
17554,3,36.1
17555,10,341.01
17556,9,478.49
17557,5,245.23
17558,2,65.73
17559,9,87.25
17560,10,428.7
17561,10,106.51
17562,6,69.89
17563,4,289.59
17564,3,402.32
17565,3,293.71
17566,2,225.84
17567,8,260.23
17568,6,453.78
17569,1,398.68
17570,10,329.0
17571,8,193.03
17572,1,164.97
17573,8,349.43
17574,8,365.14
17575,10,48.65
17576,5,109.88
17577,3,337.97
17578,4,157.89
17579,6,111.13
17580,4,256.42
17581,2,43.67
17582,6,252.53
17583,1,429.95
17584,3,450.97
17585,8,87.38
17586,10,143.12
17587,1,369.21
17588,4,196.46
17589,6,230.85
17590,6,495.99
17591,3,442.21
17592,5,106.57
17593,10,59.21
17594,9,195.01
17595,8,488.48
17596,9,273.18
17597,6,18.12
17598,10,381.92
17599,4,389.27
17600,10,325.18
17601,5,140.35
17602,2,39.62
17603,2,17.66
17604,3,430.47
17605,10,242.23
17606,10,104.55
17607,5,422.33
17608,3,66.22
17609,1,62.33
17610,9,401.85
17611,9,277.39
17612,10,213.67
17613,10,324.34
17614,4,480.1
17615,10,130.26
17616,8,485.85
17617,6,112.97
17618,5,400.32
17619,2,59.37
17620,6,361.15
17621,1,428.99
17622,5,234.45
17623,7,36.07
17624,2,436.62
17625,7,150.28
17626,3,198.33
17627,5,417.76
17628,6,455.21
17629,5,213.95
17630,3,11.59
17631,3,481.14
17632,4,177.42
17633,5,398.59
17634,10,357.51
17635,3,80.6
17636,4,289.11
17637,1,250.19
17638,2,377.87
17639,4,336.54
17640,4,145.34
17641,7,457.4
17642,10,463.7
17643,5,241.42
17644,1,363.16
17645,1,214.39
17646,4,463.91
17647,9,428.08
17648,2,35.22
17649,10,497.65
17650,6,63.09
17651,4,175.28
17652,2,137.28
17653,2,372.7
17654,1,457.19
17655,3,152.62
17656,2,248.93
17657,7,43.01
17658,9,30.39
17659,10,175.34
17660,5,335.58
17661,2,269.1
17662,6,142.21
17663,4,116.98
17664,4,223.03
17665,6,368.1
17666,1,78.83
17667,6,490.46
17668,10,402.06
17669,2,171.08
17670,7,351.35
17671,6,280.44
17672,8,326.93
17673,2,336.82
17674,8,278.91
17675,10,39.18
17676,6,97.06
17677,5,300.4
17678,3,51.97
17679,10,432.77
17680,2,328.7
17681,3,289.51
17682,10,142.46
17683,2,152.19
17684,5,13.35
17685,2,116.04
17686,9,481.12
17687,7,451.63
17688,10,102.88
17689,2,149.41
17690,3,211.97
17691,3,12.8
17692,2,416.14
17693,1,62.96
17694,5,446.11
17695,3,35.3
17696,9,326.84
17697,5,223.56
17698,9,261.61
17699,9,201.59
17700,6,315.88
17701,9,46.31
17702,9,81.97
17703,3,470.35
17704,10,71.07
17705,7,233.96
17706,6,475.22
17707,2,457.44
17708,5,478.73
17709,10,70.64
17710,6,103.78
17711,3,362.47
17712,9,330.77
17713,2,58.2
17714,1,263.52
17715,3,116.69
17716,6,207.29
17717,9,386.08
17718,4,152.01
17719,9,132.85
17720,1,366.36
17721,3,441.89
17722,5,203.32
17723,7,243.54
17724,2,318.57
17725,3,14.91
17726,3,163.44
17727,5,87.87
17728,9,217.72
17729,1,408.64
17730,8,198.58
17731,5,388.65
17732,10,460.17
17733,4,329.39
17734,10,378.13
17735,8,323.5
17736,7,357.08
17737,8,158.17
17738,9,353.39
17739,8,248.53
17740,3,46.77
17741,8,328.64
17742,3,398.81
17743,1,20.03
17744,4,352.49
17745,6,428.69
17746,1,347.08
17747,10,360.2
17748,8,483.6
17749,3,148.99
17750,8,404.12
17751,3,178.89
17752,3,221.81
17753,5,443.83
17754,7,375.02
17755,9,300.38
17756,4,300.83
17757,8,499.06
17758,7,378.7
17759,4,294.66
17760,6,352.66
17761,4,282.22
17762,2,404.42
17763,3,399.57
17764,9,292.51
17765,7,327.57
17766,3,390.76
17767,8,279.15
17768,7,262.83
17769,8,443.47
17770,1,144.36
17771,4,182.62
17772,8,388.9
17773,4,48.75
17774,10,305.02
17775,10,125.28
17776,2,365.48
17777,10,300.65
17778,2,328.89
17779,6,132.23
17780,8,362.76
17781,6,13.35
17782,8,491.87
17783,1,252.85
17784,6,13.0
17785,9,280.27
17786,5,287.51
17787,10,308.62
17788,7,106.93
17789,6,233.47
17790,9,213.91
17791,7,71.37
17792,2,126.46
17793,1,407.81
17794,10,185.62
17795,10,392.76
17796,5,280.7
17797,6,146.17
17798,3,89.81
17799,6,295.52
17800,6,59.4
17801,4,356.91
17802,6,310.04
17803,6,154.13
17804,10,212.6
17805,6,63.77
17806,2,22.7
17807,7,253.96
17808,6,62.55
17809,4,488.89
17810,7,122.4
17811,6,369.73
17812,1,471.96
17813,6,369.65
17814,5,41.79
17815,4,253.35
17816,3,78.93
17817,5,75.81
17818,8,423.21
17819,8,435.5
17820,1,496.59
17821,4,442.92
17822,3,116.07
17823,9,64.9
17824,9,49.29
17825,2,444.55
17826,9,409.84
17827,10,377.56
17828,6,472.82
17829,5,340.63
17830,6,439.89
17831,2,44.6
17832,3,226.21
17833,6,474.52
17834,7,129.64
17835,8,446.66
17836,4,44.46
17837,5,307.1
17838,4,126.92
17839,2,449.86
17840,9,256.9
17841,3,487.25
17842,1,410.04
17843,6,392.92
17844,10,445.42
17845,1,23.11
17846,9,56.81
17847,1,129.29
17848,7,155.94
17849,6,360.48
17850,1,459.67
17851,3,43.18
17852,3,159.23
17853,5,21.63
17854,2,229.39
17855,3,263.72
17856,7,40.71
17857,9,240.59
17858,8,324.35
17859,4,100.02
17860,2,147.96
17861,10,291.23
17862,1,112.72
17863,3,481.7
17864,5,101.98
17865,5,335.5
17866,5,114.39
17867,4,160.33
17868,3,61.19
17869,7,187.0
17870,1,404.35
17871,5,423.29
17872,1,42.16
17873,5,64.16
17874,2,124.86
17875,6,173.64
17876,8,289.9
17877,3,33.19
17878,8,382.32
17879,3,345.47
17880,3,342.72
17881,10,480.45
17882,7,379.96
17883,8,73.93
17884,2,249.67
17885,2,358.28
17886,10,446.7
17887,9,471.06
17888,9,253.44
17889,9,454.05
17890,8,250.64
17891,8,370.42
17892,6,433.74
17893,4,255.05
17894,8,331.58
17895,3,397.02
17896,10,273.15
17897,9,485.77
17898,4,311.21
17899,3,30.44
17900,9,243.51
17901,1,144.71
17902,2,297.6
17903,6,177.38
17904,9,210.85
17905,9,406.16
17906,2,326.15
17907,8,415.87
17908,4,147.47
17909,9,282.21
17910,1,254.33
17911,10,332.09
17912,5,366.68
17913,1,131.51
17914,2,180.44
17915,8,404.38
17916,9,172.41
17917,4,454.51
17918,2,385.94
17919,9,322.4
17920,4,334.22
17921,3,26.15
17922,5,415.35
17923,10,103.69
17924,4,295.93
17925,8,49.76
17926,10,164.94
17927,1,472.15
17928,4,263.12
17929,7,449.24
17930,1,78.73
17931,1,372.05
17932,2,386.19
17933,4,234.73
17934,5,101.1
17935,6,185.93
17936,6,362.3
17937,4,340.15
17938,5,148.38
17939,1,230.59
17940,9,357.02
17941,7,233.46
17942,9,438.52
17943,9,486.3
17944,10,464.29
17945,3,325.73
17946,3,487.73
17947,2,383.52
17948,1,372.73
17949,8,392.02
17950,1,463.53
17951,1,386.82
17952,10,162.07
17953,2,493.71
17954,3,154.57
17955,2,347.16
17956,6,337.65
17957,9,349.5
17958,5,56.44
17959,1,476.76
17960,5,280.46
17961,7,246.9
17962,9,215.03
17963,5,82.98
17964,7,71.78
17965,5,157.3
17966,8,39.05
17967,5,285.85
17968,7,240.31
17969,2,404.55
17970,2,256.02
17971,8,391.51
17972,4,128.67
17973,6,236.99
17974,1,349.54
17975,5,119.82
17976,1,237.15
17977,3,160.9
17978,7,333.11
17979,9,287.48
17980,10,438.68
17981,5,304.35
17982,1,379.83
17983,1,137.78
17984,4,261.58
17985,2,403.37
17986,8,315.92
17987,9,467.41
17988,10,79.94
17989,7,422.33
17990,3,148.98
17991,1,148.43
17992,9,69.39
17993,4,39.0
17994,9,218.74
17995,5,130.08
17996,4,51.03
17997,5,461.94
17998,7,409.64
17999,2,259.95
18000,2,91.37
18001,6,301.39
18002,8,37.87
18003,4,142.9
18004,8,142.7
18005,3,183.51
18006,7,404.97
18007,8,155.05
18008,6,112.89
18009,3,164.45
18010,3,110.7
18011,2,412.59
18012,5,63.52
18013,2,65.64
18014,1,323.64
18015,1,195.8
18016,8,60.21
18017,7,328.31
18018,4,35.85
18019,1,186.64
18020,3,96.5
18021,5,139.74
18022,7,394.25
18023,8,330.45
18024,4,376.65
18025,6,409.99
18026,9,140.1
18027,3,164.82
18028,7,68.76
18029,7,63.25
18030,6,337.36
18031,10,289.73
18032,10,162.43
18033,3,212.41
18034,2,271.63
18035,6,164.15
18036,8,383.96
18037,6,272.3
18038,3,206.72
18039,3,362.72
18040,10,190.68
18041,9,62.17
18042,10,294.46
18043,5,484.07
18044,3,401.55
18045,3,105.48
18046,9,191.51
18047,4,414.48
18048,9,37.42
18049,4,475.01
18050,6,439.19
18051,3,258.91
18052,1,174.67
18053,8,164.91
18054,8,360.88
18055,9,53.13
18056,8,406.06
18057,6,137.03
18058,5,456.91
18059,6,98.61
18060,8,251.25
18061,8,134.02
18062,5,287.09
18063,5,399.22
18064,4,26.62
18065,7,148.33
18066,1,33.92
18067,1,199.4
18068,9,438.16
18069,3,201.19
18070,9,222.85
18071,8,188.44
18072,6,403.14
18073,8,236.69
18074,4,394.73
18075,9,182.3
18076,5,330.08
18077,7,20.14
18078,2,78.46
18079,1,444.12
18080,5,21.94
18081,3,431.26
18082,5,406.81
18083,6,368.26
18084,10,223.18
18085,2,380.28
18086,1,291.02
18087,10,428.67
18088,4,79.25
18089,5,239.68
18090,8,286.2
18091,7,476.58
18092,6,337.53
18093,2,356.26
18094,5,108.63
18095,7,389.19
18096,4,74.53
18097,1,328.05
18098,4,377.26
18099,10,155.6
18100,10,259.17
18101,9,136.74
18102,5,469.54
18103,8,282.84
18104,6,86.09
18105,4,219.42
18106,8,299.85
18107,5,289.26
18108,5,174.7
18109,5,306.2
18110,6,358.51
18111,6,422.93
18112,9,439.16
18113,3,229.83
18114,4,365.57
18115,8,357.72
18116,5,343.72
18117,3,225.33
18118,2,269.25
18119,3,426.5
18120,5,452.1
18121,3,114.51
18122,4,203.13
18123,3,243.14
18124,2,236.22
18125,5,358.14
18126,5,489.46
18127,5,366.92
18128,7,174.81
18129,6,58.66
18130,3,280.69
18131,4,257.27
18132,2,482.76
18133,6,13.21
18134,3,356.6
18135,3,270.63
18136,10,89.35
18137,8,389.72
18138,5,342.79
18139,6,297.95
18140,3,398.64
18141,9,488.88
18142,3,226.75
18143,7,250.28
18144,5,99.45
18145,10,113.0
18146,5,116.34
18147,4,411.76
18148,8,104.83
18149,3,360.57
18150,9,482.06
18151,10,214.93
18152,10,101.68
18153,6,68.65
18154,1,77.6
18155,1,249.96
18156,3,43.18
18157,4,448.08
18158,5,477.34
18159,9,198.83
18160,10,336.58
18161,7,485.91
18162,6,116.12
18163,8,43.46
18164,6,243.44
18165,2,485.1
18166,6,98.94
18167,9,288.22
18168,4,42.09
18169,8,118.77
18170,10,494.19
18171,1,243.39
18172,4,422.24
18173,8,230.15
18174,4,61.67
18175,3,310.03
18176,4,445.65
18177,5,471.26
18178,5,263.43
18179,1,447.92
18180,3,345.34
18181,8,338.22
18182,6,307.2
18183,1,267.49
18184,7,276.61
18185,1,10.13
18186,1,241.31
18187,3,23.48
18188,8,51.84
18189,3,472.45
18190,2,266.0
18191,5,180.11
18192,4,302.14
18193,6,289.42
18194,1,74.39
18195,4,46.94
18196,6,407.24
18197,10,262.89
18198,8,473.58
18199,2,235.52
18200,8,396.88
18201,1,106.87
18202,4,16.74
18203,9,267.63
18204,1,399.24
18205,1,444.13
18206,5,470.09
18207,8,174.75
18208,3,477.82
18209,5,69.66
18210,4,467.05
18211,1,227.41
18212,9,217.37
18213,6,262.68
18214,8,169.03
18215,9,175.66
18216,1,297.97
18217,10,379.0
18218,5,174.28
18219,5,313.12
18220,8,96.23
18221,4,201.51
18222,10,152.72
18223,7,72.69
18224,3,255.84
18225,6,61.15
18226,2,151.14
18227,3,29.29
18228,4,329.14
18229,5,385.06
18230,6,457.52
18231,5,454.27
18232,3,61.96
18233,7,137.79
18234,4,465.24
18235,10,436.21
18236,10,453.08
18237,2,218.61
18238,7,230.07
18239,1,226.39
18240,9,339.29
18241,7,286.18
18242,6,271.12
18243,8,142.66
18244,2,479.29
18245,2,36.75
18246,7,234.29
18247,3,489.39
18248,5,475.31
18249,9,229.32
18250,4,330.03
18251,8,273.61
18252,6,116.15
18253,8,35.67
18254,3,146.58
18255,4,440.62
18256,2,221.27
18257,5,184.62
18258,10,265.55
18259,3,463.89
18260,5,491.27
18261,8,277.83
18262,5,225.79
18263,5,29.25
18264,10,108.44
18265,6,43.45
18266,9,420.62
18267,6,203.02
18268,10,97.43
18269,7,450.97
18270,10,78.39
18271,1,418.5
18272,4,337.43
18273,3,240.12
18274,4,482.31
18275,8,67.73
18276,6,200.8
18277,8,495.21
18278,2,85.61
18279,4,12.38
18280,9,392.41
18281,8,333.27
18282,10,180.97
18283,10,66.42
18284,4,79.51
18285,5,99.0
18286,7,196.52
18287,1,294.36
18288,1,438.98
18289,6,459.27
18290,9,114.3
18291,10,32.63
18292,4,25.1
18293,5,45.86
18294,4,412.69
18295,7,175.81
18296,4,71.25
18297,9,168.36
18298,9,140.81
18299,10,499.0
18300,8,434.21
18301,8,410.02
18302,1,370.82
18303,1,218.83
18304,1,254.37
18305,7,58.66
18306,5,395.72
18307,4,437.22
18308,1,496.5
18309,5,369.3
18310,2,367.49
18311,8,496.0
18312,5,106.52
18313,9,224.46
18314,7,126.8
18315,8,223.96
18316,2,454.21
18317,8,356.86
18318,5,417.9
18319,6,134.93
18320,6,418.34
18321,7,220.25
18322,9,83.13
18323,9,364.97
18324,5,42.86
18325,3,249.63
18326,6,442.37
18327,2,132.84
18328,10,256.53
18329,8,94.83
18330,4,357.31
18331,10,94.29
18332,3,76.81
18333,4,292.36
18334,10,418.9
18335,9,449.56
18336,3,70.11
18337,10,394.89
18338,1,235.9
18339,2,113.69
18340,3,334.29
18341,1,151.84
18342,5,474.56
18343,5,462.27
18344,6,215.76
18345,8,44.82
18346,5,64.13
18347,8,328.45
18348,7,201.39
18349,5,164.67
18350,9,298.66
18351,4,292.6
18352,2,206.92
18353,5,191.59
18354,7,250.86
18355,8,378.4
18356,7,466.78
18357,8,362.59
18358,7,206.43
18359,5,245.52
18360,7,32.97
18361,6,71.6
18362,9,338.89
18363,6,426.44
18364,3,297.2
18365,5,171.47
18366,6,464.02
18367,2,250.6
18368,1,150.88
18369,10,273.27
18370,8,269.32
18371,10,283.57
18372,8,498.07
18373,8,186.69
18374,5,79.45
18375,1,221.25
18376,9,187.29
18377,1,212.94
18378,10,93.38
18379,9,239.03
18380,4,326.22
18381,7,394.71
18382,5,27.0
18383,7,402.2
18384,3,159.59
18385,7,109.06
18386,1,130.42
18387,2,135.9
18388,1,105.05
18389,9,351.19
18390,10,412.17
18391,4,128.49
18392,1,449.45
18393,2,461.67
18394,9,138.79
18395,1,206.24
18396,5,255.87
18397,6,178.14
18398,8,166.69
18399,3,351.3
18400,6,85.21
18401,7,61.13
18402,2,145.48
18403,7,308.22
18404,5,179.76
18405,9,113.45
18406,2,469.36
18407,10,441.05
18408,4,328.58
18409,8,359.18
18410,2,331.8
18411,6,181.06
18412,7,478.07
18413,10,221.69
18414,4,331.95
18415,4,405.86
18416,9,358.9
18417,10,184.15
18418,9,224.31
18419,5,43.46
18420,9,462.48
18421,6,472.83
18422,7,452.94
18423,2,304.0
18424,10,496.66
18425,7,73.17
18426,7,467.79
18427,5,320.57
18428,7,354.8
18429,3,300.04
18430,7,402.84
18431,9,149.14
18432,7,267.35
18433,6,419.89
18434,8,483.39
18435,8,103.71
18436,8,286.65
18437,10,444.36
18438,1,54.32
18439,1,74.25
18440,8,408.46
18441,10,381.91
18442,10,163.28
18443,3,419.98
18444,4,274.61
18445,8,87.83
18446,3,70.86
18447,6,322.1
18448,10,30.32
18449,5,450.53
18450,7,94.05
18451,5,409.6
18452,5,214.37
18453,3,83.75
18454,2,201.44
18455,7,209.94
18456,4,304.8
18457,6,27.87
18458,3,151.09
18459,3,197.8
18460,6,127.89
18461,9,54.76
18462,5,17.1
18463,1,325.17
18464,6,163.55
18465,10,380.79
18466,5,42.12
18467,5,448.04
18468,1,79.16
18469,5,269.32
18470,4,378.98
18471,6,34.14
18472,5,190.85
18473,10,114.06
18474,4,471.41
18475,9,36.51
18476,10,323.43
18477,10,307.97
18478,8,21.98
18479,5,142.22
18480,5,464.66
18481,4,52.16
18482,10,15.89
18483,8,57.13
18484,9,95.21
18485,6,354.28
18486,4,469.96
18487,3,380.68
18488,8,242.61
18489,4,249.86
18490,6,178.14
18491,8,204.94
18492,8,72.36
18493,6,243.15
18494,4,175.4
18495,5,283.13
18496,2,151.17
18497,2,98.06
18498,7,209.08
18499,2,176.4
18500,4,294.25
18501,10,375.04
18502,3,307.54
18503,3,236.71
18504,1,417.81
18505,2,179.42
18506,2,111.77
18507,5,416.95
18508,4,321.93
18509,10,34.76
18510,3,241.55
18511,9,486.49
18512,6,257.08
18513,5,408.05
18514,8,102.58
18515,10,44.24
18516,3,305.48
18517,10,433.63
18518,4,230.46
18519,2,347.44
18520,2,82.54
18521,8,179.85
18522,4,288.01
18523,6,164.38
18524,2,474.98
18525,3,51.3
18526,2,216.5
18527,3,491.68
18528,1,418.28
18529,7,429.62
18530,6,303.04
18531,1,11.89
18532,5,418.74
18533,4,203.0
18534,4,202.23
18535,5,132.98
18536,3,376.89
18537,10,406.1
18538,7,298.24
18539,5,82.2
18540,1,319.45
18541,8,318.33
18542,3,460.73
18543,8,205.01
18544,9,127.1
18545,3,236.29
18546,1,425.12
18547,9,452.21
18548,8,461.65
18549,6,337.64
18550,2,37.63
18551,4,102.29
18552,6,116.84
18553,1,31.36
18554,1,450.76
18555,7,113.74
18556,3,177.63
18557,7,326.24
18558,8,466.6
18559,6,149.01
18560,6,280.25
18561,2,244.92
18562,9,332.45
18563,8,330.57
18564,4,151.75
18565,7,322.48
18566,4,100.07
18567,5,411.82
18568,6,327.77
18569,7,429.28
18570,9,149.67
18571,2,173.75
18572,7,370.08
18573,6,69.33
18574,6,252.59
18575,6,486.71
18576,2,410.64
18577,9,189.56
18578,8,203.98
18579,7,185.9
18580,10,186.86
18581,10,210.11
18582,7,16.18
18583,4,355.62
18584,8,374.54
18585,3,99.35
18586,7,371.01
18587,9,135.58
18588,3,53.26
18589,10,88.28
18590,3,169.77
18591,5,175.87
18592,8,459.73
18593,6,421.2
18594,4,232.05
18595,3,122.63
18596,7,212.47
18597,5,44.34
18598,3,468.5
18599,5,114.86
18600,3,313.23
18601,8,32.66
18602,2,118.13
18603,8,86.08
18604,10,284.19
18605,2,17.91
18606,4,187.23
18607,3,162.58
18608,4,306.99
18609,3,307.6
18610,6,26.14
18611,5,288.21
18612,3,282.93
18613,1,235.82
18614,7,341.67
18615,10,406.89
18616,4,305.69
18617,9,239.24
18618,4,333.02
18619,5,378.25
18620,7,234.37
18621,10,21.78
18622,8,257.83
18623,5,158.69
18624,7,490.47
18625,7,307.71
18626,9,118.77
18627,1,343.2
18628,10,320.55
18629,4,263.84
18630,9,87.8
18631,6,453.66
18632,1,269.39
18633,6,293.85
18634,6,395.69
18635,7,90.93
18636,8,398.45
18637,7,196.36
18638,3,113.25
18639,3,170.42
18640,3,249.04
18641,5,361.74
18642,7,461.69
18643,10,358.69
18644,8,480.86
18645,5,239.09
18646,4,392.67
18647,4,134.12
18648,5,438.87
18649,7,213.93
18650,2,32.53
18651,2,469.3
18652,5,303.75
18653,7,52.6
18654,1,490.36
18655,9,203.97
18656,9,408.74
18657,7,381.3
18658,9,350.74
18659,8,471.9
18660,10,483.81
18661,5,486.21
18662,10,448.13
18663,5,445.85
18664,4,343.29
18665,10,186.51
18666,9,478.97
18667,10,356.57
18668,7,402.0
18669,4,336.94
18670,5,33.05
18671,9,487.76
18672,4,350.75
18673,4,435.73
18674,9,131.31
18675,1,69.44
18676,10,373.19
18677,5,239.77
18678,10,43.38
18679,3,326.25
18680,4,252.04
18681,8,305.21
18682,4,319.5
18683,10,280.01
18684,1,54.62
18685,3,88.37
18686,1,47.62
18687,4,56.94
18688,6,98.39
18689,1,317.32
18690,4,294.17
18691,6,84.43
18692,2,464.81
18693,4,408.71
18694,7,322.21
18695,4,342.66
18696,5,386.33
18697,10,281.12
18698,2,92.3
18699,1,99.96
18700,2,279.14
18701,7,247.11
18702,1,418.53
18703,3,314.99
18704,10,18.9
18705,4,57.86
18706,8,248.12
18707,6,205.44
18708,10,351.77
18709,1,13.82
18710,1,348.23
18711,10,323.04
18712,2,476.1
18713,7,435.72
18714,4,412.21
18715,3,470.12
18716,5,269.5
18717,5,495.68
18718,9,455.74
18719,8,65.73
18720,2,163.18
18721,8,159.18
18722,10,66.48
18723,8,488.42
18724,1,449.98
18725,9,231.58
18726,3,246.49
18727,9,484.01
18728,1,423.45
18729,1,32.83
18730,4,331.83
18731,9,14.74
18732,9,467.22
18733,4,148.69
18734,10,324.34
18735,3,420.31
18736,3,65.5
18737,1,22.25
18738,10,436.51
18739,4,97.19
18740,2,277.73
18741,3,344.79
18742,6,101.58
18743,8,198.35
18744,6,82.3
18745,1,443.19
18746,2,117.92
18747,2,223.96
18748,10,179.7
18749,5,91.16
18750,4,92.06
18751,7,252.11
18752,1,59.74
18753,2,206.44
18754,9,64.3
18755,7,493.74
18756,8,399.39
18757,9,211.6
18758,3,477.01
18759,1,97.96
18760,2,173.22
18761,9,204.52
18762,5,379.47
18763,7,226.79
18764,1,93.61
18765,1,311.25
18766,5,51.0
18767,6,112.27
18768,1,148.63
18769,1,186.9
18770,4,48.03
18771,9,147.7
18772,2,39.72
18773,6,23.46
18774,6,399.73
18775,1,268.53
18776,9,166.76
18777,9,152.69
18778,8,228.82
18779,4,393.02
18780,9,132.75
18781,8,308.89
18782,1,369.58
18783,9,330.97
18784,4,498.13
18785,8,202.42
18786,5,417.08
18787,6,467.54
18788,4,167.75
18789,1,51.26
18790,3,226.51
18791,8,324.21
18792,8,128.76
18793,3,278.76
18794,10,22.64
18795,9,454.81
18796,3,15.33
18797,2,54.1
18798,3,40.97
18799,4,135.25
18800,7,448.74
18801,7,271.74
18802,2,444.04
18803,10,29.37
18804,1,97.6
18805,1,206.6
18806,2,42.41
18807,8,322.64
18808,5,429.37
18809,8,402.97
18810,2,235.84
18811,7,143.04
18812,6,470.19
18813,8,287.7
18814,9,282.51
18815,4,319.07
18816,2,90.13
18817,5,416.43
18818,8,371.76
18819,10,22.37
18820,5,276.08
18821,2,470.62
18822,9,491.5
18823,9,69.03
18824,1,457.82
18825,2,498.43
18826,5,412.26
18827,6,352.36
18828,8,399.91
18829,7,237.71
18830,7,452.04
18831,10,431.65
18832,3,141.31
18833,7,371.52
18834,2,247.13
18835,10,85.11
18836,2,230.43
18837,5,172.24
18838,8,436.3
18839,8,381.61
18840,1,73.18
18841,3,336.09
18842,9,12.06
18843,6,479.05
18844,5,231.54
18845,3,225.81
18846,3,168.07
18847,4,366.98
18848,1,312.46
18849,6,321.69
18850,3,270.74
18851,9,286.37
18852,8,394.08
18853,6,357.29
18854,8,95.58
18855,8,479.09
18856,10,307.77
18857,4,115.33
18858,6,353.29
18859,1,90.07
18860,5,24.71
18861,10,128.91
18862,9,206.43
18863,7,105.77
18864,10,401.96
18865,5,385.24
18866,5,271.52
18867,5,76.3
18868,8,131.75
18869,9,123.93
18870,7,400.07
18871,6,74.13
18872,4,305.38
18873,9,369.19
18874,7,334.14
18875,7,91.35
18876,3,241.93
18877,6,486.92
18878,4,416.91
18879,5,448.53
18880,7,319.08
18881,1,427.53
18882,7,217.82
18883,4,142.38
18884,1,67.18
18885,3,55.01
18886,7,347.96
18887,5,442.3
18888,6,96.76
18889,7,113.77
18890,3,401.86
18891,9,282.74
18892,3,444.58
18893,4,188.57
18894,1,148.82
18895,5,188.27
18896,2,372.7
18897,5,109.66
18898,5,467.67
18899,2,47.97
18900,8,176.37
18901,10,139.84
18902,10,172.9
18903,5,91.68
18904,2,319.57
18905,9,362.11
18906,3,429.58
18907,5,195.5
18908,9,63.73
18909,6,46.55
18910,10,64.51
18911,7,143.82
18912,8,324.42
18913,3,452.02
18914,7,151.25
18915,10,302.15
18916,9,495.44
18917,3,134.06
18918,4,168.37
18919,10,312.98
18920,8,193.58
18921,10,407.87
18922,6,127.53
18923,1,39.97
18924,6,406.67
18925,5,190.61
18926,2,400.5
18927,4,429.75
18928,8,442.89
18929,3,459.53
18930,4,33.87
18931,8,408.26
18932,9,94.04
18933,6,372.67
18934,2,22.6
18935,9,54.98
18936,5,208.21
18937,5,453.0
18938,4,373.97
18939,9,323.58
18940,7,470.49
18941,5,110.74
18942,1,494.02
18943,2,461.25
18944,7,16.49
18945,7,370.83
18946,10,200.74
18947,1,195.03
18948,10,317.06
18949,4,377.48
18950,5,307.5
18951,3,401.5
18952,2,264.25
18953,8,302.88
18954,1,199.02
18955,1,218.12
18956,5,224.51
18957,6,294.84
18958,2,62.67
18959,3,166.03
18960,3,366.3
18961,4,49.88
18962,1,10.81
18963,5,383.15
18964,3,456.08
18965,8,90.88
18966,10,275.16
18967,9,481.34
18968,3,65.28
18969,3,39.44
18970,7,445.4
18971,5,376.29
18972,10,278.52
18973,3,192.24
18974,8,313.05
18975,7,312.76
18976,8,257.57
18977,5,90.32
18978,1,327.19
18979,5,51.54
18980,5,76.84
18981,7,16.78
18982,8,119.19
18983,8,93.09
18984,9,459.5
18985,2,362.02
18986,6,293.62
18987,3,264.22
18988,6,372.54
18989,10,143.9
18990,6,333.25
18991,7,114.54
18992,8,354.14
18993,10,256.88
18994,10,122.51
18995,6,164.05
18996,8,291.64
18997,10,324.24
18998,4,201.08
18999,7,17.78
19000,5,362.75
19001,2,29.78
19002,10,117.02
19003,5,367.58
19004,9,60.65
19005,1,388.22
19006,4,289.2
19007,4,177.09
19008,7,373.62
19009,3,270.06
19010,9,320.01
19011,10,320.04
19012,7,218.51
19013,1,428.75
19014,7,113.62
19015,5,341.49
19016,7,18.37
19017,8,170.06
19018,2,400.63
19019,2,37.9
19020,9,152.57
19021,7,90.95
19022,3,196.05
19023,5,458.29
19024,9,21.44
19025,3,428.76
19026,6,295.39
19027,1,255.84
19028,10,320.27
19029,6,208.59
19030,4,174.82
19031,5,324.05
19032,8,388.71
19033,10,172.12
19034,8,364.14
19035,7,461.36
19036,6,388.99
19037,6,234.79
19038,4,248.06
19039,5,284.46
19040,6,366.44
19041,3,171.83
19042,3,93.56
19043,6,469.72
19044,9,416.43
19045,7,234.4
19046,10,424.39
19047,1,50.32
19048,8,404.66
19049,3,427.53
19050,8,298.6
19051,3,314.37
19052,10,345.97
19053,7,170.6
19054,3,112.42
19055,10,204.73
19056,5,342.54
19057,10,475.6
19058,10,312.11
19059,3,39.51
19060,4,335.74
19061,6,141.91
19062,8,10.45
19063,9,138.49
19064,2,177.82
19065,2,471.26
19066,5,80.32
19067,10,372.5
19068,8,445.58
19069,4,420.21
19070,9,176.95
19071,4,341.1
19072,10,436.67
19073,7,355.66
19074,6,88.9
19075,5,214.44
19076,5,74.11
19077,7,376.44
19078,1,142.85
19079,9,183.54
19080,1,204.96
19081,4,110.2
19082,7,47.35
19083,9,303.42
19084,9,253.05
19085,8,80.52
19086,3,328.85
19087,6,498.33
19088,4,332.92
19089,9,30.12
19090,2,358.83
19091,10,42.32
19092,2,404.18
19093,7,33.65
19094,4,109.14
19095,4,39.97
19096,6,153.02
19097,2,269.28
19098,5,132.4
19099,7,36.57
19100,3,341.72
19101,10,459.83
19102,2,119.03
19103,9,274.74
19104,3,345.24
19105,2,25.39
19106,4,465.6
19107,8,365.18
19108,7,254.35
19109,8,393.73
19110,8,127.68
19111,7,177.61
19112,8,194.96
19113,6,180.81
19114,6,312.57
19115,1,111.93
19116,9,64.31
19117,6,404.9
19118,5,109.0
19119,2,62.86
19120,1,78.46
19121,10,110.12
19122,6,192.02
19123,4,413.07
19124,9,312.95
19125,3,104.15
19126,4,102.41
19127,2,110.83
19128,2,162.55
19129,9,164.3
19130,1,237.61
19131,3,194.49
19132,1,221.76
19133,7,16.96
19134,8,147.91
19135,2,166.71
19136,2,375.71
19137,5,159.8
19138,9,243.98
19139,3,62.61
19140,7,480.0
19141,9,492.19
19142,5,333.84
19143,8,351.66
19144,10,232.27
19145,1,95.39
19146,5,36.3
19147,10,170.32
19148,8,459.93
19149,6,92.19
19150,1,87.26
19151,6,258.55
19152,4,232.44
19153,2,88.8
19154,9,98.56
19155,5,270.05
19156,9,305.27
19157,2,299.95
19158,10,477.32
19159,5,416.77
19160,6,476.33
19161,7,342.56
19162,6,316.22
19163,2,377.08
19164,10,145.39
19165,7,331.84
19166,5,499.23
19167,7,133.2
19168,6,80.75
19169,10,12.89
19170,5,45.55
19171,6,93.24
19172,3,489.36
19173,9,194.08
19174,9,189.08
19175,5,251.92
19176,1,395.86
19177,9,298.08
19178,8,303.57
19179,6,384.6
19180,2,447.71
19181,5,194.12
19182,1,376.82
19183,10,342.74
19184,4,217.52
19185,3,381.8
19186,6,452.81
19187,3,454.72
19188,1,38.07
19189,5,336.36
19190,8,246.94
19191,1,416.04
19192,8,128.24
19193,7,31.02
19194,4,61.86
19195,2,118.56
19196,5,16.16
19197,8,297.83
19198,3,402.93
19199,2,198.82
19200,5,181.52
19201,6,423.09
19202,8,179.2
19203,3,361.6
19204,4,435.91
19205,9,379.68
19206,8,346.76
19207,9,175.84
19208,2,480.14
19209,1,217.22
19210,7,265.32
19211,9,44.42
19212,6,373.93
19213,2,349.36
19214,6,419.57
19215,7,49.67
19216,7,213.15
19217,10,446.83
19218,1,287.18
19219,7,467.77
19220,4,200.12
19221,7,323.22
19222,6,288.65
19223,6,163.66
19224,7,67.12
19225,2,117.35
19226,10,173.77
19227,4,101.81
19228,5,454.09
19229,2,260.27
19230,6,203.51
19231,7,43.01
19232,3,49.95
19233,3,324.21
19234,7,452.73
19235,8,424.38
19236,5,283.44
19237,7,294.07
19238,9,159.04
19239,8,289.82
19240,9,317.46
19241,7,372.37
19242,2,290.11
19243,4,38.64
19244,3,252.38
19245,1,137.34
19246,4,200.45
19247,3,98.41
19248,6,408.71
19249,2,216.76
19250,3,125.18
19251,2,75.73
19252,5,208.63
19253,1,64.19
19254,7,109.86
19255,2,379.04
19256,2,289.63
19257,9,432.51
19258,4,238.68
19259,1,420.06
19260,6,337.0
19261,4,408.03
19262,1,215.83
19263,3,95.15
19264,1,212.48
19265,6,214.42
19266,4,324.17
19267,6,250.26
19268,6,201.88
19269,5,91.44
19270,10,265.21
19271,2,10.91
19272,5,441.14
19273,1,116.37
19274,3,239.7
19275,1,116.82
19276,3,161.18
19277,9,95.32
19278,8,159.26
19279,7,111.44
19280,6,72.39
19281,4,395.65
19282,7,49.62
19283,9,262.28
19284,3,16.3
19285,4,419.05
19286,9,11.62
19287,7,429.9
19288,10,171.46
19289,7,483.63
19290,2,285.47
19291,4,460.05
19292,2,357.98
19293,2,331.37
19294,3,256.23
19295,2,238.65
19296,10,24.71
19297,4,322.4
19298,7,198.62
19299,4,202.22
19300,10,158.82
19301,3,258.49
19302,4,87.6
19303,6,294.94
19304,5,174.78
19305,4,108.52
19306,8,309.44
19307,3,337.24
19308,10,146.26
19309,1,417.98
19310,8,187.0
19311,6,320.14
19312,4,336.48
19313,2,333.47
19314,3,358.14
19315,6,71.81
19316,8,476.9
19317,6,213.13
19318,2,295.2
19319,6,33.24
19320,4,36.71
19321,7,255.65
19322,9,40.18
19323,2,71.64
19324,7,171.58
19325,5,426.12
19326,10,153.13
19327,9,305.78
19328,9,184.21
19329,10,478.54
19330,4,258.76
19331,3,455.57
19332,2,170.72
19333,5,297.68
19334,8,253.36
19335,5,291.43
19336,4,205.98
19337,2,210.02
19338,6,225.83
19339,6,77.46
19340,3,479.82
19341,7,63.18
19342,10,331.2
19343,5,357.13
19344,10,336.54
19345,1,445.79
19346,3,285.73
19347,9,429.37
19348,10,391.56
19349,4,338.74
19350,5,372.77
19351,6,234.43
19352,7,433.09
19353,2,363.7
19354,4,460.09
19355,9,423.68
19356,6,316.41
19357,1,390.7
19358,1,356.45
19359,10,426.9
19360,6,301.23
19361,7,374.96
19362,9,101.88
19363,4,286.52
19364,6,480.04
19365,10,380.74
19366,7,405.46
19367,2,293.79
19368,5,52.61
19369,8,25.04
19370,7,61.98
19371,6,338.96
19372,7,26.83
19373,9,251.43
19374,1,497.67
19375,8,76.55
19376,3,24.24
19377,4,463.94
19378,4,279.78
19379,9,59.1
19380,2,87.39
19381,10,312.72
19382,7,427.69
19383,7,489.47
19384,8,90.31
19385,1,107.68
19386,8,119.54
19387,5,256.61
19388,7,187.18
19389,8,10.47
19390,2,293.86
19391,1,180.28
19392,6,250.29
19393,5,421.11
19394,4,298.59
19395,8,244.37
19396,6,137.71
19397,8,108.6
19398,4,47.19
19399,5,365.64
19400,1,299.27
19401,6,142.57
19402,7,448.19
19403,9,252.63
19404,4,362.15
19405,1,379.98
19406,9,484.37
19407,7,271.56
19408,1,426.42
19409,6,114.05
19410,2,76.93
19411,10,402.39
19412,7,421.17
19413,7,72.61
19414,5,492.37
19415,9,448.35
19416,1,286.14
19417,9,35.36
19418,1,426.21
19419,5,199.19
19420,6,308.11
19421,8,386.6
19422,1,30.03
19423,2,459.02
19424,1,483.43
19425,1,230.86
19426,9,258.17
19427,6,136.24
19428,8,459.66
19429,4,319.09
19430,8,148.7
19431,7,379.09
19432,4,411.94
19433,1,281.69
19434,5,61.27
19435,2,291.44
19436,6,473.69
19437,7,253.93
19438,9,117.33
19439,2,108.55
19440,1,181.57
19441,3,466.93
19442,9,322.33
19443,3,185.65
19444,2,60.75
19445,10,331.55
19446,4,380.29
19447,10,157.11
19448,1,293.13
19449,3,334.3
19450,5,40.9
19451,3,163.62
19452,8,314.51
19453,10,27.81
19454,4,382.56
19455,3,130.98
19456,9,357.76
19457,7,493.76
19458,7,427.77
19459,1,496.93
19460,7,417.38
19461,9,292.85
19462,6,449.17
19463,2,448.18
19464,5,18.18
19465,4,286.45
19466,8,279.56
19467,9,235.96
19468,5,337.87
19469,4,20.46
19470,2,260.16
19471,7,127.02
19472,10,335.61
19473,10,437.57
19474,8,355.77
19475,3,198.57
19476,7,128.75
19477,3,439.95
19478,8,69.98
19479,5,284.03
19480,9,169.59
19481,4,119.4
19482,2,48.06
19483,8,259.58
19484,1,177.15
19485,8,208.94
19486,8,251.71
19487,10,76.93
19488,9,280.81
19489,3,383.99
19490,4,38.95
19491,3,270.03
19492,8,166.6
19493,8,142.21
19494,6,256.71
19495,3,126.73
19496,1,112.51
19497,1,195.25
19498,8,269.63
19499,2,301.37
19500,3,140.48
19501,10,241.35
19502,3,195.22
19503,6,377.82
19504,8,41.43
19505,7,148.08
19506,7,243.55
19507,5,352.03
19508,2,350.25
19509,5,165.01
19510,8,184.64
19511,3,184.17
19512,5,486.56
19513,5,342.18
19514,9,270.6
19515,6,78.35
19516,7,330.8
19517,10,290.99
19518,1,356.53
19519,9,189.0
19520,2,383.33
19521,2,411.28
19522,6,370.55
19523,8,447.65
19524,4,276.29
19525,6,46.54
19526,8,219.63
19527,7,252.28
19528,1,328.01
19529,1,333.9
19530,9,14.53
19531,10,276.85
19532,9,370.26
19533,2,431.15
19534,4,137.0
19535,6,354.25
19536,3,382.11
19537,6,259.48
19538,7,35.29
19539,5,375.81
19540,6,194.64
19541,4,428.51
19542,9,293.26
19543,4,157.32
19544,6,77.82
19545,6,231.51
19546,6,47.79
19547,6,364.01
19548,9,469.9
19549,3,207.19
19550,9,276.52
19551,4,404.01
19552,5,497.73
19553,3,237.35
19554,7,63.95
19555,9,376.25
19556,7,388.72
19557,9,455.54
19558,7,294.2
19559,8,479.71
19560,5,245.89
19561,3,476.81
19562,4,319.97
19563,1,112.47
19564,9,178.83
19565,5,240.1
19566,8,378.53
19567,3,212.47
19568,2,289.69
19569,4,459.82
19570,10,85.96
19571,10,476.2
19572,2,388.23
19573,3,467.25
19574,4,78.35
19575,1,434.85
19576,7,100.86
19577,4,345.75
19578,5,435.1
19579,2,456.6
19580,6,144.54
19581,6,146.32
19582,9,310.33
19583,6,274.0
19584,9,445.03
19585,4,51.91
19586,1,35.07
19587,4,180.11
19588,4,23.72
19589,3,257.49
19590,7,242.67
19591,6,337.19
19592,10,14.45
19593,8,293.99
19594,9,476.1
19595,6,227.08
19596,7,415.88
19597,9,296.26
19598,7,330.58
19599,2,105.4
19600,6,39.24
19601,7,94.58
19602,9,209.81
19603,9,163.73
19604,5,480.6
19605,4,156.05
19606,7,34.76
19607,9,413.76
19608,9,95.67
19609,1,292.54
19610,6,276.74
19611,3,265.13
19612,5,203.58
19613,4,202.54
19614,2,204.35
19615,4,18.06
19616,9,153.82
19617,1,60.53
19618,3,374.67
19619,3,261.93
19620,1,125.45
19621,4,353.49
19622,7,162.68
19623,1,262.63
19624,5,393.62
19625,8,147.83
19626,2,319.53
19627,7,405.44
19628,4,134.52
19629,4,430.64
19630,1,122.08
19631,2,39.92
19632,2,200.21
19633,4,386.62
19634,7,97.67
19635,3,266.84
19636,6,420.17
19637,5,45.46
19638,1,271.38
19639,6,232.32
19640,7,84.61
19641,10,182.48
19642,2,320.59
19643,9,162.98
19644,7,49.1
19645,7,368.25
19646,7,376.25
19647,1,99.5
19648,7,446.59
19649,5,215.23
19650,1,322.2
19651,8,138.3
19652,6,107.63
19653,10,61.92
19654,7,446.69
19655,3,451.75
19656,5,45.57
19657,1,214.04
19658,8,277.39
19659,5,166.53
19660,8,438.08
19661,4,425.7
19662,3,455.5
19663,7,181.08
19664,3,456.48
19665,5,84.91
19666,4,389.35
19667,10,105.57
19668,5,373.84
19669,1,235.85
19670,2,324.7
19671,1,346.64
19672,3,312.11
19673,6,21.75
19674,4,334.0
19675,1,495.33
19676,1,421.86
19677,7,227.81
19678,5,275.04
19679,4,465.74
19680,4,390.34
19681,8,384.34
19682,5,232.99
19683,6,184.85
19684,2,93.65
19685,9,350.55
19686,5,379.33
19687,10,97.11
19688,1,412.14
19689,3,258.75
19690,9,45.39
19691,3,33.3
19692,10,431.17
19693,6,77.96
19694,8,437.74
19695,9,11.76
19696,3,214.36
19697,7,91.46
19698,1,427.01
19699,1,243.84
19700,4,493.56
19701,3,146.49
19702,10,41.04
19703,10,154.72
19704,1,131.06
19705,3,189.03
19706,3,248.31
19707,10,204.74
19708,3,396.28
19709,4,284.97
19710,9,480.54
19711,5,33.16
19712,4,246.1
19713,7,183.84
19714,4,302.1
19715,10,140.35
19716,9,381.18
19717,9,19.39
19718,4,492.82
19719,9,211.33
19720,5,412.35
19721,5,282.75
19722,4,416.45
19723,10,327.94
19724,9,166.47
19725,1,173.02
19726,1,379.43
19727,5,469.3
19728,9,428.92
19729,2,173.94
19730,1,419.77
19731,2,282.98
19732,4,238.65
19733,3,61.34
19734,10,35.47
19735,5,151.58
19736,8,290.47
19737,4,288.32
19738,2,241.12
19739,8,470.43
19740,1,24.49
19741,5,184.71
19742,9,343.0
19743,9,347.02
19744,9,204.1
19745,8,379.61
19746,8,153.95
19747,5,303.45
19748,7,194.75
19749,1,226.82
19750,4,202.94
19751,1,386.07
19752,8,139.03
19753,3,13.27
19754,2,276.18
19755,4,223.81
19756,10,113.25
19757,3,184.24
19758,3,397.35
19759,10,316.32
19760,1,160.01
19761,10,131.06
19762,6,67.31
19763,1,77.0
19764,10,389.34
19765,6,246.74
19766,8,193.0
19767,7,215.18
19768,5,474.1
19769,1,116.34
19770,2,219.4
19771,7,240.24
19772,2,235.37
19773,3,138.2
19774,9,42.86
19775,6,129.61
19776,7,444.34
19777,3,308.81
19778,9,122.72
19779,10,117.9
19780,4,478.6
19781,6,127.76
19782,6,76.47
19783,7,30.47
19784,9,491.03
19785,4,98.61
19786,9,419.97
19787,4,152.24
19788,1,55.57
19789,5,313.51
19790,10,249.53
19791,5,233.1
19792,6,143.44
19793,8,108.84
19794,8,429.54
19795,1,144.98
19796,10,476.85
19797,1,292.2
19798,7,234.82
19799,2,305.55
19800,6,413.21
19801,7,488.56
19802,6,291.73
19803,8,124.18
19804,7,56.11
19805,1,335.03
19806,5,20.41
19807,8,110.74
19808,7,275.3
19809,10,57.32
19810,1,264.26
19811,1,153.74
19812,2,355.82
19813,8,483.52
19814,6,220.36
19815,5,446.3
19816,1,242.16
19817,3,404.51
19818,9,333.52
19819,9,233.59
19820,8,402.92
19821,7,476.91
19822,10,298.21
19823,7,166.93
19824,8,98.71
19825,7,131.15
19826,2,68.17
19827,5,273.63
19828,6,225.43
19829,9,459.43
19830,7,230.13
19831,2,471.04
19832,7,170.57
19833,8,350.18
19834,9,417.64
19835,9,484.71
19836,10,421.63
19837,3,426.25
19838,9,315.66
19839,9,259.36
19840,3,136.54
19841,10,41.35
19842,7,22.66
19843,9,153.18
19844,6,341.92
19845,9,391.41
19846,6,104.72
19847,4,40.24
19848,5,115.11
19849,7,109.57
19850,9,167.22
19851,10,207.74
19852,8,20.68
19853,2,223.25
19854,10,418.96
19855,5,278.24
19856,2,142.78
19857,5,11.11
19858,1,375.71
19859,5,27.74
19860,8,191.1
19861,1,83.01
19862,2,34.95
19863,7,163.05
19864,1,227.82
19865,10,248.27
19866,10,211.45
19867,3,96.47
19868,9,256.62
19869,6,377.09
19870,5,85.4
19871,4,373.89
19872,5,497.5
19873,8,292.1
19874,10,83.11
19875,6,66.3
19876,10,245.42
19877,4,408.1
19878,7,319.22
19879,6,495.98
19880,8,369.05
19881,6,259.28
19882,8,419.79
19883,4,477.83
19884,8,455.8
19885,1,421.36
19886,6,101.88
19887,10,374.98
19888,3,183.76
19889,10,37.02
19890,7,349.67
19891,8,235.2
19892,9,168.67
19893,7,10.99
19894,2,242.98
19895,4,353.31
19896,5,40.02
19897,3,181.6
19898,1,32.9
19899,2,108.48
19900,2,210.41
19901,7,424.89
19902,8,182.54
19903,8,390.44
19904,1,224.53
19905,3,441.86
19906,10,496.51
19907,8,60.27
19908,7,114.37
19909,6,14.54
19910,5,97.44
19911,8,87.07
19912,10,459.22
19913,5,113.22
19914,9,318.25
19915,8,455.14
19916,7,236.31
19917,3,467.13
19918,3,425.61
19919,8,26.98
19920,6,162.89
19921,2,204.17
19922,4,291.53
19923,6,260.03
19924,7,143.63
19925,8,71.79
19926,7,36.55
19927,5,198.14
19928,8,494.53
19929,9,87.21
19930,1,344.21
19931,7,313.97
19932,7,349.92
19933,2,166.93
19934,6,26.08
19935,3,202.51
19936,2,126.4
19937,1,353.77
19938,8,120.95
19939,3,85.82
19940,1,409.61
19941,7,198.1
19942,7,208.91
19943,6,150.38
19944,1,168.92
19945,3,146.08
19946,2,348.89
19947,7,489.14
19948,5,118.41
19949,4,353.62
19950,9,375.25
19951,2,238.52
19952,1,189.19
19953,2,127.48
19954,9,25.69
19955,6,232.01
19956,3,66.71
19957,7,390.13
19958,8,430.06
19959,9,198.58
19960,6,172.8
19961,6,75.36
19962,2,164.5
19963,1,225.83
19964,6,336.14
19965,8,14.12
19966,3,315.22
19967,6,27.7
19968,7,270.49
19969,5,151.75
19970,3,388.5
19971,6,464.91
19972,10,295.44
19973,9,298.77
19974,3,467.06
19975,6,285.05
19976,10,83.73
19977,7,130.79
19978,7,22.23
19979,7,327.6
19980,6,336.1
19981,2,189.44
19982,8,402.17
19983,10,437.55
19984,8,350.45
19985,6,47.02
19986,10,108.37
19987,9,132.73
19988,6,116.76
19989,3,232.63
19990,4,140.89
19991,5,405.55
19992,6,269.68
19993,1,337.83
19994,10,496.86
19995,7,346.98
19996,2,106.71
19997,5,214.27
19998,2,204.39
19999,7,47.7
20000,3,469.87
20001,7,387.31
20002,4,84.07
20003,3,72.48
20004,5,452.44
20005,8,29.17
20006,9,56.44
20007,1,62.53
20008,9,348.58
20009,3,295.6
20010,8,45.43
20011,9,272.27
20012,1,389.45
20013,9,304.53
20014,5,130.67
20015,5,281.36
20016,2,406.65
20017,7,262.51
20018,8,379.5
20019,10,132.37
20020,1,265.39
20021,1,168.58
20022,9,405.15
20023,10,437.59
20024,6,427.85
20025,9,30.48
20026,2,141.21
20027,4,116.15
20028,1,176.56
20029,1,280.9
20030,2,350.49
20031,1,176.16
20032,4,177.22
20033,9,363.12
20034,7,407.08
20035,10,299.25
20036,3,481.1
20037,4,499.83
20038,2,211.36
20039,7,288.51
20040,7,20.8
20041,3,480.79
20042,2,88.77
20043,5,453.8
20044,8,416.44
20045,5,80.65
20046,2,83.03
20047,6,287.33
20048,4,204.3
20049,3,35.27
20050,5,314.73
20051,9,393.88
20052,5,296.55
20053,6,303.42
20054,3,200.51
20055,10,82.83
20056,4,119.81
20057,5,375.09
20058,6,214.45
20059,6,252.76
20060,2,381.92
20061,7,183.67
20062,9,319.54
20063,4,21.12
20064,10,315.57
20065,1,158.57
20066,9,289.21
20067,7,152.44
20068,2,204.99
20069,6,29.34
20070,7,80.64
20071,10,439.98
20072,4,399.21
20073,3,386.74
20074,4,21.25
20075,3,496.68
20076,9,459.55
20077,7,134.79
20078,3,212.48
20079,4,338.06
20080,10,188.4
20081,6,250.1
20082,6,276.6
20083,2,256.95
20084,1,347.04
20085,9,108.04
20086,4,163.02
20087,1,263.86
20088,6,142.93
20089,5,421.8
20090,8,262.33
20091,6,286.65
20092,9,71.24
20093,3,17.44
20094,10,197.71
20095,7,310.48
20096,3,191.52
20097,10,213.25
20098,3,476.42
20099,7,347.29
20100,3,127.6
20101,9,125.62
20102,3,240.31
20103,4,453.83
20104,2,270.89
20105,10,372.37
20106,6,482.97
20107,8,419.16
20108,1,88.89
20109,3,448.07
20110,1,53.09
20111,8,253.6
20112,1,216.04
20113,10,155.14
20114,1,75.42
20115,7,333.66
20116,10,150.27
20117,8,119.37
20118,6,336.8
20119,5,56.79
20120,5,351.29
20121,10,45.88
20122,4,101.28
20123,4,370.62
20124,2,415.22
20125,7,420.61
20126,7,483.5
20127,10,322.2
20128,7,216.79
20129,8,480.25
20130,5,240.64
20131,3,378.07
20132,2,48.94
20133,1,154.68
20134,9,122.93
20135,5,130.98
20136,8,424.63
20137,3,203.2
20138,2,324.78
20139,8,239.7
20140,8,395.07
20141,6,325.73
20142,4,434.58
20143,5,79.81
20144,6,113.75
20145,4,471.18
20146,3,75.63
20147,3,186.44
20148,8,243.68
20149,3,233.43
20150,5,187.43
20151,6,33.47
20152,2,332.6
20153,9,267.51
20154,6,101.48
20155,2,468.49
20156,5,267.9
20157,7,497.69
20158,4,358.38
20159,4,270.31
20160,10,415.28
20161,9,249.7
20162,9,437.86
20163,3,407.55
20164,1,381.48
20165,5,236.44
20166,10,388.21
20167,4,190.57
20168,9,397.88
20169,5,229.07
20170,8,37.43
20171,7,292.35
20172,4,344.41
20173,3,267.85
20174,4,74.09
20175,1,83.6
20176,6,162.14
20177,2,427.57
20178,8,300.11
20179,5,211.64
20180,8,325.97
20181,9,335.61
20182,2,264.71
20183,10,263.22
20184,7,115.47
20185,7,375.68
20186,2,437.82
20187,10,169.53
20188,5,392.33
20189,6,489.29
20190,10,76.18
20191,2,66.24
20192,9,174.3
20193,8,94.73
20194,6,481.0
20195,1,52.82
20196,5,235.71
20197,8,248.83
20198,7,77.44
20199,4,257.54
20200,10,195.75
20201,6,153.11
20202,10,472.39
20203,8,342.69
20204,10,52.09
20205,8,281.44
20206,3,406.94
20207,3,19.96
20208,9,361.87
20209,2,21.39
20210,1,57.73
20211,5,97.17
20212,7,337.22
20213,10,38.28
20214,3,166.67
20215,6,249.34
20216,10,176.7
20217,5,434.85
20218,1,286.88
20219,7,228.2
20220,1,335.26
20221,1,10.77
20222,5,319.27
20223,6,262.27
20224,8,451.1
20225,5,86.75
20226,3,247.05
20227,5,439.52
20228,10,479.72
20229,7,181.29
20230,3,313.39
20231,9,107.2
20232,1,475.43
20233,6,66.33
20234,2,297.3
20235,3,374.04
20236,2,98.22
20237,4,433.68
20238,5,110.78
20239,4,170.5
20240,7,237.01
20241,8,343.12
20242,8,227.7
20243,5,452.57
20244,3,200.12
20245,6,270.7
20246,8,168.11
20247,4,336.15
20248,1,156.78
20249,10,224.43
20250,2,135.81
20251,8,457.11
20252,2,318.48
20253,3,435.05
20254,1,478.23
20255,7,51.82
20256,10,302.2
20257,8,422.76
20258,7,202.59
20259,7,306.08
20260,8,417.94
20261,5,242.54
20262,2,235.14
20263,3,152.02
20264,4,190.44
20265,7,255.22
20266,4,393.49
20267,1,116.83
20268,6,381.01
20269,7,465.82
20270,10,192.14
20271,3,442.95
20272,6,270.69
20273,7,249.91
20274,6,367.35
20275,8,485.1
20276,2,375.6
20277,8,96.17
20278,4,329.7
20279,5,407.73
20280,7,141.33
20281,7,377.09
20282,2,99.87
20283,7,53.2
20284,10,351.86
20285,10,110.26
20286,7,338.39
20287,4,62.59
20288,10,203.48
20289,8,173.54
20290,5,135.28
20291,10,435.07
20292,1,295.7
20293,2,318.48
20294,6,202.69
20295,7,116.68
20296,1,40.22
20297,7,108.42
20298,3,358.39
20299,2,398.35
20300,1,185.76
20301,2,200.53
20302,1,228.21
20303,8,436.36
20304,1,436.84
20305,9,62.97
20306,4,373.04
20307,6,384.92
20308,4,438.09
20309,8,376.83
20310,4,306.13
20311,6,466.19
20312,8,461.74
20313,3,385.06
20314,10,165.28
20315,9,202.36
20316,8,239.72
20317,1,173.97
20318,5,263.25
20319,10,359.97
20320,1,242.36
20321,3,349.76
20322,10,198.25
20323,10,465.92
20324,6,153.3
20325,9,99.71
20326,8,14.64
20327,3,291.2
20328,4,390.21
20329,2,113.95
20330,3,201.64
20331,10,105.57
20332,5,216.14
20333,3,41.53
20334,7,381.34
20335,9,150.69
20336,6,254.86
20337,2,349.66
20338,10,495.5
20339,9,140.3
20340,6,40.93
20341,10,183.06
20342,7,378.92
20343,8,223.51
20344,6,174.64
20345,10,86.69
20346,4,349.43
20347,6,442.63
20348,9,168.35
20349,8,337.41
20350,7,105.53
20351,3,386.21
20352,9,391.34
20353,3,308.09
20354,4,400.72
20355,6,475.76
20356,9,428.39
20357,9,310.11
20358,2,193.54
20359,4,181.87
20360,10,327.97
20361,5,247.37
20362,3,211.16
20363,5,426.74
20364,8,140.38
20365,5,341.19
20366,6,26.58
20367,3,449.46
20368,4,60.33
20369,1,462.42
20370,2,499.37
20371,6,365.73
20372,1,267.9
20373,1,467.97
20374,8,164.89
20375,5,411.22
20376,6,377.58
20377,6,276.04
20378,1,166.83
20379,1,63.35
20380,9,453.2
20381,9,445.93
20382,7,248.38
20383,8,403.82
20384,5,134.28
20385,7,48.9
20386,4,228.8
20387,9,477.84
20388,7,104.99
20389,7,395.04
20390,5,200.44
20391,6,128.7
20392,4,124.65
20393,8,226.92
20394,10,210.13
20395,4,107.33
20396,8,292.81
20397,3,86.55
20398,7,460.74
20399,3,255.98
20400,10,463.19
20401,6,10.25
20402,4,247.61
20403,4,279.21
20404,8,129.99
20405,6,34.64
20406,3,66.5
20407,5,14.25
20408,1,133.72
20409,3,378.26
20410,1,315.91
20411,10,219.26
20412,10,47.26
20413,6,475.24
20414,8,230.94
20415,7,195.05
20416,10,270.99
20417,6,294.49
20418,10,282.76
20419,8,378.17
20420,8,488.72
20421,4,200.54
20422,6,110.44
20423,8,326.32
20424,9,181.54
20425,8,405.06
20426,9,376.28
20427,6,452.55
20428,6,231.81
20429,4,65.48
20430,10,272.26
20431,5,139.33
20432,10,467.03
20433,2,460.22
20434,4,423.68
20435,6,98.73
20436,8,132.98
20437,8,246.85
20438,4,224.91
20439,3,48.89
20440,4,258.72
20441,9,233.0
20442,6,197.91
20443,2,394.87
20444,10,49.88
20445,9,380.42
20446,9,239.85
20447,6,251.46
20448,9,425.69
20449,4,72.15
20450,3,408.85
20451,1,323.23
20452,1,459.89
20453,6,298.71
20454,6,150.46
20455,2,224.69
20456,7,167.82
20457,6,149.35
20458,6,367.38
20459,2,290.11
20460,5,158.43
20461,3,152.32
20462,3,431.27
20463,8,60.54
20464,3,102.34
20465,4,131.01
20466,1,389.64
20467,7,174.76
20468,4,192.21
20469,4,439.62
20470,6,310.14
20471,8,163.75
20472,10,338.57
20473,1,289.46
20474,3,256.85
20475,2,301.26
20476,1,267.42
20477,9,249.51
20478,6,320.12
20479,9,329.3
20480,9,81.69
20481,8,492.27
20482,8,427.45
20483,7,131.3
20484,10,466.66
20485,8,117.55
20486,9,365.12
20487,7,424.32
20488,7,23.34
20489,8,332.1
20490,8,256.59
20491,6,465.67
20492,1,397.57
20493,1,346.2
20494,5,145.95
20495,6,334.26
20496,8,355.09
20497,10,205.87
20498,10,448.41
20499,1,346.27
20500,1,465.25
20501,10,123.35
20502,3,347.97
20503,3,208.33
20504,3,229.83
20505,3,179.36
20506,7,126.42
20507,6,314.36
20508,2,371.54
20509,7,254.94
20510,2,234.82
20511,6,109.62
20512,9,421.68
20513,8,90.65
20514,6,281.27
20515,10,395.4
20516,9,235.57
20517,1,491.29
20518,9,159.04
20519,8,171.37
20520,6,384.76
20521,9,405.14
20522,6,105.94
20523,7,175.98
20524,8,79.55
20525,9,116.29
20526,10,473.32
20527,1,387.02
20528,1,181.11
20529,4,427.51
20530,7,306.94
20531,8,99.02
20532,3,272.02
20533,6,200.18
20534,4,280.87
20535,1,415.69
20536,3,246.92
20537,9,469.07
20538,4,230.4
20539,9,387.74
20540,2,151.5
20541,10,93.62
20542,2,119.12
20543,2,244.93
20544,1,436.69
20545,7,347.36
20546,10,27.32
20547,9,192.27
20548,4,26.34
20549,9,137.79
20550,9,110.05
20551,7,391.4
20552,9,465.14
20553,7,227.09
20554,4,272.51
20555,7,174.63
20556,7,32.5
20557,7,242.65
20558,6,497.88
20559,6,286.42
20560,8,394.48
20561,6,152.4
20562,1,166.04
20563,8,245.88
20564,3,183.36
20565,1,153.9
20566,3,170.82
20567,9,328.98
20568,9,278.58
20569,1,317.81
20570,6,404.9
20571,9,229.3
20572,4,177.88
20573,9,153.06
20574,6,394.25
20575,3,32.77
20576,1,84.93
20577,2,18.04
20578,5,51.97
20579,1,396.71
20580,5,294.13
20581,2,208.97
20582,1,266.27
20583,2,219.78
20584,2,52.14
20585,6,318.55
20586,7,53.77
20587,5,18.16
20588,5,225.82
20589,6,32.07
20590,1,437.12
20591,5,174.5
20592,5,26.62
20593,9,297.71
20594,3,316.83
20595,1,209.01
20596,10,315.26
20597,1,464.16
20598,7,161.98
20599,5,315.67
20600,6,224.18
20601,6,372.16
20602,9,473.26
20603,4,396.37
20604,7,113.47
20605,4,207.69
20606,8,78.65
20607,3,159.16
20608,6,387.9
20609,2,247.41
20610,9,367.48
20611,4,181.24
20612,5,436.88
20613,3,137.71
20614,10,319.03
20615,7,206.68
20616,4,338.88
20617,1,387.5
20618,1,137.33
20619,4,299.93
20620,9,18.91
20621,9,435.21
20622,9,401.53
20623,7,252.95
20624,3,422.66
20625,2,157.78
20626,10,194.48
20627,8,34.96
20628,10,255.96
20629,8,113.27
20630,8,414.07
20631,10,255.53
20632,2,444.89
20633,7,480.03
20634,9,60.3
20635,1,122.61
20636,9,154.09
20637,10,63.21
20638,3,279.26
20639,6,36.78
20640,7,133.67
20641,5,464.47
20642,7,497.71
20643,6,225.2
20644,2,85.85
20645,6,117.33
20646,2,72.34
20647,7,300.82
20648,8,203.38
20649,3,395.45
20650,10,183.78
20651,8,397.97
20652,10,471.49
20653,8,147.25
20654,1,282.13
20655,10,327.31
20656,10,393.99
20657,2,238.46
20658,4,329.49
20659,2,381.64
20660,8,56.08
20661,7,28.04
20662,5,94.52
20663,2,139.88
20664,5,229.42
20665,7,173.15
20666,5,138.62
20667,2,191.29
20668,7,138.01
20669,6,344.27
20670,9,372.53
20671,3,303.8
20672,7,371.88
20673,5,366.92
20674,6,135.91
20675,10,401.1
20676,2,419.26
20677,8,283.28
20678,5,301.52
20679,8,415.96
20680,3,20.25
20681,4,407.19
20682,4,227.68
20683,10,202.17
20684,6,370.61
20685,5,450.49
20686,8,338.36
20687,1,355.47
20688,8,147.85
20689,2,162.39
20690,5,423.98
20691,5,11.67
20692,3,223.31
20693,2,103.26
20694,4,148.38
20695,6,183.08
20696,7,52.29
20697,4,80.26
20698,7,362.74
20699,2,111.83
20700,5,470.04
20701,6,178.89
20702,1,292.06
20703,6,143.85
20704,3,436.66
20705,6,388.64
20706,8,176.24
20707,6,206.96
20708,9,256.63
20709,1,260.17
20710,5,327.14
20711,9,462.1
20712,1,224.91
20713,8,45.19
20714,7,102.19
20715,5,25.98
20716,3,331.72
20717,4,249.47
20718,2,369.32
20719,4,84.21
20720,8,87.6
20721,4,129.48
20722,7,71.43
20723,8,458.79
20724,7,225.09
20725,7,442.22
20726,6,456.65
20727,9,431.36
20728,10,320.93
20729,5,383.53
20730,9,485.07
20731,8,378.76
20732,10,346.14
20733,10,151.87
20734,10,309.18
20735,2,108.61
20736,8,179.82
20737,8,86.92
20738,7,210.35
20739,5,357.57
20740,10,482.33
20741,1,455.81
20742,6,122.66
20743,7,449.81
20744,9,112.53
20745,3,25.56
20746,2,204.45
20747,4,438.4
20748,8,230.59
20749,1,177.36
20750,5,30.2
20751,4,281.74
20752,9,118.59
20753,4,59.89
20754,6,399.79
20755,2,260.92
20756,2,205.03
20757,5,274.87
20758,1,87.18
20759,7,76.23
20760,1,435.67
20761,10,118.82
20762,9,419.91
20763,10,325.78
20764,6,477.97
20765,2,64.07
20766,5,389.7
20767,4,286.05
20768,9,455.45
20769,6,247.5
20770,5,406.47
20771,6,294.1
20772,2,20.53
20773,7,389.7
20774,1,255.05
20775,3,125.48
20776,7,183.08
20777,5,204.62
20778,3,211.1
20779,3,406.77
20780,5,432.78
20781,8,280.58
20782,10,74.6
20783,6,61.34
20784,9,496.63
20785,3,435.72
20786,7,481.22
20787,2,471.95
20788,4,175.3
20789,7,71.43
20790,1,269.39
20791,1,47.92
20792,8,423.73
20793,10,253.25
20794,1,203.4
20795,10,443.29
20796,2,28.21
20797,10,244.03
20798,6,100.13
20799,7,270.18
20800,7,467.06
20801,1,490.5
20802,4,215.19
20803,2,383.77
20804,9,465.69
20805,3,65.72
20806,1,226.84
20807,4,240.81
20808,4,36.42
20809,8,50.55
20810,5,379.67
20811,10,18.77
20812,10,14.91
20813,3,22.82
20814,1,177.23
20815,7,96.77
20816,1,246.36
20817,3,492.62
20818,5,251.29
20819,9,414.41
20820,8,315.61
20821,9,423.13
20822,10,94.17
20823,4,92.44
20824,4,271.15
20825,6,470.25
20826,3,302.07
20827,4,94.73
20828,10,232.22
20829,3,482.39
20830,6,135.4
20831,2,155.39
20832,4,279.83
20833,5,249.76
20834,6,152.9
20835,2,257.87
20836,7,395.83
20837,6,304.08
20838,8,277.58
20839,1,243.02
20840,10,95.11
20841,5,379.23
20842,4,205.89
20843,10,419.56
20844,4,244.24
20845,6,186.14
20846,6,327.68
20847,5,417.47
20848,6,276.64
20849,9,251.49
20850,1,16.67
20851,8,376.36
20852,1,312.37
20853,1,368.56
20854,2,227.46
20855,3,56.55
20856,2,398.86
20857,6,495.77
20858,9,11.16
20859,4,112.64
20860,2,405.03
20861,6,339.93
20862,10,216.06
20863,1,66.61
20864,2,163.07
20865,1,54.41
20866,10,341.82
20867,4,170.17
20868,1,426.11
20869,7,91.53
20870,3,406.63
20871,7,36.73
20872,10,111.46
20873,7,374.19
20874,3,382.66
20875,7,420.56
20876,4,123.24
20877,7,56.3
20878,1,453.03
20879,3,103.25
20880,1,41.27
20881,2,348.64
20882,2,305.01
20883,10,154.6
20884,8,461.41
20885,5,32.64
20886,2,305.82
20887,10,187.37
20888,9,46.07
20889,1,12.78
20890,6,212.4
20891,8,400.98
20892,4,322.47
20893,3,403.26
20894,4,188.75
20895,6,52.64
20896,7,126.93
20897,3,139.23
20898,4,329.56
20899,1,83.54
20900,3,405.08
20901,9,393.86
20902,7,244.68
20903,2,36.62
20904,7,170.0
20905,7,20.63
20906,5,294.75
20907,4,189.5
20908,8,225.75
20909,5,49.77
20910,5,294.19
20911,6,240.7
20912,8,175.19
20913,3,72.97
20914,8,433.23
20915,10,465.68
20916,8,350.11
20917,6,89.98
20918,2,164.8
20919,8,472.5
20920,9,315.98
20921,9,301.44
20922,2,206.51
20923,9,432.31
20924,2,243.9
20925,2,165.45
20926,2,55.87
20927,5,89.62
20928,5,66.84
20929,5,353.84
20930,9,162.76
20931,6,444.55
20932,7,225.4
20933,2,458.5
20934,4,227.4
20935,8,448.89
20936,5,55.28
20937,1,344.37
20938,7,302.58
20939,5,453.3
20940,6,330.78
20941,9,182.42
20942,1,104.11
20943,1,447.46
20944,2,467.24
20945,7,442.64
20946,2,236.14
20947,7,61.09
20948,1,65.54
20949,3,231.45
20950,9,118.61
20951,2,335.69
20952,9,319.42
20953,2,232.99
20954,1,469.39
20955,6,240.36
20956,7,185.25
20957,7,137.17
20958,1,41.19
20959,2,336.19
20960,6,152.48
20961,3,392.76
20962,1,357.71
20963,8,280.95
20964,3,427.38
20965,2,70.26
20966,5,110.83
20967,3,158.45
20968,2,419.75
20969,5,440.48
20970,8,165.38
20971,5,332.85
20972,7,80.8
20973,9,81.47
20974,4,476.64
20975,1,325.67
20976,5,71.89
20977,2,400.33
20978,7,461.08
20979,5,206.16
20980,4,264.07
20981,10,406.38
20982,2,317.68
20983,6,310.56
20984,4,146.75
20985,7,201.55
20986,3,41.67
20987,8,150.45
20988,5,169.13
20989,4,58.29
20990,7,378.51
20991,5,294.44
20992,6,14.68
20993,1,391.77
20994,5,60.67
20995,4,243.14
20996,2,466.36
20997,5,323.98
20998,4,320.04
20999,1,473.77
21000,9,303.32
21001,1,323.1
21002,9,219.84
21003,6,231.91
21004,7,36.22
21005,9,402.36
21006,9,121.44
21007,1,144.4
21008,6,320.66
21009,5,322.98
21010,8,160.16
21011,8,127.82
21012,5,354.05
21013,6,493.01
21014,10,239.71
21015,7,381.94
21016,8,26.87
21017,7,255.96
21018,6,86.56
21019,6,419.97
21020,2,336.22
21021,8,400.54
21022,6,33.9
21023,1,399.63
21024,4,242.15
21025,2,456.85
21026,2,263.99
21027,10,204.94
21028,10,351.3
21029,5,325.69
21030,10,185.65
21031,10,20.41
21032,6,25.93
21033,6,246.72
21034,10,85.05
21035,2,270.01
21036,8,367.66
21037,7,205.13
21038,1,204.4
21039,4,373.1
21040,10,306.75
21041,3,151.13
21042,7,470.55
21043,2,54.29
21044,6,432.3
21045,1,408.12
21046,7,96.98
21047,8,261.27
21048,10,22.71
21049,9,498.48
21050,1,202.94
21051,4,53.62
21052,2,83.55
21053,2,235.57
21054,10,172.8
21055,3,440.32
21056,3,391.47
21057,3,112.74
21058,2,100.83
21059,7,248.16
21060,3,179.65
21061,4,264.36
21062,6,472.01
21063,7,70.41
21064,3,347.64
21065,2,479.41
21066,5,55.05
21067,5,397.67
21068,8,329.83
21069,8,102.43
21070,4,164.62
21071,8,123.94
21072,8,432.83
21073,3,455.02
21074,2,341.35
21075,5,363.99
21076,1,308.51
21077,3,27.0
21078,10,126.85
21079,8,137.84
21080,6,328.25
21081,8,42.1
21082,10,150.87
21083,6,34.7
21084,6,498.22
21085,3,334.91
21086,6,120.85
21087,1,433.12
21088,10,188.43
21089,9,250.93
21090,10,402.36
21091,10,119.63
21092,5,338.99
21093,3,249.4
21094,8,296.64
21095,8,82.99
21096,9,363.61
21097,2,216.92
21098,2,72.55
21099,3,51.68
21100,6,60.8
21101,2,127.3
21102,4,34.86
21103,1,242.96
21104,4,192.75
21105,1,97.28
21106,5,208.45
21107,10,146.67
21108,9,417.82
21109,5,358.62
21110,2,93.56
21111,3,413.16
21112,3,98.87
21113,3,454.11
21114,9,247.21
21115,4,266.62
21116,6,444.38
21117,8,39.02
21118,10,159.16
21119,10,417.17
21120,2,131.79
21121,1,492.15
21122,6,285.31
21123,8,479.81
21124,4,245.07
21125,3,70.71
21126,2,217.88
21127,9,101.04
21128,7,328.26
21129,9,13.2
21130,10,112.48
21131,2,192.46
21132,10,123.62
21133,8,422.8
21134,5,142.28
21135,10,276.79
21136,4,274.75
21137,4,227.69
21138,5,492.46
21139,8,445.07
21140,4,276.43
21141,2,119.43
21142,4,228.24
21143,5,291.68
21144,7,92.83
21145,6,163.45
21146,1,225.41
21147,8,442.34
21148,1,17.6
21149,4,459.93
21150,6,328.51
21151,9,264.2
21152,4,459.44
21153,9,364.54
21154,2,391.74
21155,1,337.2
21156,3,286.68
21157,4,263.56
21158,6,38.4
21159,3,367.29
21160,9,147.36
21161,8,299.86
21162,9,384.25
21163,6,262.57
21164,6,117.4
21165,2,496.13
21166,7,387.37
21167,2,167.35
21168,4,116.02
21169,1,228.66
21170,1,196.85
21171,7,343.72
21172,8,39.82
21173,7,114.45
21174,4,54.4
21175,10,396.5
21176,2,362.13
21177,2,499.46
21178,10,172.87
21179,4,22.53
21180,4,250.14
21181,2,422.1
21182,5,345.74
21183,4,248.96
21184,10,47.82
21185,8,14.13
21186,4,247.97
21187,4,23.47
21188,2,407.27
21189,10,77.19
21190,1,449.12
21191,5,492.63
21192,6,263.51
21193,1,243.64
21194,2,201.67
21195,5,229.9
21196,5,72.22
21197,7,283.85
21198,8,129.48
21199,6,440.75
21200,6,39.7
21201,7,473.06
21202,3,292.01
21203,10,21.8
21204,4,198.45
21205,8,315.89
21206,2,73.4
21207,8,493.44
21208,1,314.49
21209,8,278.88
21210,10,21.12
21211,4,163.75
21212,6,15.48
21213,9,58.37
21214,10,379.23
21215,7,274.41
21216,5,146.06
21217,7,170.05
21218,8,499.46
21219,9,392.1
21220,8,139.13
21221,3,26.47
21222,6,137.55
21223,6,453.05
21224,6,462.39
21225,6,215.72
21226,5,14.71
21227,3,33.77
21228,7,326.53
21229,6,304.69
21230,10,342.98
21231,1,463.13
21232,1,45.06
21233,5,433.41
21234,2,158.58
21235,1,181.07
21236,9,35.56
21237,8,19.36
21238,2,423.02
21239,5,477.18
21240,6,161.57
21241,5,12.72
21242,1,16.64
21243,5,28.33
21244,5,359.47
21245,5,426.13
21246,5,315.4
21247,7,268.93
21248,4,154.89
21249,9,406.77
21250,6,93.49
21251,7,19.27
21252,9,294.67
21253,3,431.24
21254,7,218.25
21255,6,227.31
21256,1,50.75
21257,4,269.87
21258,8,305.19
21259,2,53.7
21260,9,64.93
21261,2,398.38
21262,7,182.92
21263,6,39.34
21264,2,190.39
21265,6,304.81
21266,5,127.73
21267,6,470.64
21268,8,435.33
21269,2,390.18
21270,5,44.87
21271,7,345.04
21272,8,475.21
21273,8,429.81
21274,7,440.27
21275,2,316.66
21276,4,390.68
21277,3,353.29
21278,2,296.13
21279,7,241.19
21280,3,187.49
21281,7,58.82
21282,9,134.45
21283,5,146.25
21284,10,215.52
21285,6,382.93
21286,9,307.4
21287,3,133.13
21288,5,51.16
21289,9,121.69
21290,9,448.42
21291,2,434.74
21292,4,433.33
21293,3,143.21
21294,5,386.04
21295,10,410.34
21296,3,392.76
21297,8,376.6
21298,6,489.78
21299,2,361.62
21300,5,458.57
21301,5,485.99
21302,10,496.3
21303,1,445.64
21304,10,333.67
21305,7,176.48
21306,9,134.98
21307,7,124.97
21308,10,85.79
21309,5,284.57
21310,9,252.22
21311,1,325.57
21312,8,378.45
21313,8,204.68
21314,8,214.85
21315,5,428.31
21316,8,463.36
21317,8,270.25
21318,6,131.63
21319,3,181.8
21320,10,58.81
21321,9,232.74
21322,7,72.13
21323,9,290.11
21324,5,226.35
21325,8,221.94
21326,7,379.24
21327,10,49.99
21328,2,304.68
21329,6,90.2
21330,5,71.83
21331,10,332.33
21332,10,113.19
21333,8,223.26
21334,10,253.15
21335,1,270.16
21336,6,216.03
21337,8,166.09
21338,2,22.82
21339,6,424.4
21340,7,369.49
21341,4,400.29
21342,10,329.54
21343,7,247.62
21344,5,429.3
21345,8,243.96
21346,8,459.18
21347,2,143.13
21348,6,404.43
21349,8,472.87
21350,1,76.04
21351,6,498.05
21352,1,351.63
21353,6,190.58
21354,5,135.46
21355,5,27.53
21356,10,349.07
21357,9,167.15
21358,6,74.77
21359,7,496.75
21360,4,250.4
21361,5,467.56
21362,9,141.85
21363,6,368.96
21364,8,201.28
21365,7,113.16
21366,6,348.03
21367,3,11.58
21368,6,22.93
21369,10,450.26
21370,4,392.37
21371,8,88.67
21372,8,74.06
21373,3,242.65
21374,10,170.22
21375,9,441.56
21376,8,39.49
21377,9,294.72
21378,5,422.33
21379,3,370.34
21380,7,410.28
21381,1,125.03
21382,7,407.37
21383,9,25.25
21384,3,391.16
21385,7,343.86
21386,5,139.46
21387,3,324.3
21388,10,481.58
21389,5,106.31
21390,6,32.63
21391,8,305.55
21392,7,402.96
21393,7,183.89
21394,8,252.91
21395,8,343.57
21396,5,78.39
21397,8,62.02
21398,5,286.48
21399,2,297.35
21400,7,104.59
21401,7,295.15
21402,1,428.72
21403,8,403.38
21404,6,307.62
21405,6,27.68
21406,7,307.15
21407,6,219.27
21408,8,269.78
21409,8,316.19
21410,3,112.0
21411,8,338.25
21412,1,266.7
21413,4,115.72
21414,5,414.17
21415,10,19.01
21416,4,474.0
21417,8,156.83
21418,3,417.29
21419,7,291.37
21420,3,381.37
21421,5,315.52
21422,2,280.58
21423,2,351.38
21424,10,322.97
21425,10,310.45
21426,2,325.98
21427,3,290.46
21428,5,216.06
21429,5,29.32
21430,2,495.55
21431,9,86.29
21432,8,496.81
21433,2,138.95
21434,6,299.16
21435,2,488.87
21436,3,23.47
21437,4,414.94
21438,10,408.66
21439,1,496.46
21440,10,476.5
21441,7,343.19
21442,10,134.37
21443,4,291.24
21444,5,415.28
21445,9,341.08
21446,8,185.05
21447,5,444.44
21448,9,255.45
21449,7,128.74
21450,8,128.25
21451,9,318.66
21452,6,36.32
21453,4,14.77
21454,3,438.36
21455,8,397.27
21456,2,497.77
21457,10,110.13
21458,2,206.51
21459,6,32.83
21460,6,182.73
21461,3,218.01
21462,10,307.1
21463,5,432.34
21464,5,341.03
21465,9,130.58
21466,8,80.36
21467,9,362.16
21468,8,298.7
21469,4,369.56
21470,9,289.0
21471,5,431.7
21472,2,402.65
21473,9,484.09
21474,8,91.21
21475,8,245.26
21476,8,396.34
21477,7,460.47
21478,2,35.48
21479,1,227.13
21480,3,302.44
21481,10,479.03
21482,7,163.61
21483,5,59.16
21484,6,248.18
21485,2,336.2
21486,1,78.96
21487,5,19.89
21488,2,355.14
21489,1,235.49
21490,2,287.72
21491,3,301.62
21492,5,132.18
21493,4,233.63
21494,3,216.94
21495,8,269.26
21496,2,152.64
21497,7,118.79
21498,6,165.75
21499,2,295.4
21500,6,112.42
21501,2,334.24
21502,1,442.31
21503,6,260.47
21504,6,203.88
21505,4,477.65
21506,2,408.18
21507,8,38.19
21508,1,364.71
21509,2,493.68
21510,8,144.86
21511,4,55.22
21512,8,186.14
21513,1,402.94
21514,4,13.34
21515,2,355.77
21516,8,114.42
21517,4,125.66
21518,10,245.73
21519,1,50.88
21520,1,57.88
21521,5,287.18
21522,7,86.68
21523,9,312.12
21524,3,460.48
21525,3,475.16
21526,5,17.62
21527,1,213.8
21528,4,266.87
21529,6,142.26
21530,10,218.91
21531,7,35.97
21532,6,429.03
21533,5,132.28
21534,9,363.71
21535,5,416.05
21536,2,41.43
21537,9,358.5
21538,1,497.01
21539,1,478.86
21540,6,35.77
21541,6,375.72
21542,2,356.79
21543,10,472.43
21544,10,483.83
21545,7,38.48
21546,3,246.14
21547,10,392.42
21548,5,400.38
21549,8,498.38
21550,10,224.14
21551,1,425.2
21552,5,457.26
21553,6,194.25
21554,6,241.38
21555,1,420.32
21556,3,97.94
21557,7,433.81
21558,1,199.53
21559,5,334.83
21560,9,213.37
21561,2,392.38
21562,8,175.38
21563,5,441.11
21564,9,88.09
21565,8,63.59
21566,2,157.05
21567,9,415.4
21568,2,197.51
21569,6,482.61
21570,1,474.15
21571,10,254.62
21572,6,183.52
21573,8,30.6
21574,3,206.73
21575,9,196.89
21576,6,444.92
21577,5,142.71
21578,5,54.79
21579,5,454.01
21580,5,375.83
21581,10,486.73
21582,5,385.22
21583,7,251.91
21584,1,269.72
21585,1,352.99
21586,1,41.75
21587,2,121.39
21588,9,332.38
21589,3,211.25
21590,5,440.11
21591,8,31.07
21592,3,134.85
21593,7,365.55
21594,9,67.03
21595,3,438.31
21596,1,228.19
21597,7,333.14
21598,2,225.18
21599,1,31.6
21600,9,48.13
21601,5,117.78
21602,6,292.62
21603,3,339.13
21604,4,302.02
21605,8,201.8
21606,2,344.75
21607,6,133.27
21608,8,393.88
21609,6,28.5
21610,8,221.89
21611,2,347.03
21612,8,180.45
21613,2,358.08
21614,9,441.48
21615,1,450.57
21616,8,281.26
21617,3,258.38
21618,6,187.67
21619,7,60.3
21620,7,461.28
21621,8,401.58
21622,7,219.66
21623,3,347.15
21624,10,365.8
21625,3,281.08
21626,4,156.7
21627,2,136.88
21628,1,475.83
21629,10,399.82
21630,2,187.57
21631,8,476.51
21632,6,314.86
21633,9,118.8
21634,7,477.33
21635,8,456.68
21636,5,394.72
21637,1,448.7
21638,10,60.11
21639,1,179.19
21640,10,406.12
21641,5,347.16
21642,7,299.54
21643,9,494.59
21644,9,24.34
21645,3,338.87
21646,3,177.7
21647,7,400.82
21648,1,270.74
21649,7,57.06
21650,1,431.25
21651,9,28.77
21652,6,250.54
21653,1,398.14
21654,7,438.75
21655,3,361.66
21656,7,361.95
21657,8,40.51
21658,6,464.27
21659,10,182.35
21660,10,61.75
21661,2,201.8
21662,7,379.11
21663,7,355.59
21664,3,491.46
21665,7,439.22
21666,6,275.43
21667,7,462.61
21668,4,199.02
21669,1,75.05
21670,6,129.3
21671,7,261.58
21672,4,463.8
21673,1,313.23
21674,3,169.85
21675,5,186.2
21676,9,497.14
21677,1,199.73
21678,5,18.99
21679,8,283.98
21680,8,411.5
21681,9,254.03
21682,2,410.44
21683,9,458.24
21684,5,447.1
21685,1,491.3
21686,1,224.14
21687,6,274.56
21688,9,150.73
21689,4,427.31
21690,10,123.4
21691,1,380.67
21692,5,220.99
21693,4,353.77
21694,6,419.91
21695,7,10.64
21696,9,308.52
21697,8,444.92
21698,7,145.2
21699,4,240.45
21700,10,400.43
21701,5,148.5
21702,10,488.99
21703,6,376.31
21704,4,38.27
21705,8,17.23
21706,8,330.88
21707,10,21.56
21708,8,218.47
21709,6,65.66
21710,4,12.15
21711,1,167.11
21712,1,449.58
21713,2,448.56
21714,9,464.53
21715,6,458.62
21716,6,156.4
21717,4,452.42
21718,9,389.65
21719,9,148.55
21720,8,160.65
21721,7,88.36
21722,3,255.67
21723,1,227.76
21724,6,164.22
21725,3,16.44
21726,3,481.41
21727,6,45.75
21728,6,450.2
21729,2,102.38
21730,3,133.92
21731,2,55.02
21732,8,280.9
21733,8,339.52
21734,6,16.59
21735,6,69.82
21736,10,375.63
21737,2,439.85
21738,5,53.02
21739,1,185.84
21740,2,412.64
21741,2,72.32
21742,1,251.38
21743,1,488.99
21744,6,43.2
21745,7,294.43
21746,4,115.97
21747,3,241.68
21748,10,81.25
21749,7,285.26
21750,10,139.96
21751,4,260.35
21752,10,109.5
21753,10,468.48
21754,6,97.3
21755,4,305.34
21756,7,489.59
21757,6,212.26
21758,7,407.49
21759,8,49.67
21760,5,416.42
21761,2,109.76
21762,4,308.77
21763,5,311.67
21764,3,326.14
21765,9,494.35
21766,2,288.07
21767,7,200.79
21768,5,436.12
21769,7,155.77
21770,7,181.47
21771,4,51.18
21772,5,451.55
21773,6,349.56
21774,10,487.73
21775,5,192.69
21776,7,280.44
21777,2,190.4
21778,9,295.99
21779,2,458.91
21780,7,353.61
21781,2,271.71
21782,10,279.79
21783,8,439.93
21784,4,127.53
21785,1,73.08
21786,1,147.78
21787,4,127.93
21788,4,348.84
21789,9,319.36
21790,4,60.79
21791,10,199.43
21792,3,168.95
21793,10,365.88
21794,3,252.87
21795,5,12.83
21796,5,130.13
21797,9,459.28
21798,7,220.08
21799,5,238.98
21800,8,329.64
21801,7,30.98
21802,3,237.41
21803,8,369.51
21804,10,215.05
21805,7,109.24
21806,9,24.18
21807,4,485.78
21808,8,104.83
21809,1,423.14
21810,9,488.29
21811,3,108.61
21812,1,286.48
21813,1,55.75
21814,10,275.58
21815,5,237.43
21816,1,319.14
21817,8,187.35
21818,9,349.27
21819,7,77.92
21820,1,286.09
21821,7,421.35
21822,7,235.59
21823,3,257.69
21824,2,440.89
21825,9,474.24
21826,7,15.52
21827,7,389.77
21828,7,428.22
21829,9,343.66
21830,9,41.01
21831,3,248.31
21832,1,162.67
21833,3,191.05
21834,9,339.27
21835,7,168.04
21836,1,216.92
21837,2,342.03
21838,10,75.74
21839,5,59.42
21840,10,308.73
21841,8,496.77
21842,8,14.11
21843,2,30.23
21844,1,270.27
21845,5,283.79
21846,1,312.72
21847,6,443.67
21848,5,136.13
21849,9,493.18
21850,9,291.02
21851,5,449.72
21852,9,130.87
21853,5,214.07
21854,6,274.2
21855,8,458.83
21856,3,199.58
21857,3,58.98
21858,2,338.28
21859,9,346.99
21860,7,354.58
21861,7,155.85
21862,6,461.73
21863,10,443.23
21864,8,321.35
21865,5,119.06
21866,1,270.29
21867,9,14.22
21868,4,228.11
21869,3,461.95
21870,6,355.96
21871,4,225.02
21872,3,214.95
21873,9,268.48
21874,1,150.79
21875,2,173.48
21876,6,248.44
21877,2,125.12
21878,8,108.14
21879,2,149.02
21880,3,486.81
21881,2,421.96
21882,6,199.97
21883,3,142.35
21884,10,305.12
21885,5,130.66
21886,2,253.42
21887,9,87.93
21888,4,363.98
21889,1,182.41
21890,10,244.02
21891,7,76.08
21892,9,161.36
21893,1,461.58
21894,8,265.22
21895,7,134.0
21896,1,384.35
21897,6,226.69
21898,5,209.08
21899,7,78.07
21900,10,311.08
21901,8,260.39
21902,6,422.82
21903,6,319.25
21904,6,452.45
21905,5,83.35
21906,6,285.49
21907,7,206.93
21908,3,308.96
21909,10,307.48
21910,8,89.39
21911,7,241.37
21912,5,31.4
21913,1,58.46
21914,5,61.06
21915,9,90.18
21916,4,282.98
21917,9,267.55
21918,4,311.91
21919,4,418.81
21920,10,267.12
21921,3,86.02
21922,5,217.37
21923,9,372.42
21924,3,285.87
21925,7,491.65
21926,1,121.06
21927,7,192.73
21928,5,324.3
21929,1,284.18
21930,5,108.38
21931,2,355.96
21932,10,88.86
21933,3,245.71
21934,6,11.99
21935,7,25.41
21936,2,82.84
21937,7,212.17
21938,5,429.12
21939,1,296.88
21940,7,46.98
21941,10,393.76
21942,10,454.47
21943,2,13.11
21944,10,62.13
21945,7,184.25
21946,10,437.77
21947,5,176.51
21948,5,468.39
21949,4,28.98
21950,2,242.54
21951,9,435.95
21952,7,73.84
21953,8,366.32
21954,3,404.15
21955,1,456.55
21956,6,98.64
21957,3,176.54
21958,9,289.6
21959,8,346.39
21960,4,37.68
21961,4,87.34
21962,7,496.01
21963,6,412.27
21964,7,289.08
21965,2,32.47
21966,8,38.97
21967,9,342.59
21968,7,377.99
21969,2,433.62
21970,8,55.67
21971,5,10.46
21972,3,185.22
21973,1,209.5
21974,3,82.37
21975,8,497.03
21976,5,130.15
21977,10,326.72
21978,7,175.83
21979,7,340.12
21980,6,39.83
21981,6,486.85
21982,5,254.55
21983,8,339.24
21984,5,48.97
21985,7,17.29
21986,9,193.26
21987,10,439.84
21988,4,361.35
21989,9,273.37
21990,8,178.25
21991,10,323.26
21992,9,251.84
21993,6,286.25
21994,3,39.07
21995,2,339.82
21996,6,90.19
21997,9,371.5
21998,3,383.72
21999,1,404.85
22000,2,205.69
22001,5,366.98
22002,1,456.04
22003,4,317.32
22004,3,305.52
22005,8,234.41
22006,5,154.51
22007,5,121.36
22008,3,300.64
22009,5,179.07
22010,8,267.4
22011,8,349.68
22012,5,440.3
22013,1,154.52
22014,8,472.11
22015,3,138.3
22016,7,362.49
22017,10,245.61
22018,9,113.43
22019,5,60.36
22020,1,210.94
22021,2,20.67
22022,10,290.43
22023,9,152.87
22024,3,310.67
22025,3,293.68
22026,4,42.35
22027,5,74.26
22028,3,256.35
22029,7,184.19
22030,6,480.6
22031,8,485.11
22032,1,484.08
22033,3,149.25
22034,10,45.01
22035,6,325.19
22036,8,286.24
22037,10,53.41
22038,9,374.26
22039,4,139.6
22040,6,447.2
22041,6,481.02
22042,3,497.01
22043,4,150.54
22044,5,144.86
22045,8,348.97
22046,9,388.36
22047,7,428.13
22048,4,44.85
22049,4,299.55
22050,10,327.75
22051,4,168.11
22052,8,274.54
22053,5,429.87
22054,10,20.07
22055,8,112.54
22056,2,86.46
22057,3,45.93
22058,2,399.13
22059,3,202.79
22060,3,56.38
22061,9,48.58
22062,5,138.66
22063,8,487.59
22064,9,295.98
22065,8,321.47
22066,8,35.41
22067,1,191.26
22068,1,227.53
22069,10,191.8
22070,1,322.85
22071,3,198.57
22072,4,100.9
22073,7,97.86
22074,5,359.76
22075,4,73.7
22076,6,231.97
22077,1,479.31
22078,8,307.12
22079,1,135.11
22080,8,29.65
22081,9,314.54
22082,4,226.06
22083,9,254.39
22084,6,89.91
22085,4,313.96
22086,10,222.98
22087,4,200.51
22088,2,407.27
22089,5,187.35
22090,5,62.74
22091,10,277.22
22092,4,491.08
22093,6,231.66
22094,10,85.27
22095,3,205.89
22096,3,373.76
22097,1,59.3
22098,6,61.28
22099,10,364.51
22100,6,91.31
22101,5,228.7
22102,9,417.28
22103,8,479.29
22104,6,324.96
22105,4,104.6
22106,4,44.63
22107,8,291.32
22108,4,44.9
22109,4,324.16
22110,8,171.44
22111,7,441.13
22112,10,417.6
22113,2,431.09
22114,7,186.78
22115,1,79.82
22116,1,402.87
22117,1,94.05
22118,9,217.83
22119,10,387.84
22120,6,445.02
22121,9,338.46
22122,8,37.64
22123,1,182.01
22124,3,471.73
22125,4,261.24
22126,1,438.55
22127,7,104.71
22128,10,353.09
22129,6,451.17
22130,8,419.0
22131,7,493.28
22132,4,93.6
22133,9,239.16
22134,10,454.36
22135,3,357.37
22136,8,150.62
22137,7,389.61
22138,3,203.66
22139,9,341.4
22140,8,165.46
22141,2,47.59
22142,6,90.12
22143,5,382.23
22144,4,274.14
22145,3,431.03
22146,1,227.79
22147,8,305.27
22148,2,162.14
22149,5,133.04
22150,10,141.15
22151,2,300.92
22152,10,194.05
22153,5,164.63
22154,10,485.89
22155,7,96.15
22156,5,337.87
22157,9,146.2
22158,10,474.45
22159,3,385.79
22160,8,471.21
22161,2,423.46
22162,8,428.32
22163,4,336.22
22164,7,268.69
22165,1,327.06
22166,1,167.04
22167,2,448.89
22168,3,181.29
22169,2,397.25
22170,4,53.93
22171,9,222.94
22172,3,498.64
22173,8,184.01
22174,2,144.21
22175,6,212.98
22176,2,313.43
22177,7,366.82
22178,7,400.14
22179,2,362.76
22180,1,361.03
22181,4,143.33
22182,1,386.66
22183,1,493.75
22184,7,330.48
22185,6,232.26
22186,5,236.1
22187,7,423.64
22188,7,187.75
22189,8,442.38
22190,3,298.1
22191,8,245.05
22192,5,50.96
22193,1,175.41
22194,7,264.63
22195,10,20.3
22196,3,128.24
22197,1,309.86
22198,5,446.69
22199,7,382.77
22200,3,67.47
22201,8,321.87
22202,7,420.55
22203,7,475.88
22204,6,117.95
22205,8,117.67
22206,1,167.77
22207,5,90.81
22208,10,10.03
22209,8,357.58
22210,2,321.12
22211,7,82.98
22212,4,40.58
22213,10,403.51
22214,7,64.6
22215,1,244.71
22216,1,221.6
22217,2,204.68
22218,1,117.92
22219,8,38.26
22220,10,38.72
22221,2,68.62
22222,10,323.49
22223,8,227.1
22224,7,340.62
22225,2,301.27
22226,5,212.08
22227,1,288.18
22228,10,199.75
22229,1,279.26
22230,5,311.78
22231,2,432.87
22232,3,306.49
22233,9,117.3
22234,9,338.07
22235,8,275.12
22236,5,358.95
22237,8,426.26
22238,9,259.14
22239,9,85.03
22240,4,233.08
22241,10,207.6
22242,9,373.0
22243,9,346.41
22244,3,229.03
22245,5,461.09
22246,3,470.02
22247,4,15.98
22248,1,289.24
22249,8,41.75
22250,6,136.1
22251,6,299.3
22252,6,17.82
22253,4,427.49
22254,4,198.48
22255,3,366.14
22256,2,42.16
22257,6,197.11
22258,9,483.86
22259,5,18.7
22260,3,454.08
22261,3,474.25
22262,7,161.21
22263,10,324.85
22264,2,323.95
22265,8,49.07
22266,6,37.41
22267,5,338.35
22268,3,335.32
22269,4,333.72
22270,6,454.1
22271,7,322.96
22272,8,491.86
22273,2,400.19
22274,2,442.17
22275,10,40.74
22276,2,261.2
22277,2,357.49
22278,7,405.5
22279,1,22.9
22280,8,301.13
22281,5,221.78
22282,5,147.9
22283,5,39.39
22284,6,344.35
22285,9,41.81
22286,2,306.38
22287,4,311.95
22288,3,252.31
22289,10,444.45
22290,2,314.9
22291,3,222.67
22292,9,302.3
22293,1,315.58
22294,7,479.04
22295,1,323.84
22296,9,45.58
22297,5,161.07
22298,2,220.16
22299,7,436.83
22300,7,57.05
22301,8,382.03
22302,3,419.28
22303,5,89.96
22304,1,210.52
22305,8,34.57
22306,1,177.72
22307,9,374.58
22308,6,281.64
22309,5,499.48
22310,1,134.92
22311,8,247.42
22312,10,487.74
22313,6,353.82
22314,3,149.59
22315,1,26.41
22316,1,106.68
22317,6,41.61
22318,9,433.77
22319,2,229.19
22320,10,283.61
22321,7,97.26
22322,3,346.27
22323,10,158.84
22324,8,215.48
22325,2,308.91
22326,10,482.98
22327,6,433.28
22328,4,98.76
22329,6,46.89
22330,10,28.57
22331,1,76.78
22332,7,123.88
22333,5,466.81
22334,3,491.82
22335,8,460.48
22336,8,351.71
22337,8,36.88
22338,6,292.86
22339,3,217.1
22340,3,125.05
22341,6,373.28
22342,5,107.27
22343,5,135.47
22344,3,54.79
22345,9,320.46
22346,2,69.15
22347,6,243.87
22348,10,145.47
22349,2,339.38
22350,6,436.35
22351,2,113.25
22352,9,383.78
22353,6,491.51
22354,4,86.98
22355,4,240.57
22356,1,257.08
22357,4,308.8
22358,4,67.53
22359,6,449.64
22360,6,83.33
22361,4,82.13
22362,4,133.05
22363,3,57.04
22364,4,288.78
22365,8,397.88
22366,7,169.69
22367,7,91.23
22368,1,250.51
22369,4,193.16
22370,1,215.96
22371,5,429.78
22372,6,387.94
22373,9,31.71
22374,5,393.14
22375,3,310.42
22376,5,30.42
22377,9,88.03
22378,7,101.72
22379,6,265.57
22380,3,292.5
22381,8,21.42
22382,7,439.56
22383,3,318.72
22384,6,435.78
22385,8,364.73
22386,7,19.54
22387,1,189.92
22388,9,75.16
22389,3,214.85
22390,4,469.17
22391,2,486.26
22392,8,192.91
22393,1,41.12
22394,6,107.0
22395,3,321.6
22396,8,376.16
22397,4,419.42
22398,2,416.42
22399,5,469.23
22400,8,243.63
22401,6,380.99
22402,9,259.57
22403,7,113.66
22404,8,53.98
22405,8,493.92
22406,10,273.19
22407,1,267.26
22408,6,131.6
22409,3,274.42
22410,10,279.87
22411,2,401.07
22412,3,330.81
22413,4,492.38
22414,10,201.27
22415,6,231.92
22416,6,424.07
22417,8,398.13
22418,7,142.22
22419,5,172.77
22420,3,316.87
22421,7,85.8
22422,3,85.06
22423,9,482.7
22424,4,394.61
22425,7,417.25
22426,5,401.99
22427,3,298.16
22428,7,69.79
22429,9,37.87
22430,2,283.91
22431,7,31.74
22432,7,289.45
22433,4,306.55
22434,5,176.54
22435,1,476.07
22436,9,107.84
22437,3,312.01
22438,2,196.76
22439,10,262.99
22440,7,17.21
22441,3,247.52
22442,6,353.54
22443,2,377.6
22444,4,216.54
22445,4,320.65
22446,6,194.54
22447,6,329.16
22448,7,457.33
22449,6,317.01
22450,10,197.83
22451,5,45.93
22452,4,166.36
22453,9,269.06
22454,10,295.39
22455,1,341.91
22456,9,445.9
22457,9,468.63
22458,1,267.39
22459,2,443.35
22460,1,235.59
22461,5,301.96
22462,3,457.9
22463,4,354.96
22464,1,129.8
22465,7,260.56
22466,9,328.58
22467,9,334.55
22468,5,137.92
22469,5,112.62
22470,8,75.82
22471,2,421.8
22472,3,221.45
22473,8,496.85
22474,7,114.08
22475,9,392.86
22476,4,390.13
22477,2,360.4
22478,2,345.13
22479,9,36.86
22480,5,124.14
22481,5,352.23
22482,1,387.86
22483,8,289.3
22484,8,171.43
22485,7,261.18
22486,5,96.52
22487,9,69.55
22488,1,42.2
22489,9,425.63
22490,8,146.84
22491,3,303.21
22492,4,61.35
22493,3,482.62
22494,6,313.37
22495,8,161.49
22496,1,116.43
22497,3,346.16
22498,2,75.14
22499,8,268.63
22500,8,395.41
22501,1,161.13
22502,4,435.64
22503,8,429.45
22504,9,276.78
22505,2,437.71
22506,9,165.56
22507,3,21.85
22508,4,21.91
22509,5,67.01
22510,6,73.84
22511,8,92.06
22512,7,53.82
22513,10,60.43
22514,10,178.62
22515,2,467.75
22516,1,487.05
22517,2,235.24
22518,3,381.29
22519,2,120.5
22520,3,86.49
22521,9,329.65
22522,2,115.51
22523,8,477.95
22524,3,24.65
22525,10,329.81
22526,9,444.95
22527,2,417.94
22528,5,12.39
22529,5,200.2
22530,7,50.36
22531,4,409.82
22532,1,468.48
22533,8,79.98
22534,8,86.79
22535,5,188.59
22536,10,478.4
22537,1,222.61
22538,4,348.05
22539,6,122.06
22540,4,187.59
22541,2,477.81
22542,3,216.39
22543,6,487.33
22544,1,163.03
22545,10,143.33
22546,2,247.82
22547,1,440.46
22548,6,336.12
22549,6,59.24
22550,4,332.19
22551,1,299.92
22552,8,109.48
22553,10,419.1
22554,3,153.77
22555,1,244.1
22556,2,322.49
22557,4,175.6
22558,7,213.29
22559,4,125.89
22560,1,118.93
22561,7,120.39
22562,9,478.41
22563,6,245.45
22564,4,118.43
22565,2,298.14
22566,9,19.52
22567,1,23.56
22568,9,156.24
22569,7,79.39
22570,7,249.19
22571,1,55.34
22572,5,220.96
22573,4,327.71
22574,5,201.75
22575,1,482.89
22576,1,120.32
22577,5,386.58
22578,6,434.95
22579,6,260.33
22580,5,200.37
22581,5,324.99
22582,1,57.86
22583,2,383.76
22584,10,20.42
22585,4,92.9
22586,2,193.9
22587,6,61.53
22588,9,278.3
22589,10,13.41
22590,1,423.11
22591,2,427.31
22592,6,25.85
22593,6,68.79
22594,10,463.24
22595,7,409.23
22596,8,241.85
22597,6,403.18
22598,5,206.61
22599,7,327.28
22600,3,340.08
22601,9,317.37
22602,5,495.89
22603,10,340.2
22604,6,218.24
22605,9,417.5
22606,8,394.45
22607,3,14.98
22608,1,135.97
22609,9,489.75
22610,2,445.99
22611,4,197.89
22612,6,121.47
22613,8,194.53
22614,5,53.31
22615,5,394.75
22616,8,66.35
22617,10,468.45
22618,5,175.19
22619,2,433.18
22620,6,294.43
22621,6,17.51
22622,9,480.86
22623,1,81.12
22624,10,449.89
22625,7,362.26
22626,6,159.45
22627,4,487.2
22628,7,456.52
22629,5,76.26
22630,8,347.08
22631,10,134.56
22632,7,318.3
22633,1,477.43
22634,10,22.15
22635,9,470.8
22636,5,168.47
22637,9,67.05
22638,7,335.86
22639,8,30.19
22640,4,214.99
22641,8,154.84
22642,8,39.03
22643,7,16.25
22644,3,187.87
22645,6,168.27
22646,4,333.76
22647,2,102.22
22648,2,230.55
22649,3,497.04
22650,9,23.8
22651,10,179.75
22652,2,250.98
22653,5,342.69
22654,2,200.3
22655,8,310.89
22656,6,387.97
22657,5,281.69
22658,9,65.67
22659,4,310.65
22660,4,380.02
22661,10,374.02
22662,10,318.99
22663,2,22.89
22664,9,90.18
22665,10,217.41
22666,6,222.69
22667,2,76.94
22668,1,392.91
22669,7,149.6
22670,5,363.22
22671,8,194.25
22672,8,281.95
22673,6,197.38
22674,6,450.49
22675,9,138.13
22676,6,38.4
22677,2,327.9
22678,5,131.43
22679,10,294.37
22680,3,184.53
22681,1,441.51
22682,10,443.23
22683,9,221.65
22684,1,80.68
22685,6,318.04
22686,2,132.93
22687,9,341.33
22688,3,167.94
22689,6,79.07
22690,4,100.97
22691,9,383.0
22692,6,418.11
22693,2,272.99
22694,2,431.94
22695,10,397.91
22696,9,27.31
22697,6,100.98
22698,4,406.57
22699,1,426.6
22700,6,105.43
22701,7,249.6
22702,1,369.64
22703,9,120.24
22704,1,121.23
22705,9,151.86
22706,2,371.43
22707,8,237.32
22708,7,300.31
22709,2,295.02
22710,2,369.88
22711,6,16.22
22712,8,441.76
22713,10,234.52
22714,10,183.46
22715,8,153.69
22716,5,180.69
22717,5,22.0
22718,7,299.64
22719,2,445.92
22720,4,259.82
22721,7,240.7
22722,9,325.32
22723,4,67.06
22724,6,375.1
22725,6,212.44
22726,7,308.06
22727,10,458.2
22728,10,90.11
22729,7,98.23
22730,7,121.02
22731,8,117.04
22732,5,474.41
22733,8,380.46
22734,4,341.43
22735,10,48.63
22736,1,169.97
22737,7,384.75
22738,2,462.72
22739,5,40.82
22740,4,161.01
22741,1,447.46
22742,7,264.0
22743,4,83.65
22744,10,392.28
22745,8,198.48
22746,9,52.07
22747,7,26.36
22748,6,407.07
22749,2,295.68
22750,8,398.3
22751,3,343.55
22752,3,434.19
22753,7,377.18
22754,8,132.67
22755,4,236.62
22756,9,32.18
22757,4,485.29
22758,9,497.7
22759,4,150.75
22760,4,178.78
22761,8,360.72
22762,7,377.31
22763,3,212.89
22764,2,63.24
22765,5,236.02
22766,3,22.33
22767,4,135.12
22768,9,245.92
22769,4,369.16
22770,5,69.31
22771,6,466.55
22772,7,436.7
22773,8,452.33
22774,4,41.46
22775,2,391.44
22776,9,271.56
22777,10,96.3
22778,7,123.38
22779,1,16.76
22780,9,445.13
22781,5,119.56
22782,4,32.22
22783,5,278.03
22784,6,242.22
22785,2,208.25
22786,7,14.79
22787,9,484.31
22788,5,449.56
22789,9,345.06
22790,1,378.02
22791,3,147.84
22792,7,405.15
22793,3,282.32
22794,3,221.79
22795,8,110.56
22796,7,26.65
22797,9,234.18
22798,7,418.9
22799,2,138.33
22800,4,347.88
22801,9,51.84
22802,8,456.34
22803,3,298.84
22804,4,264.85
22805,1,159.71
22806,1,328.47
22807,1,390.35
22808,9,395.69
22809,4,145.82
22810,2,330.72
22811,7,150.25
22812,7,134.99
22813,3,365.42
22814,4,284.82
22815,7,281.94
22816,2,109.7
22817,4,463.66
22818,8,328.0
22819,3,321.47
22820,9,60.6
22821,2,188.25
22822,4,332.99
22823,3,188.87
22824,9,272.12
22825,1,466.94
22826,2,108.05
22827,8,41.1
22828,1,329.32
22829,4,256.79
22830,2,457.8
22831,8,382.02
22832,8,207.8
22833,3,260.34
22834,5,302.95
22835,1,241.32
22836,7,457.54
22837,5,270.07
22838,2,11.86
22839,1,131.61
22840,2,214.55
22841,9,46.52
22842,9,260.26
22843,4,227.67
22844,4,304.85
22845,9,171.18
22846,10,119.41
22847,1,390.78
22848,3,483.12
22849,3,395.7
22850,9,57.24
22851,7,290.36
22852,4,300.85
22853,4,415.49
22854,7,299.13
22855,3,129.06
22856,3,30.94
22857,3,319.85
22858,9,213.02
22859,2,176.92
22860,3,123.29
22861,1,410.62
22862,7,254.17
22863,1,41.61
22864,10,146.92
22865,8,28.33
22866,2,145.71
22867,2,425.89
22868,9,444.81
22869,1,135.11
22870,8,61.54
22871,3,28.2
22872,9,108.76
22873,7,72.8
22874,9,228.75
22875,9,171.57
22876,3,114.89
22877,8,276.82
22878,9,218.61
22879,2,245.03
22880,4,403.46
22881,3,400.9
22882,8,484.74
22883,1,354.71
22884,4,309.5
22885,6,323.9
22886,4,209.74
22887,10,431.31
22888,1,219.06
22889,8,152.97
22890,7,300.9
22891,5,325.76
22892,7,208.29
22893,4,340.97
22894,8,373.26
22895,6,214.08
22896,2,454.03
22897,9,143.46
22898,4,177.9
22899,8,246.01
22900,8,445.71
22901,6,285.8
22902,10,145.52
22903,6,257.5
22904,7,46.12
22905,9,456.88
22906,4,225.51
22907,5,275.25
22908,10,452.95
22909,4,381.71
22910,7,28.39
22911,3,141.65
22912,6,12.13
22913,6,417.98
22914,7,253.3
22915,1,86.15
22916,8,407.89
22917,3,312.75
22918,10,282.14
22919,2,457.44
22920,2,364.41
22921,4,224.7
22922,7,112.08
22923,3,298.66
22924,1,119.17
22925,9,496.49
22926,1,158.97
22927,8,135.18
22928,3,224.15
22929,9,469.53
22930,9,368.26
22931,6,166.32
22932,2,17.44
22933,7,390.58
22934,2,311.21
22935,10,236.63
22936,1,434.65
22937,9,111.42
22938,4,342.42
22939,4,72.67
22940,5,25.82
22941,8,399.23
22942,10,152.56
22943,6,451.87
22944,2,444.8
22945,7,193.01
22946,6,188.8
22947,8,157.63
22948,7,113.97
22949,3,282.07
22950,1,345.89
22951,8,338.12
22952,1,394.27
22953,7,39.07
22954,6,495.46
22955,8,112.99
22956,5,66.74
22957,10,208.32
22958,1,375.72
22959,7,415.74
22960,7,440.52
22961,2,333.4
22962,4,491.88
22963,8,195.45
22964,1,404.21
22965,3,153.71
22966,6,194.54
22967,8,354.17
22968,2,260.03
22969,5,114.33
22970,7,434.74
22971,8,170.79
22972,6,425.01
22973,6,138.8
22974,1,198.41
22975,4,141.48
22976,3,214.78
22977,6,105.23
22978,9,277.81
22979,5,307.92
22980,10,476.77
22981,10,206.13
22982,1,277.9
22983,2,261.81
22984,6,263.59
22985,1,151.34
22986,5,323.32
22987,4,215.33
22988,4,469.46
22989,9,228.01
22990,6,61.6
22991,7,69.26
22992,10,441.12
22993,8,310.11
22994,3,87.5
22995,10,112.06
22996,1,304.32
22997,5,154.21
22998,2,346.39
22999,2,397.63
23000,5,496.88
23001,6,171.88
23002,8,307.26
23003,10,24.97
23004,1,242.98
23005,6,206.53
23006,9,247.71
23007,4,38.13
23008,4,471.16
23009,6,228.91
23010,9,487.85
23011,8,351.92
23012,6,63.49
23013,1,149.56
23014,4,205.48
23015,8,246.81
23016,7,498.42
23017,10,187.02
23018,10,331.65
23019,4,374.26
23020,3,142.94
23021,10,197.68
23022,4,239.28
23023,10,216.62
23024,6,170.93
23025,8,295.48
23026,2,406.44
23027,1,420.37
23028,5,173.9
23029,1,462.06
23030,9,355.38
23031,5,452.06
23032,4,284.31
23033,9,77.74
23034,10,228.97
23035,10,146.63
23036,2,125.42
23037,7,199.57
23038,5,385.6
23039,9,218.95
23040,9,306.12
23041,10,201.52
23042,1,264.49
23043,8,263.93
23044,4,286.77
23045,2,493.58
23046,5,69.88
23047,4,168.54
23048,1,375.48
23049,10,149.8
23050,1,346.63
23051,5,137.6
23052,5,101.27
23053,1,231.84
23054,6,157.08
23055,6,365.91
23056,8,284.75
23057,2,39.85
23058,6,133.75
23059,3,279.31
23060,5,453.37
23061,8,165.63
23062,2,437.32
23063,4,309.37
23064,5,197.1
23065,1,127.22
23066,9,92.49
23067,9,470.91
23068,1,121.91
23069,7,266.37
23070,10,308.56
23071,2,341.22
23072,1,284.32
23073,6,272.12
23074,8,234.93
23075,8,185.53
23076,2,103.78
23077,10,115.59
23078,10,317.68
23079,6,202.91
23080,8,420.39
23081,8,348.89
23082,5,388.87
23083,7,409.09
23084,2,383.91
23085,8,391.08
23086,2,264.2
23087,3,209.1
23088,8,370.06
23089,9,211.47
23090,7,452.0
23091,4,385.15
23092,7,111.74
23093,9,68.5
23094,1,469.84
23095,3,374.67
23096,7,73.61
23097,10,262.7
23098,5,23.34
23099,5,207.18
23100,6,406.49
23101,5,287.84
23102,8,24.85
23103,6,120.25
23104,5,141.82
23105,4,410.39
23106,10,328.42
23107,5,60.56
23108,2,329.85
23109,7,93.49
23110,9,329.55
23111,2,353.31
23112,9,311.71
23113,5,459.77
23114,3,270.99
23115,1,397.03
23116,10,89.82
23117,1,184.12
23118,7,167.46
23119,5,320.16
23120,7,267.07
23121,10,215.2
23122,1,28.79
23123,2,304.54
23124,4,102.19
23125,6,75.19
23126,5,17.14
23127,5,447.25
23128,2,464.65
23129,8,170.26
23130,5,350.64
23131,3,236.46
23132,9,214.45
23133,2,329.31
23134,3,245.38
23135,10,373.95
23136,4,404.12
23137,4,127.12
23138,6,223.59
23139,10,162.25
23140,3,19.76
23141,9,141.2
23142,6,229.4
23143,7,51.15
23144,3,443.27
23145,6,35.99
23146,7,147.86
23147,1,114.76
23148,9,160.39
23149,8,444.99
23150,3,322.84
23151,6,414.93
23152,4,135.26
23153,7,191.03
23154,6,147.91
23155,2,72.46
23156,1,117.99
23157,9,147.42
23158,7,232.93
23159,3,223.44
23160,5,340.68
23161,2,437.62
23162,9,312.65
23163,9,450.11
23164,2,447.38
23165,4,415.4
23166,4,176.43
23167,5,414.52
23168,6,318.5
23169,7,71.43
23170,9,337.49
23171,7,404.99
23172,1,253.29
23173,9,51.48
23174,4,393.26
23175,9,149.03
23176,8,399.59
23177,2,129.98
23178,5,389.56
23179,8,339.6
23180,10,53.22
23181,6,19.04
23182,9,443.5
23183,3,338.24
23184,1,381.52
23185,6,386.73
23186,7,359.08
23187,2,74.26
23188,7,312.24
23189,7,63.24
23190,10,473.93
23191,6,387.94
23192,8,117.08
23193,8,86.21
23194,4,397.43
23195,4,68.23
23196,9,143.71
23197,5,121.67
23198,10,393.46
23199,5,447.1
23200,3,278.05
23201,6,134.55
23202,1,39.98
23203,3,392.02
23204,4,62.66
23205,6,467.7
23206,1,478.36
23207,9,253.29
23208,1,441.45
23209,6,345.42
23210,10,23.22
23211,1,127.55
23212,5,320.67
23213,4,473.34
23214,10,87.94
23215,7,79.67
23216,6,343.86
23217,6,356.36
23218,7,411.29
23219,9,157.75
23220,8,192.02
23221,6,369.29
23222,8,277.72
23223,4,418.81
23224,4,301.21
23225,10,294.42
23226,5,111.69
23227,1,293.39
23228,6,48.93
23229,9,257.25
23230,6,383.31
23231,9,225.55
23232,3,394.75
23233,9,470.72
23234,1,342.64
23235,10,176.65
23236,3,365.76
23237,9,128.7
23238,8,264.03
23239,1,344.24
23240,2,284.82
23241,9,221.76
23242,6,319.27
23243,10,430.03
23244,9,153.28
23245,1,417.96
23246,5,177.32
23247,7,87.11
23248,6,342.67
23249,7,323.76
23250,1,449.02
23251,3,229.28
23252,9,405.54
23253,9,229.15
23254,9,231.48
23255,6,36.19
23256,10,280.56
23257,1,335.62
23258,1,247.96
23259,3,32.37
23260,7,398.64
23261,10,456.49
23262,8,490.63
23263,4,294.7
23264,7,414.68
23265,9,133.18
23266,8,103.17
23267,3,30.3
23268,5,318.27
23269,5,414.1
23270,5,16.39
23271,8,125.41
23272,2,291.34
23273,2,455.37
23274,10,377.01
23275,1,69.19
23276,3,38.38
23277,4,381.08
23278,8,455.79
23279,10,343.75
23280,2,370.14
23281,10,404.68
23282,5,464.63
23283,7,50.45
23284,7,213.4
23285,7,144.55
23286,2,495.6
23287,8,350.25
23288,4,179.82
23289,8,177.41
23290,6,76.24
23291,1,276.42
23292,2,477.31
23293,4,15.6
23294,1,46.87
23295,7,49.23
23296,9,118.39
23297,2,171.96
23298,10,468.1
23299,1,421.17
23300,8,154.65
23301,7,439.38
23302,5,113.29
23303,1,279.42
23304,1,403.4
23305,3,282.55
23306,4,57.25
23307,8,78.74
23308,3,427.14
23309,5,197.17
23310,5,492.89
23311,8,66.68
23312,7,33.64
23313,7,40.04
23314,8,480.1
23315,4,250.81
23316,8,268.9
23317,10,90.61
23318,5,69.9
23319,2,29.28
23320,8,88.86
23321,10,22.46
23322,5,240.75
23323,9,362.8
23324,2,331.1
23325,8,39.87
23326,6,386.02
23327,5,237.83
23328,7,372.7
23329,9,318.6
23330,8,380.61
23331,8,300.36
23332,4,404.72
23333,4,205.25
23334,8,436.64
23335,6,320.28
23336,5,386.42
23337,10,488.81
23338,1,410.99
23339,10,360.9
23340,10,420.81
23341,4,373.72
23342,8,269.33
23343,9,360.95
23344,7,164.1
23345,4,387.75
23346,9,12.18
23347,6,421.31
23348,4,139.64
23349,4,22.15
23350,10,410.74
23351,3,22.76
23352,8,425.84
23353,1,21.49
23354,7,476.95
23355,8,181.26
23356,5,228.87
23357,4,408.1
23358,10,222.74
23359,5,397.05
23360,2,474.75
23361,4,269.21
23362,6,49.53
23363,8,428.35
23364,3,411.9
23365,4,35.82
23366,6,258.41
23367,2,242.6
23368,3,491.1
23369,4,345.73
23370,1,276.6
23371,1,393.56
23372,5,281.16
23373,1,272.28
23374,9,359.61
23375,2,62.58
23376,6,256.04
23377,5,159.23
23378,4,39.44
23379,6,343.9
23380,8,462.07
23381,3,55.45
23382,3,228.16
23383,7,263.1
23384,1,286.69
23385,2,482.63
23386,8,499.63
23387,7,487.35
23388,6,73.06
23389,6,84.6
23390,7,247.16
23391,8,66.13
23392,1,231.48
23393,1,468.64
23394,9,211.1
23395,7,144.31
23396,5,59.42
23397,8,444.32
23398,6,438.68
23399,5,219.59
23400,10,174.48
23401,8,152.99
23402,3,177.97
23403,6,235.09
23404,7,273.8
23405,10,323.64
23406,8,361.55
23407,4,343.45
23408,10,193.22
23409,7,316.98
23410,7,26.66
23411,3,487.34
23412,4,331.73
23413,1,58.93
23414,1,442.1
23415,6,359.12
23416,1,342.65
23417,2,182.06
23418,2,314.28
23419,7,366.91
23420,4,79.01
23421,1,328.75
23422,8,456.33
23423,3,175.03
23424,10,215.1
23425,2,187.09
23426,10,488.57
23427,6,346.48
23428,4,122.75
23429,9,389.05
23430,2,202.84
23431,10,344.91
23432,1,222.86
23433,9,370.2
23434,9,52.67
23435,7,204.83
23436,4,23.09
23437,10,272.22
23438,6,471.41
23439,9,115.58
23440,4,144.31
23441,10,110.37
23442,4,167.65
23443,9,40.01
23444,9,254.4
23445,10,318.21
23446,4,149.34
23447,3,154.45
23448,5,56.11
23449,7,237.24
23450,3,56.23
23451,9,250.48
23452,5,128.29
23453,10,209.47
23454,8,157.7
23455,10,323.74
23456,3,201.51
23457,4,367.39
23458,9,246.68
23459,10,362.42
23460,3,296.01
23461,6,61.08
23462,3,284.47
23463,10,29.85
23464,5,180.74
23465,9,396.91
23466,7,78.53
23467,8,453.83
23468,4,60.02
23469,3,175.43
23470,2,74.01
23471,9,456.65
23472,7,491.57
23473,4,140.32
23474,5,400.76
23475,10,226.74
23476,5,138.01
23477,8,218.41
23478,3,426.39
23479,3,158.64
23480,10,206.55
23481,6,470.64
23482,2,211.99
23483,3,42.6
23484,6,45.35
23485,2,131.29
23486,3,318.2
23487,5,170.57
23488,8,24.29
23489,6,13.48
23490,1,183.68
23491,8,137.31
23492,6,357.52
23493,1,247.5
23494,7,163.08
23495,8,263.65
23496,2,120.66
23497,4,68.28
23498,8,223.5
23499,8,272.53
23500,4,106.29
23501,10,150.21
23502,3,322.23
23503,3,460.88
23504,6,72.13
23505,9,273.01
23506,7,437.6
23507,4,441.18
23508,4,161.52
23509,8,217.72
23510,6,162.59
23511,2,405.63
23512,2,60.57
23513,10,331.34
23514,1,330.52
23515,5,340.06
23516,8,433.54
23517,10,324.03
23518,2,318.38
23519,10,258.16
23520,4,470.92
23521,6,264.69
23522,5,284.43
23523,1,340.36
23524,3,234.76
23525,2,76.38
23526,8,490.03
23527,2,458.12
23528,7,327.12
23529,6,105.37
23530,10,12.2
23531,10,57.09
23532,8,148.07
23533,8,289.26
23534,5,16.86
23535,9,10.98
23536,4,24.11
23537,9,301.6
23538,3,91.62
23539,1,432.48
23540,5,415.78
23541,10,312.68
23542,7,169.64
23543,5,26.14
23544,10,130.1
23545,7,133.4
23546,3,412.5
23547,6,282.0
23548,3,267.09
23549,3,126.62
23550,7,166.92
23551,3,495.44
23552,1,493.9
23553,9,13.99
23554,10,276.44
23555,2,432.87
23556,9,260.61
23557,1,352.51
23558,1,10.23
23559,4,233.47
23560,3,277.62
23561,7,433.98
23562,8,318.52
23563,3,35.05
23564,4,14.94
23565,2,40.09
23566,9,40.64
23567,7,289.84
23568,3,470.37
23569,4,437.82
23570,10,239.01
23571,7,91.99
23572,6,141.87
23573,6,427.1
23574,2,488.01
23575,9,39.16
23576,1,420.81
23577,3,232.63
23578,3,313.63
23579,3,417.59
23580,10,161.04
23581,3,334.48
23582,7,116.16
23583,9,386.77
23584,4,160.11
23585,3,354.71
23586,7,108.11
23587,10,387.97
23588,9,248.79
23589,5,311.73
23590,6,308.41
23591,1,308.59
23592,4,470.67
23593,6,187.99
23594,9,257.03
23595,8,424.16
23596,3,447.19
23597,4,138.65
23598,4,327.34
23599,10,57.75
23600,7,50.01
23601,10,23.1
23602,6,480.41
23603,9,249.24
23604,4,19.09
23605,3,297.64
23606,2,143.22
23607,10,304.71
23608,1,490.55
23609,10,155.85
23610,7,239.33
23611,6,317.34
23612,3,329.52
23613,3,237.46
23614,9,311.42
23615,2,144.67
23616,5,461.85
23617,2,406.7
23618,9,476.67
23619,2,241.87
23620,3,261.53
23621,6,393.77
23622,5,272.66
23623,8,142.52
23624,5,31.03
23625,1,292.4
23626,3,216.24
23627,9,456.54
23628,9,485.38
23629,6,370.16
23630,1,490.22
23631,8,331.83
23632,1,415.83
23633,9,322.49
23634,1,184.19
23635,1,49.36
23636,8,149.76
23637,4,482.57
23638,6,228.72
23639,3,332.22
23640,10,73.14
23641,6,497.28
23642,6,437.89
23643,7,255.11
23644,9,141.58
23645,10,367.17
23646,1,60.93
23647,9,64.5
23648,4,196.29
23649,3,143.87
23650,3,153.76
23651,5,394.51
23652,1,12.29
23653,6,66.88
23654,1,202.64
23655,8,453.03
23656,5,350.26
23657,7,34.8
23658,6,406.32
23659,8,347.66
23660,3,420.44
23661,9,244.81
23662,5,234.46
23663,4,476.8
23664,1,472.52
23665,9,114.19
23666,8,74.7
23667,9,305.58
23668,10,56.3
23669,1,28.11
23670,7,132.42
23671,8,160.62
23672,2,257.4
23673,5,445.79
23674,3,32.32
23675,3,86.88
23676,1,164.86
23677,10,243.6
23678,6,233.78
23679,4,492.2
23680,7,496.4
23681,3,466.07
23682,8,195.29
23683,8,186.36
23684,6,180.05
23685,6,259.37
23686,9,168.65
23687,7,439.63
23688,6,21.99
23689,7,383.48
23690,5,493.02
23691,9,243.71
23692,3,332.34
23693,5,438.65
23694,9,241.76
23695,4,32.03
23696,1,96.12
23697,6,137.98
23698,5,176.88
23699,4,126.95
23700,8,314.64
23701,6,76.75
23702,5,321.36
23703,9,150.22
23704,8,12.97
23705,2,347.82
23706,5,192.22
23707,6,336.52
23708,7,113.88
23709,4,246.37
23710,7,305.65
23711,6,327.89
23712,2,266.06
23713,10,203.01
23714,2,106.93
23715,8,429.2
23716,6,330.93
23717,6,169.59
23718,5,90.13
23719,10,267.0
23720,2,335.93
23721,4,443.41
23722,3,151.52
23723,10,337.19
23724,8,425.1
23725,8,362.21
23726,2,264.7
23727,2,359.78
23728,7,226.33
23729,8,154.31
23730,4,195.72
23731,5,277.3
23732,1,434.37
23733,9,172.6
23734,3,224.86
23735,5,119.44
23736,7,290.99
23737,5,240.46
23738,10,110.69
23739,5,390.02
23740,7,351.65
23741,9,271.27
23742,4,360.51
23743,7,49.93
23744,2,353.3
23745,9,336.0
23746,8,197.72
23747,6,266.52
23748,1,274.44
23749,4,49.83
23750,10,212.99
23751,6,89.66
23752,2,453.54
23753,8,420.24
23754,1,323.69
23755,1,431.18
23756,4,334.99
23757,3,496.49
23758,1,191.55
23759,8,156.6
23760,3,454.27
23761,9,378.72
23762,5,463.95
23763,10,190.0
23764,8,217.49
23765,6,193.42
23766,2,323.79
23767,7,262.77
23768,4,27.02
23769,9,128.47
23770,4,63.51
23771,9,350.51
23772,4,180.79
23773,5,63.47
23774,4,384.81
23775,5,170.61
23776,3,108.89
23777,6,349.59
23778,1,482.66
23779,3,151.6
23780,6,419.98
23781,2,459.36
23782,7,496.97
23783,8,142.3
23784,4,173.14
23785,5,302.5
23786,9,412.59
23787,4,75.56
23788,1,85.39
23789,2,237.69
23790,1,73.56
23791,2,31.79
23792,7,11.41
23793,8,200.06
23794,5,144.16
23795,4,147.12
23796,7,11.01
23797,7,485.54
23798,4,130.36
23799,6,205.06
23800,2,358.07
23801,3,300.28
23802,9,335.35
23803,8,28.49
23804,3,172.08
23805,2,186.39
23806,2,141.8
23807,4,474.08
23808,2,242.68
23809,4,337.59
23810,9,189.27
23811,5,367.81
23812,5,272.63
23813,3,200.35
23814,3,412.75
23815,4,173.56
23816,8,85.34
23817,3,135.67
23818,6,464.52
23819,6,403.36
23820,4,32.27
23821,7,448.49
23822,2,496.77
23823,10,18.33
23824,5,189.13
23825,9,457.24
23826,3,241.9
23827,3,106.2
23828,1,258.22
23829,1,378.48
23830,7,285.58
23831,4,117.28
23832,6,475.51
23833,7,127.53
23834,6,299.13
23835,2,267.65
23836,3,282.71
23837,4,310.14
23838,8,155.57
23839,7,294.13
23840,1,31.46
23841,6,361.12
23842,8,358.61
23843,4,414.55
23844,4,454.65
23845,1,235.82
23846,3,208.97
23847,7,10.47
23848,5,14.92
23849,5,233.42
23850,6,22.85
23851,8,405.58
23852,1,173.24
23853,7,180.03
23854,6,262.75
23855,10,320.58
23856,1,326.31
23857,6,272.1
23858,7,435.08
23859,8,434.02
23860,3,90.26
23861,3,151.84
23862,1,133.51
23863,1,40.02
23864,4,348.2
23865,10,61.47
23866,1,415.04
23867,10,239.97
23868,2,372.1
23869,4,197.08
23870,4,176.54
23871,2,383.27
23872,2,424.11
23873,3,418.35
23874,3,278.32
23875,2,75.45
23876,3,115.99
23877,9,211.47
23878,2,142.09
23879,3,321.65
23880,6,155.99
23881,3,138.01
23882,10,86.54
23883,5,127.53
23884,3,123.41
23885,3,389.26
23886,1,17.39
23887,2,103.43
23888,8,267.95
23889,10,93.94
23890,3,139.73
23891,4,173.13
23892,10,419.73
23893,10,56.98
23894,4,174.47
23895,3,306.04
23896,7,67.12
23897,8,498.74
23898,3,298.31
23899,9,144.65
23900,8,401.92
23901,5,37.44
23902,9,379.27
23903,10,435.42
23904,8,294.21
23905,6,115.61
23906,2,453.5
23907,1,280.4
23908,1,324.55
23909,1,302.73
23910,7,130.53
23911,4,194.59
23912,3,247.73
23913,4,455.85
23914,6,217.31
23915,3,216.48
23916,8,375.48
23917,4,220.37
23918,10,81.33
23919,6,407.71
23920,9,290.37
23921,8,433.83
23922,4,276.51
23923,3,348.69
23924,4,473.71
23925,3,41.37
23926,7,91.43
23927,3,91.22
23928,3,473.61
23929,4,106.43
23930,2,106.46
23931,6,96.53
23932,3,116.56
23933,10,497.25
23934,7,80.83
23935,1,387.99
23936,5,460.49
23937,1,439.95
23938,2,499.35
23939,5,46.46
23940,5,175.81
23941,3,100.91
23942,3,133.3
23943,6,200.06
23944,1,265.98
23945,10,118.05
23946,4,453.48
23947,6,26.96
23948,7,455.35
23949,10,348.87
23950,4,324.93
23951,8,146.38
23952,6,462.34
23953,6,280.88
23954,4,111.54
23955,9,228.92
23956,10,188.95
23957,10,49.05
23958,10,20.6
23959,4,383.6
23960,10,323.11
23961,5,176.74
23962,8,187.09
23963,6,39.01
23964,3,179.23
23965,8,73.26
23966,3,373.12
23967,4,16.86
23968,8,12.19
23969,7,438.25
23970,2,283.2
23971,10,408.56
23972,9,414.64
23973,7,343.82
23974,5,238.53
23975,6,92.41
23976,10,58.01
23977,9,132.31
23978,6,477.53
23979,7,436.03
23980,1,282.44
23981,7,289.97
23982,3,234.46
23983,1,375.68
23984,6,411.19
23985,6,403.4
23986,5,447.23
23987,2,400.03
23988,1,447.16
23989,6,183.99
23990,7,97.19
23991,5,489.44
23992,3,217.18
23993,7,228.39
23994,9,22.82
23995,10,415.43
23996,1,372.09
23997,10,207.13
23998,8,27.35
23999,4,217.9
24000,5,93.56
24001,5,422.77
24002,6,382.27
24003,3,21.5
24004,6,142.62
24005,4,78.71
24006,7,320.62
24007,5,494.39
24008,5,435.55
24009,4,244.44
24010,6,83.18
24011,5,103.13
24012,2,31.08
24013,2,174.22
24014,7,271.41
24015,1,313.36
24016,6,127.98
24017,2,376.25
24018,3,90.13
24019,6,90.08
24020,7,145.06
24021,8,148.05
24022,9,237.14
24023,7,224.78
24024,7,152.33
24025,3,258.07
24026,4,28.14
24027,1,235.5
24028,2,369.93
24029,2,369.25
24030,2,76.25
24031,5,266.62
24032,1,192.24
24033,10,323.68
24034,3,61.34
24035,9,246.36
24036,10,329.93
24037,1,146.94
24038,10,44.09
24039,1,332.37
24040,1,225.27
24041,4,346.98
24042,5,459.58
24043,3,499.6
24044,5,288.54
24045,4,17.98
24046,7,151.69
24047,5,51.94
24048,2,38.91
24049,1,338.91
24050,5,345.68
24051,4,46.77
24052,6,191.53
24053,1,116.34
24054,6,366.69
24055,9,233.3
24056,6,29.06
24057,7,17.56
24058,7,227.99
24059,6,327.27
24060,5,66.85
24061,9,121.69
24062,2,172.74
24063,1,287.74
24064,2,140.26
24065,3,466.35
24066,8,35.36
24067,3,41.87
24068,4,274.54
24069,2,61.31
24070,6,69.86
24071,2,454.54
24072,7,95.34
24073,8,424.57
24074,5,111.82
24075,6,312.01
24076,5,64.81
24077,7,61.47
24078,7,482.11
24079,1,319.58
24080,8,101.52
24081,6,180.4
24082,2,426.19
24083,1,253.42
24084,8,449.38
24085,3,81.36
24086,8,81.07
24087,1,277.41
24088,5,167.23
24089,3,157.31
24090,1,278.91
24091,7,362.41
24092,1,372.45
24093,7,340.38
24094,3,165.62
24095,4,408.16
24096,7,29.1
24097,1,462.15
24098,10,370.34
24099,10,291.8
24100,2,418.24
24101,10,491.72
24102,5,388.57
24103,1,407.56
24104,10,344.67
24105,2,90.72
24106,10,231.32
24107,2,497.03
24108,10,76.5
24109,3,263.01
24110,8,430.23
24111,5,369.16
24112,6,357.89
24113,5,315.08
24114,6,139.7
24115,4,155.95
24116,6,412.21
24117,3,208.54
24118,5,325.94
24119,8,129.0
24120,7,316.42
24121,7,421.52
24122,5,278.87
24123,2,28.39
24124,2,476.58
24125,3,287.11
24126,3,352.43
24127,8,82.72
24128,5,102.62
24129,7,251.43
24130,8,312.59
24131,4,334.98
24132,8,234.8
24133,2,15.67
24134,1,260.23
24135,3,133.21
24136,1,256.63
24137,4,320.2
24138,2,360.77
24139,4,103.59
24140,2,496.75
24141,8,292.4
24142,1,285.34
24143,4,397.81
24144,7,51.11
24145,7,325.04
24146,1,50.35
24147,3,298.92
24148,6,369.41
24149,3,196.86
24150,7,38.39
24151,9,458.95
24152,7,476.04
24153,7,390.18
24154,2,426.92
24155,1,281.79
24156,1,339.97
24157,10,23.21
24158,10,98.46
24159,8,201.63
24160,8,116.01
24161,7,20.11
24162,9,214.54
24163,4,117.09
24164,10,301.81
24165,6,31.58
24166,7,354.08
24167,8,219.82
24168,6,183.57
24169,9,326.34
24170,1,176.48
24171,1,342.6
24172,1,278.72
24173,1,213.88
24174,10,101.54
24175,1,349.0
24176,10,383.2
24177,1,182.23
24178,6,446.66
24179,5,162.7
24180,2,296.67
24181,5,389.67
24182,3,138.01
24183,7,42.26
24184,1,192.18
24185,3,302.15
24186,10,308.91
24187,1,225.71
24188,2,294.82
24189,9,63.68
24190,5,309.54
24191,9,113.14
24192,8,265.72
24193,10,17.03
24194,3,420.42
24195,2,230.46
24196,5,286.11
24197,2,487.3
24198,8,223.37
24199,6,191.96
24200,1,146.75
24201,8,176.11
24202,4,371.53
24203,2,172.88
24204,8,183.66
24205,3,447.64
24206,10,167.9
24207,9,131.42
24208,9,202.89
24209,4,473.95
24210,1,114.33
24211,8,152.66
24212,7,226.63
24213,6,442.42
24214,8,476.24
24215,4,388.29
24216,6,471.82
24217,6,131.68
24218,8,149.38
24219,10,467.7
24220,8,10.51
24221,2,93.68
24222,8,277.39
24223,1,111.67
24224,9,53.61
24225,1,66.68
24226,4,320.67
24227,1,256.36
24228,4,135.97
24229,2,408.24
24230,7,14.72
24231,10,22.05
24232,8,180.27
24233,9,272.04
24234,6,65.75
24235,7,205.31
24236,10,19.05
24237,7,137.76
24238,5,448.94
24239,1,147.54
24240,10,151.58
24241,7,361.59
24242,7,479.72
24243,3,71.32
24244,3,492.74
24245,8,74.79
24246,2,19.14
24247,5,392.46
24248,1,92.99
24249,7,19.47
24250,3,266.38
24251,5,427.2
24252,7,184.29
24253,6,296.52
24254,2,356.57
24255,10,165.36
24256,9,258.5
24257,7,452.58
24258,10,292.3
24259,4,426.41
24260,10,230.4
24261,5,182.62
24262,10,482.06
24263,9,30.9
24264,4,275.14
24265,9,226.04
24266,2,394.6
24267,5,158.79
24268,4,368.64
24269,4,338.12
24270,8,452.96
24271,7,387.86
24272,1,314.04
24273,1,260.92
24274,8,176.33
24275,8,305.4
24276,8,202.25
24277,4,61.3
24278,4,330.42
24279,3,358.14
24280,1,16.38
24281,5,466.92
24282,3,324.72
24283,9,469.05
24284,6,86.96
24285,4,154.75
24286,2,165.5
24287,3,64.57
24288,7,251.05
24289,1,412.1
24290,10,210.36
24291,2,19.67
24292,7,438.12
24293,9,443.95
24294,8,256.0
24295,3,355.78
24296,3,370.17
24297,7,186.66
24298,3,380.18
24299,4,282.83
24300,6,132.77
24301,1,317.7
24302,5,363.73
24303,6,18.7
24304,4,441.82
24305,9,205.71
24306,9,442.95
24307,4,375.79
24308,7,490.24
24309,7,305.31
24310,1,266.36
24311,5,154.16
24312,9,201.74
24313,1,77.35
24314,7,398.89
24315,4,99.82
24316,9,357.74
24317,4,434.24
24318,6,334.77
24319,4,20.86
24320,1,238.48
24321,10,400.97
24322,2,312.8
24323,5,355.68
24324,8,263.03
24325,1,47.09
24326,1,262.65
24327,4,456.89
24328,4,465.65
24329,5,406.59
24330,2,97.88
24331,9,82.99
24332,5,180.06
24333,2,258.9
24334,4,391.58
24335,9,265.23
24336,5,328.8
24337,5,80.91
24338,6,21.58
24339,5,118.96
24340,3,32.45
24341,4,301.47
24342,1,328.68
24343,1,227.21
24344,7,229.15
24345,6,173.68
24346,1,390.88
24347,4,486.18
24348,6,247.24
24349,7,359.36
24350,4,202.31
24351,8,112.4
24352,7,43.3
24353,3,486.33
24354,8,147.61
24355,6,384.6
24356,2,417.18
24357,4,83.42
24358,6,224.0
24359,2,324.22
24360,9,441.67
24361,3,480.76
24362,5,329.77
24363,7,157.85
24364,6,46.84
24365,9,89.36
24366,8,343.78
24367,8,242.3
24368,1,383.61
24369,2,137.61
24370,7,24.45
24371,8,338.15
24372,2,301.78
24373,5,22.57
24374,1,40.09
24375,10,85.99
24376,7,341.54
24377,4,453.41
24378,6,464.34
24379,7,416.2
24380,8,264.94
24381,9,242.2
24382,8,197.39
24383,5,10.07
24384,4,155.85
24385,8,383.33
24386,5,178.83
24387,4,231.33
24388,1,391.98
24389,9,327.27
24390,3,214.89
24391,6,400.84
24392,7,482.41
24393,3,289.33
24394,7,244.55
24395,7,97.59
24396,6,383.2
24397,6,340.36
24398,5,16.8
24399,5,296.23
24400,9,380.43
24401,10,130.93
24402,8,187.01
24403,6,171.33
24404,7,331.78
24405,3,98.79
24406,1,429.46
24407,5,224.64
24408,6,135.95
24409,5,252.49
24410,7,185.44
24411,4,309.06
24412,1,43.35
24413,9,366.99
24414,8,198.69
24415,10,90.54
24416,8,40.59
24417,4,260.61
24418,6,453.3
24419,3,434.41
24420,9,230.86
24421,6,386.96
24422,9,124.34
24423,5,120.11
24424,3,413.26
24425,10,347.69
24426,8,450.31
24427,4,279.07
24428,5,142.46
24429,3,403.53
24430,1,86.36
24431,5,411.86
24432,9,384.68
24433,5,352.45
24434,9,267.33
24435,10,358.51
24436,9,321.77
24437,1,274.24
24438,8,206.28
24439,5,469.67
24440,3,248.94
24441,5,225.21
24442,8,60.76
24443,6,228.26
24444,8,104.83
24445,9,51.69
24446,7,70.07
24447,7,86.86
24448,8,113.7
24449,8,423.92
24450,4,373.61
24451,8,106.77
24452,5,19.83
24453,4,453.84
24454,10,348.51
24455,2,204.92
24456,7,434.9
24457,2,217.86
24458,5,375.9
24459,7,312.49
24460,9,266.13
24461,10,325.09
24462,7,244.96
24463,7,94.42
24464,2,256.08
24465,3,162.89
24466,10,487.09
24467,3,71.72
24468,8,208.36
24469,9,217.57
24470,1,493.58
24471,8,60.23
24472,8,55.08
24473,5,264.22
24474,10,186.06
24475,10,79.06
24476,8,273.02
24477,3,104.22
24478,6,498.33
24479,10,256.35
24480,1,394.72
24481,4,153.23
24482,2,119.13
24483,8,127.2
24484,6,142.0
24485,5,244.38
24486,2,482.39
24487,6,439.15
24488,9,496.02
24489,3,474.83
24490,9,65.5
24491,10,173.29
24492,8,55.12
24493,10,484.29
24494,8,413.19
24495,7,233.54
24496,7,487.82
24497,10,106.74
24498,2,112.67
24499,7,451.85
24500,5,163.23
24501,9,106.26
24502,7,445.96
24503,3,180.9
24504,1,429.07
24505,6,129.97
24506,3,409.52
24507,2,26.2
24508,3,175.28
24509,5,352.07
24510,8,170.48
24511,10,43.81
24512,10,298.49
24513,10,185.5
24514,10,383.85
24515,8,240.9
24516,4,56.69
24517,8,10.91
24518,7,271.1
24519,3,191.15
24520,4,101.44
24521,2,450.5
24522,4,171.58
24523,6,200.29
24524,4,394.95
24525,8,311.88
24526,9,346.37
24527,4,224.1
24528,7,125.28
24529,5,491.66
24530,5,362.48
24531,10,258.8
24532,2,24.88
24533,7,466.12
24534,4,378.28
24535,7,431.12
24536,4,286.62
24537,1,194.73
24538,1,144.63
24539,10,154.32
24540,10,308.82
24541,3,380.61
24542,2,310.96
24543,3,140.51
24544,5,478.93
24545,6,34.57
24546,10,335.21
24547,9,450.83
24548,1,292.17
24549,4,256.29
24550,3,438.68
24551,2,77.82
24552,1,115.61
24553,3,364.41
24554,10,257.59
24555,10,380.79
24556,10,441.36
24557,1,61.38
24558,1,392.69
24559,6,314.62
24560,5,250.13
24561,7,48.53
24562,9,493.93
24563,1,364.32
24564,7,261.3
24565,4,28.68
24566,1,13.0
24567,6,344.25
24568,5,436.38
24569,9,18.3
24570,4,68.07
24571,5,113.5
24572,4,213.98
24573,6,251.86
24574,4,101.02
24575,2,68.66
24576,6,140.37
24577,6,313.53
24578,10,73.73
24579,2,381.7
24580,8,301.67
24581,2,302.19
24582,10,401.67
24583,1,305.11
24584,2,125.12
24585,5,42.22
24586,7,165.33
24587,10,73.13
24588,6,489.35
24589,5,275.6
24590,4,395.23
24591,1,451.51
24592,1,446.03
24593,2,216.07
24594,9,16.66
24595,2,176.76
24596,4,495.11
24597,7,18.84
24598,7,153.07
24599,10,156.7
24600,4,331.06
24601,10,251.52
24602,3,38.82
24603,10,212.89
24604,2,192.09
24605,6,108.72
24606,1,185.82
24607,3,399.25
24608,6,482.96
24609,3,464.26
24610,9,277.93
24611,9,326.96
24612,9,18.55
24613,5,497.22
24614,8,31.17
24615,7,145.37
24616,6,168.12
24617,2,344.75
24618,10,368.79
24619,3,361.57
24620,1,423.26
24621,8,380.79
24622,5,58.87
24623,10,110.38
24624,4,287.74
24625,1,124.88
24626,10,46.06
24627,7,409.02
24628,7,253.83
24629,1,315.99
24630,6,86.04
24631,9,457.8
24632,6,341.46
24633,7,270.02
24634,1,137.97
24635,4,306.99
24636,3,299.06
24637,1,498.34
24638,9,341.68
24639,9,297.62
24640,3,170.02
24641,9,415.94
24642,6,247.19
24643,4,308.28
24644,9,32.09
24645,8,21.62
24646,8,241.03
24647,2,85.17
24648,6,483.91
24649,9,210.66
24650,5,264.49
24651,4,349.03
24652,8,133.48
24653,8,474.21
24654,2,403.85
24655,5,487.78
24656,10,181.05
24657,2,462.86
24658,1,166.52
24659,2,281.24
24660,4,358.1
24661,7,46.73
24662,1,11.15
24663,5,262.21
24664,6,159.17
24665,2,364.63
24666,3,344.19
24667,5,258.1
24668,2,14.11
24669,10,149.37
24670,6,91.05
24671,6,443.2
24672,10,198.74
24673,6,422.52
24674,7,48.38
24675,5,59.55
24676,3,334.95
24677,10,275.62
24678,1,40.7
24679,1,309.95
24680,3,69.37
24681,3,298.52
24682,2,253.16
24683,7,63.7
24684,2,443.56
24685,5,262.4
24686,4,87.2
24687,1,303.47
24688,6,464.76
24689,3,466.4
24690,7,408.55
24691,3,70.49
24692,7,498.16
24693,10,156.3
24694,2,459.27
24695,1,10.9
24696,2,90.7
24697,4,117.43
24698,1,70.06
24699,8,294.05
24700,7,175.26
24701,6,316.57
24702,7,328.76
24703,4,101.51
24704,9,366.22
24705,4,200.23
24706,5,58.73
24707,4,160.57
24708,7,446.56
24709,3,402.96
24710,1,377.48
24711,5,334.61
24712,1,163.75
24713,4,261.09
24714,10,391.56
24715,1,177.94
24716,10,189.93
24717,10,384.02
24718,5,89.29
24719,2,223.64
24720,4,204.65
24721,6,476.79
24722,8,97.77
24723,1,353.07
24724,8,100.66
24725,5,477.21
24726,2,477.18
24727,6,295.67
24728,6,373.17
24729,10,259.38
24730,2,192.83
24731,6,54.63
24732,5,300.55
24733,6,92.06
24734,7,135.43
24735,6,78.87
24736,2,247.12
24737,3,280.33
24738,3,139.6
24739,9,244.98
24740,3,287.6
24741,1,334.95
24742,1,446.65
24743,10,47.27
24744,8,494.6
24745,7,164.04
24746,2,330.35
24747,4,362.31
24748,3,26.05
24749,6,422.09
24750,9,379.22
24751,4,62.28
24752,6,479.81
24753,7,77.22
24754,6,121.3
24755,4,39.63
24756,3,147.51
24757,2,117.61
24758,1,66.63
24759,4,42.3
24760,7,158.16
24761,5,100.61
24762,5,131.68
24763,8,256.06
24764,1,482.62
24765,6,174.55
24766,10,77.67
24767,3,446.87
24768,8,21.53
24769,3,219.44
24770,5,286.05
24771,7,315.25
24772,8,310.16
24773,9,468.9
24774,3,182.25
24775,10,223.66
24776,5,48.15
24777,4,180.35
24778,8,348.59
24779,5,312.88
24780,7,231.33
24781,8,356.21
24782,4,116.71
24783,7,257.95
24784,1,227.02
24785,2,311.82
24786,5,254.56
24787,1,332.5
24788,6,321.15
24789,3,32.29
24790,2,80.58
24791,8,409.13
24792,1,368.79
24793,3,73.01
24794,6,466.65
24795,4,125.38
24796,3,113.01
24797,9,52.0
24798,5,123.83
24799,2,209.08
24800,2,221.38
24801,7,371.94
24802,10,441.05
24803,8,160.63
24804,5,456.5
24805,7,295.29
24806,1,248.99
24807,2,305.78
24808,9,405.47
24809,10,171.95
24810,2,397.99
24811,2,191.34
24812,9,452.28
24813,3,127.54
24814,1,457.62
24815,8,67.54
24816,6,468.53
24817,9,206.32
24818,3,207.15
24819,3,113.01
24820,3,364.71
24821,5,176.07
24822,9,273.49
24823,5,358.52
24824,10,426.83
24825,8,43.9
24826,5,236.23
24827,9,253.46
24828,1,264.39
24829,1,184.92
24830,8,317.27
24831,2,445.6
24832,8,269.02
24833,5,146.76
24834,1,86.51
24835,8,414.4
24836,9,305.17
24837,3,145.33
24838,4,226.36
24839,4,208.95
24840,7,478.87
24841,5,161.68
24842,7,395.05
24843,8,67.2
24844,9,266.77
24845,7,43.25
24846,3,372.52
24847,8,325.86
24848,5,413.58
24849,8,151.23
24850,7,224.7
24851,9,373.02
24852,6,353.13
24853,8,449.03
24854,4,324.69
24855,2,323.89
24856,9,61.23
24857,7,252.8
24858,5,69.24
24859,4,397.66
24860,5,317.66
24861,6,178.32
24862,8,302.61
24863,1,364.7
24864,10,394.01
24865,1,243.33
24866,8,324.55
24867,5,319.15
24868,6,175.32
24869,4,23.13
24870,1,44.91
24871,4,60.9
24872,5,61.12
24873,8,94.32
24874,6,298.0
24875,2,322.77
24876,10,316.91
24877,6,197.13
24878,3,136.58
24879,6,189.35
24880,3,169.99
24881,2,254.05
24882,5,320.98
24883,6,221.22
24884,3,462.32
24885,7,160.94
24886,3,382.06
24887,5,115.85
24888,5,85.68
24889,3,393.23
24890,1,100.57
24891,1,144.85
24892,1,215.01
24893,10,208.85
24894,8,89.35
24895,6,86.63
24896,1,477.44
24897,2,364.85
24898,9,236.05
24899,1,315.23
24900,8,475.79
24901,8,93.42
24902,1,36.92
24903,4,495.74
24904,2,370.03
24905,6,200.96
24906,10,105.61
24907,3,39.01
24908,1,217.01
24909,6,30.42
24910,10,200.25
24911,2,339.78
24912,6,458.48
24913,9,134.18
24914,6,72.04
24915,7,132.52
24916,5,45.37
24917,1,402.19
24918,3,26.26
24919,10,193.9
24920,7,375.9
24921,5,38.65
24922,7,80.45
24923,3,57.33
24924,6,68.71
24925,8,164.37
24926,10,194.39
24927,10,398.42
24928,10,209.79
24929,6,266.28
24930,6,124.83
24931,5,342.58
24932,4,142.54
24933,3,97.95
24934,8,415.14
24935,5,116.32
24936,1,466.57
24937,8,92.5
24938,3,285.07
24939,5,312.77
24940,10,436.48
24941,9,287.54
24942,7,248.45
24943,5,90.55
24944,7,26.16
24945,8,389.14
24946,8,337.16
24947,9,230.61
24948,4,453.72
24949,9,38.1
24950,2,41.23
24951,4,26.21
24952,6,94.34
24953,10,83.69
24954,4,269.52
24955,6,462.68
24956,3,82.49
24957,8,251.96
24958,1,142.18
24959,9,402.93
24960,7,329.96
24961,3,139.33
24962,9,343.82
24963,7,278.96
24964,7,26.98
24965,2,463.87
24966,3,214.88
24967,7,364.74
24968,6,169.19
24969,5,73.6
24970,10,131.34
24971,10,289.69
24972,1,74.81
24973,5,338.47
24974,2,373.22
24975,10,416.34
24976,1,162.82
24977,7,45.7
24978,3,482.93
24979,7,334.38
24980,6,139.13
24981,2,297.63
24982,1,381.22
24983,5,107.22
24984,8,434.77
24985,3,312.79
24986,7,234.62
24987,1,171.77
24988,4,167.48
24989,3,126.46
24990,8,410.59
24991,5,204.53
24992,5,388.09
24993,7,14.71
24994,9,382.42
24995,6,437.44
24996,2,296.72
24997,1,456.59
24998,6,378.84
24999,4,96.21
25000,3,339.91
25001,8,306.55
25002,2,47.7
25003,8,259.25
25004,2,98.06
25005,10,358.6
25006,8,97.49
25007,10,47.82
25008,10,152.67
25009,3,383.75
25010,3,441.37
25011,10,79.6
25012,6,130.91
25013,5,44.64
25014,8,171.87
25015,8,483.66
25016,7,52.45
25017,7,193.44
25018,8,89.28
25019,5,432.79
25020,6,421.92
25021,9,488.66
25022,4,223.64
25023,1,254.83
25024,9,115.98
25025,5,33.35
25026,4,369.21
25027,4,241.23
25028,4,202.26
25029,2,182.32
25030,10,99.43
25031,7,213.18
25032,7,197.45
25033,9,21.56
25034,1,245.85
25035,6,214.37
25036,4,34.92
25037,1,101.34
25038,3,247.42
25039,6,16.63
25040,4,349.04
25041,1,147.65
25042,1,313.21
25043,9,27.47
25044,4,231.78
25045,2,139.78
25046,2,115.8
25047,8,151.46
25048,3,254.42
25049,10,121.56
25050,3,319.12
25051,7,494.79
25052,9,314.83
25053,10,170.59
25054,3,254.39
25055,7,373.3
25056,3,309.26
25057,4,470.55
25058,10,437.36
25059,9,114.99
25060,5,24.59
25061,8,95.19
25062,9,51.88
25063,10,416.21
25064,10,256.15
25065,7,460.88
25066,9,22.47
25067,9,411.24
25068,1,303.9
25069,9,364.68
25070,5,19.51
25071,4,123.25
25072,3,224.42
25073,5,391.08
25074,6,416.24
25075,3,247.11
25076,10,136.91
25077,7,249.38
25078,3,347.86
25079,8,97.93
25080,3,59.94
25081,6,498.37
25082,4,81.54
25083,1,390.8
25084,7,313.06
25085,10,101.92
25086,3,287.68
25087,8,134.27
25088,2,51.82
25089,7,175.74
25090,2,216.82
25091,9,205.5
25092,5,418.29
25093,6,440.59
25094,4,107.65
25095,7,218.79
25096,1,475.18
25097,6,415.69
25098,6,423.48
25099,10,208.99
25100,5,454.31
25101,8,42.19
25102,2,260.9
25103,4,457.16
25104,3,332.59
25105,8,85.97
25106,10,68.15
25107,2,273.3
25108,7,171.51
25109,6,431.58
25110,7,469.26
25111,7,294.35
25112,9,176.71
25113,2,485.27
25114,8,442.3
25115,7,327.91
25116,6,184.05
25117,10,470.12
25118,10,46.86
25119,10,195.76
25120,7,296.8
25121,7,40.11
25122,3,77.58
25123,7,144.62
25124,5,290.33
25125,10,398.56
25126,6,346.28
25127,5,124.9
25128,1,371.6
25129,4,444.81
25130,5,487.18
25131,5,307.48
25132,7,86.11
25133,4,68.62
25134,8,239.99
25135,5,357.02
25136,5,82.48
25137,3,58.39
25138,3,343.07
25139,3,483.86
25140,2,406.94
25141,10,422.29
25142,4,486.91
25143,2,337.39
25144,10,23.85
25145,4,136.11
25146,4,60.94
25147,6,59.46
25148,3,299.55
25149,6,274.82
25150,9,170.19
25151,9,370.42
25152,4,92.46
25153,2,21.95
25154,6,111.56
25155,6,52.91
25156,4,165.74
25157,7,368.61
25158,5,498.15
25159,2,351.42
25160,2,306.67
25161,2,447.97
25162,7,122.81
25163,4,382.25
25164,5,228.66
25165,2,353.77
25166,5,434.02
25167,4,129.12
25168,9,473.06
25169,3,168.59
25170,2,247.53
25171,7,276.81
25172,3,347.78
25173,3,25.98
25174,9,75.15
25175,10,452.15
25176,5,177.09
25177,9,347.0
25178,3,465.33
25179,5,179.82
25180,2,340.4
25181,7,290.72
25182,2,380.7
25183,9,486.21
25184,7,374.34
25185,6,471.3
25186,10,306.47
25187,2,460.94
25188,6,131.92
25189,7,175.97
25190,4,116.32
25191,9,483.51
25192,2,395.48
25193,7,238.31
25194,5,425.86
25195,2,221.23
25196,7,414.76
25197,6,143.63
25198,4,231.81
25199,1,247.21
25200,4,197.45
25201,2,72.26
25202,5,247.1
25203,7,306.68
25204,6,482.0
25205,2,95.3
25206,8,396.82
25207,10,158.26
25208,1,334.89
25209,7,314.68
25210,8,78.81
25211,10,218.83
25212,3,428.48
25213,5,53.65
25214,7,93.15
25215,4,41.94
25216,2,325.98
25217,8,280.46
25218,8,163.63
25219,9,198.71
25220,5,250.79
25221,5,16.99
25222,2,307.69
25223,3,322.71
25224,6,130.91
25225,2,232.0
25226,6,169.84
25227,1,137.64
25228,2,222.88
25229,5,355.94
25230,9,424.38
25231,5,33.94
25232,10,437.79
25233,3,424.24
25234,8,174.79
25235,6,225.6
25236,10,319.81
25237,10,154.19
25238,5,73.47
25239,1,312.09
25240,7,106.34
25241,1,116.85
25242,6,326.7
25243,3,258.47
25244,9,101.16
25245,2,470.87
25246,3,312.69
25247,7,248.23
25248,4,448.08
25249,5,109.31
25250,6,272.53
25251,6,312.62
25252,2,437.01
25253,8,442.2
25254,8,210.55
25255,9,187.37
25256,7,354.77
25257,10,82.53
25258,6,359.19
25259,5,121.03
25260,7,106.11
25261,7,96.55
25262,8,57.51
25263,8,408.07
25264,7,191.75
25265,4,482.95
25266,6,302.51
25267,6,180.08
25268,4,306.69
25269,6,405.33
25270,7,336.08
25271,9,311.51
25272,9,391.44
25273,3,307.39
25274,9,212.37
25275,1,307.3
25276,8,354.9
25277,9,173.43
25278,5,69.49
25279,10,110.14
25280,10,156.61
25281,4,51.72
25282,10,355.36
25283,5,87.86
25284,2,184.55
25285,5,363.88
25286,1,294.1
25287,8,422.89
25288,3,162.53
25289,3,279.62
25290,6,252.37
25291,1,161.53
25292,6,87.85
25293,8,321.94
25294,8,495.99
25295,1,108.52
25296,5,461.24
25297,7,196.38
25298,4,34.5
25299,8,396.78
25300,8,289.47
25301,10,249.37
25302,2,336.88
25303,1,295.56
25304,7,354.96
25305,6,385.61
25306,2,314.51
25307,5,21.33
25308,3,415.02
25309,4,147.44
25310,7,60.25
25311,1,143.25
25312,2,254.52
25313,9,84.94
25314,3,78.19
25315,10,80.33
25316,6,53.14
25317,4,312.91
25318,1,97.87
25319,6,31.93
25320,2,158.89
25321,5,452.41
25322,8,96.48
25323,10,36.86
25324,6,499.62
25325,6,72.01
25326,8,256.97
25327,10,23.68
25328,10,480.48
25329,8,179.02
25330,5,163.52
25331,9,148.77
25332,3,414.1
25333,4,105.83
25334,4,390.65
25335,9,276.58
25336,5,443.31
25337,7,177.9
25338,10,460.27
25339,4,359.34
25340,9,107.92
25341,1,283.99
25342,5,53.71
25343,1,67.58
25344,1,208.74
25345,5,334.13
25346,5,404.23
25347,1,108.66
25348,10,129.11
25349,5,464.36
25350,2,482.94
25351,8,372.25
25352,4,109.91
25353,4,468.29
25354,1,478.99
25355,8,64.41
25356,3,417.66
25357,2,316.52
25358,9,88.21
25359,7,338.56
25360,7,335.92
25361,10,90.83
25362,4,42.84
25363,7,236.04
25364,9,65.61
25365,2,334.09
25366,1,276.57
25367,1,85.58
25368,4,460.02
25369,9,128.09
25370,7,498.64
25371,8,455.82
25372,3,400.9
25373,6,230.37
25374,6,127.49
25375,6,217.31
25376,5,333.08
25377,2,306.8
25378,4,180.85
25379,8,350.04
25380,9,201.44
25381,10,490.07
25382,7,89.65
25383,1,335.15
25384,4,256.08
25385,5,484.24
25386,3,38.21
25387,2,242.69
25388,6,315.29
25389,5,167.18
25390,10,31.75
25391,1,330.9
25392,10,340.69
25393,8,77.84
25394,7,311.7
25395,10,176.6
25396,10,475.88
25397,2,22.03
25398,8,120.98
25399,4,460.64
25400,3,227.88
25401,6,411.82
25402,5,274.72
25403,1,430.96
25404,5,292.48
25405,7,265.36
25406,10,355.12
25407,4,481.79
25408,6,278.44
25409,6,372.15
25410,1,45.98
25411,2,491.18
25412,6,342.49
25413,5,389.16
25414,9,426.12
25415,8,301.37
25416,1,228.83
25417,1,189.55
25418,9,429.18
25419,8,16.82
25420,4,342.48
25421,3,60.31
25422,8,233.57
25423,10,310.02
25424,3,178.75
25425,5,376.62
25426,10,469.72
25427,9,128.14
25428,2,22.77
25429,4,96.21
25430,5,61.86
25431,1,122.48
25432,8,74.31
25433,2,36.85
25434,3,455.46
25435,10,232.4
25436,10,177.37
25437,8,170.1
25438,6,443.46
25439,2,86.32
25440,4,237.02
25441,1,252.0
25442,10,218.91
25443,4,111.85
25444,1,400.41
25445,3,180.99
25446,8,199.69
25447,7,419.49
25448,10,309.47
25449,2,453.99
25450,8,149.98
25451,3,58.34
25452,4,114.9
25453,6,292.78
25454,6,285.24
25455,10,474.01
25456,7,469.0
25457,7,88.21
25458,10,477.65
25459,10,468.15
25460,6,424.04
25461,1,295.9
25462,10,158.93
25463,5,46.79
25464,5,254.24
25465,4,382.89
25466,7,424.53
25467,8,382.81
25468,3,180.94
25469,7,468.24
25470,9,183.41
25471,7,455.78
25472,8,224.11
25473,10,185.47
25474,6,341.72
25475,8,364.23
25476,6,67.63
25477,7,432.17
25478,1,204.19
25479,10,367.55
25480,10,212.64
25481,5,433.51
25482,2,58.72
25483,10,324.17
25484,6,311.96
25485,6,212.29
25486,8,11.36
25487,3,218.13
25488,7,479.14
25489,8,312.49
25490,1,425.56
25491,9,33.08
25492,5,347.43
25493,7,421.24
25494,7,117.98
25495,3,257.22
25496,1,360.85
25497,2,214.59
25498,8,171.82
25499,3,23.53
25500,10,87.37
25501,6,95.64
25502,3,385.32
25503,4,284.93
25504,3,294.62
25505,5,140.07
25506,7,489.74
25507,3,450.03
25508,7,129.31
25509,2,444.56
25510,5,260.63
25511,5,299.15
25512,8,318.72
25513,6,338.48
25514,3,339.73
25515,6,145.14
25516,9,303.16
25517,9,163.44
25518,4,172.43
25519,5,289.54
25520,10,344.43
25521,2,222.3
25522,6,119.19
25523,6,461.9
25524,10,359.03
25525,3,75.4
25526,8,329.62
25527,6,48.79
25528,1,289.96
25529,1,42.21
25530,2,253.3
25531,5,379.49
25532,8,132.22
25533,2,70.03
25534,5,447.91
25535,7,127.02
25536,7,426.8
25537,10,275.96
25538,2,465.37
25539,1,164.11
25540,1,148.1
25541,6,306.53
25542,7,321.2
25543,2,313.04
25544,8,450.94
25545,5,40.18
25546,6,312.33
25547,6,390.51
25548,4,138.25
25549,5,185.23
25550,5,92.33
25551,1,360.88
25552,3,18.18
25553,9,453.37
25554,2,439.44
25555,3,277.22
25556,7,167.06
25557,10,27.66
25558,8,278.12
25559,3,168.97
25560,1,355.99
25561,5,68.52
25562,2,307.05
25563,10,110.48
25564,6,419.11
25565,8,490.88
25566,8,415.92
25567,10,497.7
25568,1,493.61
25569,7,55.41
25570,7,297.61
25571,2,113.51
25572,6,409.97
25573,3,410.4
25574,5,396.21
25575,9,110.44
25576,10,163.45
25577,6,298.1
25578,6,273.67
25579,3,247.35
25580,1,349.66
25581,10,313.5
25582,3,444.24
25583,7,303.53
25584,2,412.11
25585,7,286.04
25586,5,303.04
25587,7,444.34
25588,9,326.05
25589,8,218.11
25590,1,15.28
25591,4,183.52
25592,2,332.43
25593,1,462.22
25594,5,189.07
25595,10,357.15
25596,7,295.93
25597,6,476.23
25598,8,110.69
25599,5,304.44
25600,4,285.61
25601,7,108.21
25602,8,185.68
25603,9,350.55
25604,5,300.21
25605,2,128.94
25606,9,370.38
25607,9,254.03
25608,1,65.37
25609,9,53.4
25610,2,68.79
25611,4,124.49
25612,8,308.95
25613,3,112.15
25614,2,140.32
25615,3,144.99
25616,8,16.1
25617,8,440.36
25618,2,80.83
25619,9,247.73
25620,10,213.97
25621,4,375.38
25622,8,382.14
25623,10,326.48
25624,9,365.08
25625,4,340.78
25626,3,94.61
25627,1,416.96
25628,3,98.71
25629,1,159.57
25630,9,153.93
25631,4,432.15
25632,2,305.82
25633,9,390.39
25634,9,58.07
25635,5,297.2
25636,8,64.59
25637,1,402.6
25638,3,337.62
25639,6,495.9
25640,10,18.36
25641,3,260.49
25642,3,75.22
25643,2,254.3
25644,2,274.2
25645,4,427.41
25646,2,126.89
25647,8,341.22
25648,4,136.15
25649,4,493.61
25650,1,421.42
25651,8,291.25
25652,6,356.53
25653,2,254.03
25654,4,130.51
25655,6,265.07
25656,4,210.17
25657,3,382.43
25658,1,50.03
25659,6,429.77
25660,10,478.43
25661,8,311.97
25662,9,190.33
25663,5,207.98
25664,2,55.28
25665,8,14.26
25666,1,214.36
25667,1,261.94
25668,2,413.49
25669,5,14.83
25670,7,222.03
25671,6,337.23
25672,4,200.55
25673,10,72.66
25674,4,445.43
25675,6,31.48
25676,2,61.39
25677,5,135.58
25678,10,194.72
25679,10,169.85
25680,10,74.97
25681,10,50.48
25682,9,149.8
25683,10,465.89
25684,5,184.43
25685,10,146.22
25686,10,225.2
25687,6,154.42
25688,3,332.77
25689,1,151.53
25690,5,395.57
25691,5,495.9
25692,2,229.41
25693,6,211.84
25694,10,135.99
25695,1,471.25
25696,7,169.53
25697,5,157.52
25698,5,216.12
25699,6,247.65
25700,9,43.43
25701,5,372.23
25702,3,165.37
25703,9,380.54
25704,9,336.51
25705,7,156.02
25706,6,433.65
25707,9,309.08
25708,1,132.5
25709,2,243.07
25710,9,153.94
25711,2,126.42
25712,10,57.98
25713,7,354.42
25714,10,474.73
25715,6,137.71
25716,4,311.47
25717,8,247.6
25718,3,376.72
25719,8,371.53
25720,6,133.17
25721,3,89.98
25722,2,90.44
25723,6,485.64
25724,1,361.12
25725,9,341.93
25726,5,381.06
25727,3,151.11
25728,3,98.41
25729,8,457.74
25730,1,227.83
25731,2,303.61
25732,6,116.1
25733,8,34.16
25734,1,429.39
25735,4,88.99
25736,10,459.35
25737,10,282.95
25738,9,452.3
25739,8,112.77
25740,6,88.06
25741,1,270.18
25742,9,102.7
25743,8,189.2
25744,9,447.35
25745,3,484.98
25746,4,87.97
25747,2,268.45
25748,5,402.05
25749,6,440.72
25750,1,282.82
25751,6,384.96
25752,10,355.86
25753,10,262.79
25754,2,268.61
25755,2,401.51
25756,10,313.97
25757,3,285.07
25758,8,410.77
25759,9,125.22
25760,3,392.21
25761,1,211.75
25762,4,108.23
25763,10,375.15
25764,6,176.31
25765,5,105.78
25766,5,286.28
25767,8,359.02
25768,10,227.96
25769,1,142.49
25770,10,340.74
25771,4,100.77
25772,3,145.74
25773,4,415.7
25774,1,434.29
25775,10,326.15
25776,8,120.24
25777,7,104.43
25778,3,153.76
25779,4,11.86
25780,9,331.11
25781,8,384.8
25782,3,159.83
25783,8,256.34
25784,10,371.0
25785,8,68.23
25786,3,50.94
25787,3,189.24
25788,10,407.48
25789,10,221.52
25790,10,492.49
25791,1,81.78
25792,2,288.76
25793,9,419.67
25794,3,240.67
25795,3,498.23
25796,5,329.21
25797,6,96.48
25798,1,225.92
25799,10,295.62
25800,2,184.27
25801,9,113.15
25802,2,467.65
25803,10,237.12
25804,9,292.37
25805,2,218.85
25806,6,428.69
25807,1,466.3
25808,9,33.68
25809,6,145.26
25810,1,378.2
25811,8,224.41
25812,1,67.4
25813,3,118.91
25814,7,77.43
25815,8,190.27
25816,1,491.63
25817,1,115.65
25818,7,377.7
25819,6,241.02
25820,5,127.19
25821,8,496.93
25822,4,278.86
25823,8,486.05
25824,2,375.09
25825,9,142.05
25826,6,256.43
25827,7,121.17
25828,1,463.68
25829,2,95.28
25830,2,272.62
25831,4,209.45
25832,8,486.34
25833,6,414.44
25834,2,78.28
25835,9,467.77
25836,4,477.96
25837,2,35.83
25838,7,84.91
25839,8,22.07
25840,1,197.96
25841,8,339.96
25842,9,364.12
25843,3,341.48
25844,3,433.25
25845,3,292.12
25846,6,147.86
25847,7,174.97
25848,5,252.21
25849,4,407.76
25850,7,304.94
25851,5,191.59
25852,10,476.56
25853,1,111.09
25854,6,120.4
25855,5,87.69
25856,4,226.07
25857,5,224.12
25858,8,434.79
25859,3,92.01
25860,8,201.02
25861,8,159.02
25862,8,298.14
25863,5,404.33
25864,6,470.45
25865,3,154.18
25866,3,349.12
25867,6,302.71
25868,7,137.75
25869,3,189.45
25870,10,230.45
25871,1,193.97
25872,4,246.32
25873,10,422.56
25874,7,29.6
25875,4,152.12
25876,9,314.96
25877,4,43.86
25878,7,32.73
25879,6,196.24
25880,6,124.93
25881,10,305.46
25882,3,464.22
25883,2,388.4
25884,6,147.18
25885,3,134.98
25886,2,180.17
25887,5,114.7
25888,8,309.42
25889,1,354.84
25890,7,420.49
25891,1,270.3
25892,9,128.07
25893,9,361.95
25894,6,447.28
25895,9,326.0
25896,4,219.31
25897,6,138.83
25898,9,229.68
25899,10,229.99
25900,10,388.25
25901,8,137.37
25902,6,369.49
25903,3,319.7
25904,1,368.3
25905,5,114.37
25906,9,92.11
25907,8,170.04
25908,9,135.35
25909,8,444.24
25910,9,170.62
25911,8,266.02
25912,7,454.63
25913,8,463.94
25914,6,123.96
25915,9,62.43
25916,9,12.8
25917,7,482.07
25918,9,340.59
25919,10,138.15
25920,2,62.68
25921,10,452.47
25922,3,403.7
25923,7,246.34
25924,10,312.29
25925,3,237.44
25926,3,116.02
25927,2,19.93
25928,1,364.69
25929,10,481.06
25930,6,435.55
25931,7,103.36
25932,2,402.79
25933,9,425.16
25934,6,231.67
25935,6,109.92
25936,3,30.36
25937,4,194.37
25938,4,345.16
25939,1,41.9
25940,5,405.43
25941,5,397.29
25942,2,314.67
25943,8,87.28
25944,10,417.32
25945,5,44.78
25946,1,113.55
25947,8,170.77
25948,1,199.93
25949,4,85.31
25950,9,447.3
25951,5,29.5
25952,2,233.47
25953,4,443.48
25954,4,475.31
25955,8,23.7
25956,8,59.66
25957,5,211.93
25958,8,299.62
25959,9,237.98
25960,4,243.14
25961,2,487.6
25962,10,399.38
25963,8,179.07
25964,3,250.27
25965,7,463.97
25966,2,31.14
25967,7,322.26
25968,8,240.62
25969,1,10.79
25970,8,36.97
25971,9,115.55
25972,6,318.56
25973,7,196.83
25974,2,276.65
25975,7,55.94
25976,9,456.1
25977,4,407.28
25978,1,13.17
25979,1,416.38
25980,2,13.02
25981,3,377.64
25982,3,365.2
25983,3,354.1
25984,9,416.1
25985,10,30.5
25986,2,423.99
25987,1,69.73
25988,2,383.07
25989,9,455.25
25990,7,287.48
25991,5,365.88
25992,2,12.54
25993,7,458.79
25994,7,311.84
25995,8,423.11
25996,1,421.01
25997,2,147.99
25998,5,48.88
25999,7,122.39
26000,3,283.73
26001,3,187.77
26002,10,196.76
26003,3,456.93
26004,10,469.08
26005,9,319.25
26006,2,221.99
26007,3,63.19
26008,8,19.68
26009,3,408.24
26010,5,428.36
26011,10,201.33
26012,6,27.66
26013,3,355.99
26014,3,451.51
26015,2,423.8
26016,3,458.81
26017,5,321.89
26018,1,172.35
26019,8,474.29
26020,10,420.19
26021,6,10.97
26022,3,154.26
26023,5,328.92
26024,3,215.28
26025,4,482.78
26026,3,121.3
26027,8,318.38
26028,5,256.56
26029,8,472.08
26030,4,85.28
26031,3,18.15
26032,2,348.2
26033,10,402.97
26034,3,17.03
26035,2,391.29
26036,7,230.31
26037,8,147.24
26038,9,443.36
26039,3,260.04
26040,8,281.77
26041,8,456.89
26042,10,40.27
26043,5,309.95
26044,4,25.33
26045,10,458.11
26046,7,201.79
26047,8,381.25
26048,7,95.57
26049,7,25.51
26050,3,474.19
26051,10,426.01
26052,5,423.73
26053,10,44.33
26054,1,135.94
26055,8,70.27
26056,7,155.92
26057,10,170.55
26058,5,493.84
26059,6,322.6
26060,5,369.13
26061,7,178.64
26062,8,361.31
26063,2,130.11
26064,8,64.52
26065,4,134.79
26066,8,255.97
26067,10,113.83
26068,3,265.35
26069,8,387.18
26070,3,469.27
26071,3,404.85
26072,7,218.86
26073,6,135.96
26074,9,319.47
26075,3,254.81
26076,5,386.55
26077,5,490.58
26078,5,177.95
26079,5,327.34
26080,4,447.19
26081,1,362.84
26082,3,325.17
26083,5,124.5
26084,7,169.92
26085,10,154.0
26086,4,281.52
26087,9,94.38
26088,4,76.86
26089,4,159.77
26090,6,364.39
26091,4,181.06
26092,7,262.2
26093,3,493.06
26094,9,303.35
26095,7,409.82
26096,8,338.71
26097,5,306.35
26098,3,335.62
26099,4,422.23
26100,10,278.12
26101,2,108.9
26102,8,323.03
26103,2,398.25
26104,2,451.1
26105,8,246.09
26106,1,58.66
26107,5,439.56
26108,2,463.43
26109,6,376.86
26110,9,62.9
26111,7,420.49
26112,4,43.88
26113,4,308.68
26114,3,278.92
26115,2,185.51
26116,8,438.9
26117,7,175.56
26118,10,390.13
26119,7,108.98
26120,10,229.76
26121,6,21.11
26122,8,411.93
26123,10,379.07
26124,3,69.18
26125,6,41.53
26126,10,282.76
26127,2,40.44
26128,10,428.93
26129,5,118.27
26130,1,78.18
26131,8,120.39
26132,1,341.89
26133,6,204.52
26134,5,81.56
26135,7,317.97
26136,9,14.18
26137,9,94.84
26138,4,467.78
26139,7,406.83
26140,7,370.93
26141,2,52.98
26142,4,48.79
26143,1,234.81
26144,4,431.18
26145,9,433.65
26146,8,496.33
26147,5,63.3
26148,3,221.62
26149,5,75.67
26150,4,25.06
26151,7,338.43
26152,5,367.96
26153,2,147.83
26154,4,258.04
26155,4,418.53
26156,9,437.32
26157,2,212.38
26158,5,357.25
26159,3,348.36
26160,10,418.22
26161,5,437.32
26162,6,270.83
26163,8,137.19
26164,9,397.34
26165,5,249.4
26166,6,75.46
26167,9,474.84
26168,8,402.55
26169,3,329.33
26170,6,410.25
26171,8,457.12
26172,9,471.88
26173,9,97.47
26174,5,176.53
26175,5,22.93
26176,5,84.18
26177,1,14.62
26178,5,321.73
26179,10,205.73
26180,2,382.92
26181,8,228.31
26182,6,402.1
26183,6,112.28
26184,1,363.44
26185,8,354.7
26186,9,196.34
26187,3,488.47
26188,7,301.33
26189,4,126.09
26190,6,402.59
26191,1,25.94
26192,3,330.63
26193,6,471.74
26194,10,173.99
26195,3,434.51
26196,6,206.15
26197,4,232.67
26198,8,337.41
26199,4,61.7
26200,6,87.48
26201,6,270.11
26202,8,405.28
26203,2,118.23
26204,2,371.66
26205,2,40.63
26206,6,69.74
26207,4,336.85
26208,6,283.02
26209,7,79.61
26210,5,417.83
26211,3,70.92
26212,2,176.5
26213,10,161.42
26214,4,281.07
26215,9,243.04
26216,8,466.59
26217,4,168.59
26218,10,115.72
26219,9,343.62
26220,2,457.36
26221,6,393.89
26222,5,273.87
26223,3,172.09
26224,3,363.58
26225,8,114.33
26226,7,395.17
26227,4,339.92
26228,4,429.26
26229,7,50.4
26230,3,10.1
26231,10,312.03
26232,9,216.14
26233,9,333.99
26234,8,283.59
26235,3,336.65
26236,8,245.89
26237,2,164.1
26238,7,332.08
26239,3,33.1
26240,10,225.4
26241,6,27.7
26242,7,194.0
26243,10,60.88
26244,3,498.44
26245,9,163.73
26246,7,263.81
26247,10,432.0
26248,5,48.57
26249,5,412.59
26250,4,110.68
26251,2,52.7
26252,7,380.82
26253,9,165.68
26254,1,93.37
26255,3,58.7
26256,1,202.66
26257,1,360.73
26258,7,132.41
26259,4,345.52
26260,2,279.43
26261,3,80.86
26262,2,219.49
26263,6,205.5
26264,4,350.67
26265,1,419.89
26266,4,401.76
26267,9,477.83
26268,2,327.51
26269,5,260.47
26270,6,477.08
26271,5,462.63
26272,4,24.53
26273,8,326.41
26274,6,409.29
26275,8,371.66
26276,8,460.94
26277,2,327.64
26278,5,450.36
26279,6,435.23
26280,9,112.88
26281,7,129.8
26282,3,443.97
26283,4,431.09
26284,4,355.84
26285,4,29.48
26286,8,369.95
26287,8,346.88
26288,7,207.89
26289,1,232.08
26290,1,101.55
26291,6,21.38
26292,7,219.56
26293,1,468.81
26294,10,323.96
26295,6,19.45
26296,6,358.8
26297,7,50.12
26298,1,216.22
26299,10,210.78
26300,6,431.16
26301,4,76.61
26302,5,253.26
26303,2,327.77
26304,5,41.41
26305,5,16.86
26306,5,105.79
26307,7,264.99
26308,9,423.46
26309,6,295.7
26310,7,34.54
26311,1,442.11
26312,9,333.44
26313,3,13.79
26314,9,249.25
26315,7,319.77
26316,9,444.82
26317,2,300.28
26318,10,319.39
26319,3,243.61
26320,10,56.59
26321,10,292.09
26322,4,283.93
26323,2,477.26
26324,9,244.16
26325,10,73.0
26326,7,172.91
26327,2,425.35
26328,2,238.02
26329,6,233.73
26330,1,60.25
26331,1,482.96
26332,7,359.27
26333,6,377.21
26334,3,211.63
26335,5,302.58
26336,2,173.56
26337,9,311.19
26338,3,260.08
26339,7,437.43
26340,6,398.88
26341,2,248.87
26342,8,108.45
26343,4,50.89
26344,10,386.2
26345,8,451.43
26346,10,130.53
26347,4,169.82
26348,8,341.42
26349,7,402.05
26350,6,177.92
26351,4,476.7
26352,7,333.03
26353,2,55.49
26354,9,440.29
26355,6,224.27
26356,7,316.76
26357,6,64.02
26358,4,302.11
26359,8,93.06
26360,2,385.96
26361,5,272.05
26362,4,212.57
26363,9,55.57
26364,4,150.79
26365,4,394.26
26366,1,102.04
26367,5,207.1
26368,8,162.47
26369,10,213.75
26370,9,226.08
26371,8,157.75
26372,5,219.67
26373,6,159.24
26374,5,274.03
26375,2,262.49
26376,8,116.66
26377,9,333.17
26378,2,381.49
26379,6,453.69
26380,9,276.22
26381,8,479.62
26382,5,412.49
26383,6,38.46
26384,2,176.82
26385,4,162.07
26386,7,192.97
26387,9,355.27
26388,7,168.38
26389,7,313.63
26390,7,347.97
26391,4,277.3
26392,5,153.65
26393,8,48.32
26394,5,52.52
26395,6,374.69
26396,9,419.56
26397,4,139.17
26398,2,22.5
26399,6,390.5
26400,3,309.33
26401,10,472.71
26402,7,421.05
26403,6,216.69
26404,3,475.13
26405,1,439.58
26406,8,319.57
26407,4,447.06
26408,4,114.86
26409,7,225.89
26410,8,232.53
26411,5,424.98
26412,1,432.54
26413,9,133.44
26414,10,239.87
26415,2,377.18
26416,2,264.69
26417,1,452.03
26418,4,338.92
26419,5,27.23
26420,4,174.31
26421,9,99.76
26422,2,460.56
26423,8,107.07
26424,3,409.61
26425,1,113.47
26426,1,224.2
26427,7,147.9
26428,7,354.14
26429,2,422.85
26430,9,466.73
26431,8,259.3
26432,9,254.21
26433,10,238.83
26434,9,260.88
26435,5,181.33
26436,9,316.61
26437,8,313.42
26438,6,237.97
26439,10,243.77
26440,2,153.21
26441,10,52.44
26442,10,422.88
26443,7,42.85
26444,10,36.54
26445,7,298.56
26446,3,401.96
26447,10,403.49
26448,2,20.17
26449,4,474.65
26450,8,338.6
26451,7,202.32
26452,7,275.58
26453,10,289.94
26454,5,81.59
26455,1,122.2
26456,7,470.27
26457,6,39.63
26458,4,498.06
26459,6,458.77
26460,5,55.95
26461,5,379.9
26462,1,369.82
26463,7,193.22
26464,2,499.24
26465,4,115.84
26466,3,421.19
26467,5,304.09
26468,8,224.25
26469,4,358.88
26470,10,214.61
26471,2,496.97
26472,9,142.53
26473,10,90.65
26474,10,244.15
26475,5,388.66
26476,4,265.54
26477,7,275.95
26478,7,44.23
26479,10,229.84
26480,8,194.61
26481,2,475.42
26482,4,174.28
26483,6,207.97
26484,2,496.57
26485,4,493.7
26486,2,178.78
26487,4,467.91
26488,9,317.2
26489,5,283.65
26490,10,435.22
26491,6,130.06
26492,2,97.34
26493,1,25.62
26494,6,292.72
26495,1,162.79
26496,1,435.15
26497,5,60.96
26498,8,25.69
26499,7,361.03
26500,3,443.38
26501,8,364.19
26502,4,48.04
26503,5,410.45
26504,3,162.55
26505,5,443.37
26506,8,70.72
26507,9,290.45
26508,8,436.85
26509,7,89.6
26510,2,382.23
26511,8,306.72
26512,5,366.51
26513,10,97.05
26514,1,409.67
26515,8,76.54
26516,5,275.57
26517,3,49.64
26518,6,447.76
26519,8,385.65
26520,1,368.7
26521,8,345.09
26522,7,125.61
26523,4,80.45
26524,1,334.59
26525,5,297.52
26526,2,314.94
26527,7,352.56
26528,6,55.11
26529,7,202.16
26530,8,55.03
26531,6,247.28
26532,7,165.04
26533,9,451.85
26534,7,391.65
26535,7,89.83
26536,4,226.43
26537,6,351.19
26538,8,236.62
26539,8,70.26
26540,2,291.86
26541,10,484.03
26542,10,395.99
26543,8,196.05
26544,8,10.51
26545,8,322.1
26546,1,72.21
26547,8,292.94
26548,7,389.69
26549,5,159.98
26550,3,226.8
26551,5,475.01
26552,1,352.7
26553,1,117.51
26554,9,253.52
26555,1,215.82
26556,5,217.58
26557,6,418.41
26558,5,371.52
26559,2,332.76
26560,9,213.16
26561,5,304.52
26562,9,248.42
26563,5,305.09
26564,4,352.4
26565,1,112.66
26566,10,79.2
26567,7,280.92
26568,7,255.59
26569,1,327.6
26570,4,240.51
26571,6,485.35
26572,8,270.34
26573,5,170.56
26574,7,444.54
26575,4,12.09
26576,3,137.72
26577,7,151.06
26578,1,456.4
26579,2,119.02
26580,3,94.92
26581,8,191.61
26582,5,47.25
26583,3,216.57
26584,5,378.71
26585,6,368.15
26586,1,290.28
26587,6,191.24
26588,8,123.88
26589,5,387.35
26590,3,333.15
26591,7,216.72
26592,3,405.9
26593,5,250.74
26594,7,11.2
26595,9,84.59
26596,9,39.1
26597,2,39.82
26598,3,134.98
26599,9,388.54
26600,9,341.72
26601,7,143.69
26602,8,331.07
26603,4,302.93
26604,7,310.18
26605,10,129.86
26606,4,380.37
26607,10,385.24
26608,4,257.68
26609,4,268.22
26610,7,281.42
26611,4,280.33
26612,7,265.78
26613,9,83.33
26614,9,70.15
26615,8,113.09
26616,7,483.71
26617,2,456.41
26618,7,180.81
26619,3,132.24
26620,1,250.67
26621,10,418.57
26622,10,125.46
26623,9,487.71
26624,4,369.05
26625,6,75.2
26626,10,305.78
26627,1,194.68
26628,9,135.27
26629,10,207.9
26630,4,465.48
26631,5,96.49
26632,10,365.1
26633,1,275.18
26634,8,85.44
26635,3,210.08
26636,7,100.7
26637,2,450.15
26638,8,208.04
26639,8,373.09
26640,8,405.2
26641,9,428.15
26642,8,338.64
26643,4,353.6
26644,8,46.87
26645,2,491.82
26646,1,185.85
26647,10,224.55
26648,7,255.67
26649,10,448.4
26650,4,116.43
26651,6,115.61
26652,8,147.51
26653,7,87.34
26654,5,78.74
26655,2,37.11
26656,4,128.39
26657,5,492.12
26658,8,254.07
26659,7,181.59
26660,9,272.91
26661,10,64.4
26662,9,413.67
26663,7,49.72
26664,3,294.36
26665,1,206.11
26666,6,486.15
26667,3,139.56
26668,7,425.75
26669,10,279.86
26670,8,385.08
26671,7,333.65
26672,9,168.17
26673,1,237.89
26674,9,465.09
26675,5,423.31
26676,9,327.68
26677,6,267.09
26678,1,23.24
26679,10,407.78
26680,9,220.08
26681,10,88.91
26682,5,325.99
26683,6,348.14
26684,6,41.75
26685,5,312.01
26686,5,256.58
26687,8,376.34
26688,6,363.21
26689,8,193.61
26690,4,419.81
26691,6,125.08
26692,7,422.03
26693,10,287.01
26694,2,360.75
26695,8,254.74
26696,10,306.55
26697,8,233.7
26698,3,88.74
26699,7,160.66
26700,7,367.93
26701,2,380.54
26702,6,467.82
26703,4,475.4
26704,1,82.4
26705,1,76.55
26706,6,373.65
26707,8,422.76
26708,10,240.48
26709,7,349.96
26710,4,429.63
26711,1,449.59
26712,2,133.55
26713,4,436.71
26714,7,328.05
26715,1,67.34
26716,7,262.7
26717,2,85.92
26718,1,254.0
26719,1,36.79
26720,7,309.81
26721,10,345.2
26722,6,189.31
26723,6,464.69
26724,4,434.65
26725,3,433.83
26726,5,135.51
26727,6,472.49
26728,6,99.54
26729,3,72.31
26730,5,374.1
26731,9,492.95
26732,5,147.02
26733,2,102.87
26734,10,291.55
26735,2,455.87
26736,7,286.36
26737,4,112.22
26738,1,126.85
26739,2,165.25
26740,10,170.3
26741,1,246.0
26742,6,371.62
26743,7,302.89
26744,2,16.38
26745,7,412.89
26746,4,211.49
26747,2,328.89
26748,2,405.84
26749,9,427.28
26750,5,30.11
26751,9,327.58
26752,2,232.16
26753,4,490.94
26754,7,293.17
26755,10,122.31
26756,9,81.18
26757,5,163.85
26758,9,225.99
26759,9,295.67
26760,10,445.51
26761,7,76.13
26762,10,481.27
26763,4,13.65
26764,3,280.72
26765,1,186.7
26766,2,256.2
26767,1,167.01
26768,1,284.22
26769,4,374.58
26770,10,57.01
26771,7,36.15
26772,9,183.4
26773,9,287.96
26774,6,139.09
26775,9,43.3
26776,5,143.45
26777,1,301.18
26778,4,276.37
26779,7,183.07
26780,5,234.94
26781,10,387.68
26782,8,324.32
26783,1,346.79
26784,6,134.21
26785,8,159.97
26786,8,28.1
26787,7,196.48
26788,4,23.45
26789,1,418.51
26790,7,498.33
26791,10,327.88
26792,5,143.39
26793,7,437.09
26794,6,15.15
26795,2,77.88
26796,4,459.32
26797,1,214.35
26798,6,431.28
26799,7,419.8
26800,6,24.26
26801,6,312.61
26802,9,427.76
26803,6,351.15
26804,7,171.62
26805,9,446.74
26806,4,414.78
26807,8,290.74
26808,4,295.98
26809,10,161.11
26810,5,120.62
26811,3,439.41
26812,10,30.42
26813,4,169.55
26814,3,50.5
26815,10,368.64
26816,7,405.93
26817,1,300.32
26818,1,77.66
26819,7,454.19
26820,5,253.57
26821,5,101.77
26822,4,92.49
26823,2,46.39
26824,10,34.1
26825,7,327.54
26826,3,124.93
26827,8,104.15
26828,9,63.44
26829,4,474.7
26830,4,13.64
26831,9,129.25
26832,5,191.3
26833,3,132.45
26834,9,461.47
26835,1,111.57
26836,7,116.27
26837,4,371.53
26838,3,262.34
26839,5,320.21
26840,6,214.25
26841,7,482.56
26842,9,202.42
26843,9,26.7
26844,6,460.88
26845,1,25.37
26846,6,454.64
26847,10,332.22
26848,4,276.79
26849,6,239.87
26850,6,433.93
26851,1,457.3
26852,6,142.08
26853,9,493.86
26854,6,232.49
26855,2,284.31
26856,1,481.08
26857,8,314.29
26858,5,313.42
26859,2,401.56
26860,9,490.14
26861,2,180.3
26862,2,478.03
26863,5,219.57
26864,2,445.42
26865,10,177.15
26866,2,232.53
26867,1,11.83
26868,7,460.17
26869,7,423.27
26870,7,201.54
26871,9,281.11
26872,5,429.77
26873,6,336.85
26874,4,390.87
26875,7,117.72
26876,8,218.52
26877,6,306.2
26878,6,312.96
26879,1,92.66
26880,4,145.01
26881,3,124.17
26882,9,60.12
26883,7,98.69
26884,7,220.23
26885,5,260.08
26886,5,310.81
26887,2,267.98
26888,7,57.38
26889,7,444.38
26890,9,263.2
26891,7,116.78
26892,6,273.37
26893,1,333.01
26894,4,108.37
26895,6,50.21
26896,4,47.84
26897,4,179.3
26898,2,409.46
26899,8,449.38
26900,3,247.72
26901,5,242.66
26902,5,160.29
26903,10,396.47
26904,8,93.7
26905,3,121.06
26906,10,445.55
26907,2,246.47
26908,7,47.31
26909,7,283.21
26910,3,179.66
26911,9,177.15
26912,9,494.69
26913,5,334.15
26914,2,115.58
26915,6,351.15
26916,8,159.16
26917,9,229.24
26918,8,144.2
26919,8,105.7
26920,8,84.23
26921,7,61.13
26922,8,180.13
26923,6,225.25
26924,10,290.15
26925,1,198.58
26926,9,450.12
26927,5,138.65
26928,6,70.92
26929,9,28.41
26930,6,137.74
26931,6,48.18
26932,3,151.8
26933,6,461.73
26934,9,479.51
26935,4,162.53
26936,5,12.97
26937,7,424.0
26938,2,338.71
26939,1,446.47
26940,7,133.44
26941,2,159.1
26942,6,114.05
26943,4,251.2
26944,6,423.14
26945,1,57.22
26946,6,196.77
26947,2,145.28
26948,2,196.0
26949,5,496.93
26950,6,441.73
26951,4,102.02
26952,7,448.83
26953,9,142.36
26954,10,53.43
26955,5,45.13
26956,8,258.35
26957,1,313.14
26958,8,64.53
26959,6,246.14
26960,2,331.92
26961,5,452.77
26962,2,162.7
26963,6,58.33
26964,10,430.0
26965,6,170.18
26966,4,275.89
26967,4,197.99
26968,1,478.29
26969,8,95.67
26970,7,218.91
26971,2,424.0
26972,9,34.31
26973,5,128.21
26974,9,264.1
26975,2,197.48
26976,9,162.36
26977,3,430.22
26978,3,489.73
26979,1,413.36
26980,10,25.41
26981,1,395.94
26982,7,144.98
26983,6,11.57
26984,1,334.87
26985,7,339.07
26986,5,185.23
26987,2,340.3
26988,10,33.31
26989,2,420.93
26990,8,123.08
26991,1,23.98
26992,8,322.69
26993,7,127.19
26994,3,405.81
26995,8,99.84
26996,4,393.26
26997,4,418.04
26998,10,429.98
26999,1,138.24
27000,4,81.61
27001,7,446.4
27002,6,296.72
27003,5,237.52
27004,6,113.31
27005,3,90.51
27006,6,137.49
27007,4,35.69
27008,6,432.0
27009,10,239.44
27010,4,386.75
27011,6,57.31
27012,6,406.58
27013,10,222.83
27014,3,216.2
27015,7,413.74
27016,1,308.93
27017,10,356.23
27018,3,238.86
27019,1,353.32
27020,2,136.6
27021,4,66.08
27022,7,152.57
27023,2,307.93
27024,2,353.59
27025,7,189.92
27026,5,361.42
27027,3,352.09
27028,5,443.76
27029,3,219.73
27030,1,212.24
27031,9,378.71
27032,10,332.85
27033,3,102.78
27034,5,109.79
27035,8,308.52
27036,10,101.94
27037,10,166.4
27038,10,157.3
27039,9,286.96
27040,3,169.76
27041,8,146.58
27042,8,167.82
27043,10,142.68
27044,8,234.63
27045,7,189.45
27046,2,89.57
27047,9,339.86
27048,10,338.93
27049,7,108.91
27050,4,219.8
27051,7,217.48
27052,8,38.53
27053,2,370.24
27054,2,92.15
27055,2,130.24
27056,9,251.58
27057,4,324.09
27058,5,97.49
27059,5,150.75
27060,9,115.1
27061,6,151.38
27062,6,379.72
27063,8,151.38
27064,9,267.93
27065,4,313.03
27066,9,485.59
27067,9,349.64
27068,6,83.84
27069,5,115.41
27070,10,429.99
27071,6,347.73
27072,6,94.71
27073,2,182.47
27074,8,105.89
27075,5,396.98
27076,7,473.32
27077,1,470.76
27078,7,476.9
27079,10,323.76
27080,3,486.34
27081,5,240.41
27082,6,243.15
27083,6,213.46
27084,2,18.42
27085,1,335.59
27086,2,29.06
27087,4,411.43
27088,3,97.96
27089,2,360.71
27090,4,295.24
27091,6,62.24
27092,2,431.48
27093,7,302.19
27094,4,76.84
27095,3,282.19
27096,5,58.37
27097,3,468.38
27098,7,411.23
27099,3,212.11
27100,3,65.76
27101,5,166.52
27102,8,62.14
27103,1,140.67
27104,2,419.02
27105,7,249.36
27106,8,251.93
27107,9,406.8
27108,2,342.71
27109,6,383.16
27110,2,111.95
27111,7,273.0
27112,3,105.89
27113,3,356.07
27114,7,103.19
27115,6,398.62
27116,7,309.31
27117,1,111.74
27118,7,413.0
27119,10,355.79
27120,2,27.2
27121,6,227.77
27122,10,232.95
27123,3,108.12
27124,9,59.1
27125,5,176.96
27126,3,232.49
27127,9,367.49
27128,7,323.03
27129,3,318.7
27130,1,440.94
27131,4,171.57
27132,5,20.73
27133,10,124.03
27134,10,309.86
27135,10,271.7
27136,9,307.45
27137,2,303.86
27138,6,16.1
27139,9,223.95
27140,10,495.69
27141,10,290.0
27142,10,116.49
27143,9,475.84
27144,10,499.11
27145,2,444.59
27146,10,152.29
27147,8,143.71
27148,2,94.93
27149,2,303.33
27150,1,27.7
27151,5,54.61
27152,6,65.41
27153,6,264.66
27154,7,453.96
27155,8,113.26
27156,4,109.32
27157,8,26.79
27158,9,389.84
27159,10,306.22
27160,7,481.77
27161,9,222.05
27162,9,190.8
27163,9,418.33
27164,5,114.14
27165,2,198.75
27166,2,39.09
27167,7,183.72
27168,2,159.3
27169,10,134.0
27170,8,111.31
27171,10,468.09
27172,6,345.36
27173,5,377.04
27174,2,18.92
27175,6,225.08
27176,2,334.88
27177,4,343.36
27178,3,235.86
27179,10,213.03
27180,9,461.13
27181,9,494.95
27182,6,278.52
27183,10,231.17
27184,4,494.44
27185,9,156.7
27186,5,451.79
27187,4,58.91
27188,10,145.5
27189,6,91.86
27190,2,92.72
27191,9,222.29
27192,7,78.08
27193,1,380.73
27194,9,62.67
27195,1,344.24
27196,1,330.11
27197,10,296.53
27198,6,70.82
27199,5,375.13
27200,5,11.04
27201,1,283.59
27202,1,335.96
27203,4,340.51
27204,8,318.33
27205,3,485.44
27206,7,455.35
27207,7,134.78
27208,3,94.16
27209,7,158.57
27210,3,166.93
27211,5,347.77
27212,10,372.5
27213,3,149.84
27214,4,303.85
27215,7,16.42
27216,5,71.98
27217,1,273.07
27218,2,232.24
27219,5,77.73
27220,4,465.26
27221,7,268.68
27222,6,378.22
27223,3,231.58
27224,7,256.53
27225,3,19.39
27226,2,278.56
27227,9,60.03
27228,3,160.26
27229,7,201.0
27230,5,443.02
27231,9,29.17
27232,8,10.78
27233,1,307.91
27234,8,297.59
27235,1,307.62
27236,4,185.39
27237,2,417.2
27238,6,315.15
27239,2,239.9
27240,4,125.51
27241,8,36.89
27242,6,448.7
27243,4,254.44
27244,8,10.84
27245,7,35.2
27246,4,239.18
27247,8,461.3
27248,9,235.77
27249,6,107.17
27250,2,251.25
27251,1,345.48
27252,6,122.9
27253,4,22.16
27254,4,463.23
27255,3,174.97
27256,7,291.94
27257,7,143.09
27258,5,458.94
27259,2,103.51
27260,4,44.27
27261,2,184.82
27262,10,213.14
27263,4,308.99
27264,9,377.78
27265,5,87.36
27266,7,331.44
27267,4,52.59
27268,5,442.83
27269,1,300.57
27270,10,24.38
27271,4,324.6
27272,5,348.8
27273,2,130.91
27274,6,412.27
27275,6,106.03
27276,7,221.73
27277,2,111.51
27278,5,215.17
27279,4,171.06
27280,5,169.16
27281,3,262.37
27282,3,114.15
27283,6,346.6
27284,5,260.64
27285,6,365.34
27286,10,228.96
27287,10,288.38
27288,5,302.08
27289,7,184.09
27290,8,233.48
27291,9,127.55
27292,4,179.8
27293,2,337.82
27294,8,10.06
27295,7,154.16
27296,7,151.33
27297,3,106.18
27298,2,168.5
27299,1,86.23
27300,5,490.18
27301,9,110.14
27302,8,446.09
27303,1,62.46
27304,4,79.45
27305,1,479.73
27306,5,289.85
27307,5,60.08
27308,1,341.12
27309,3,196.41
27310,10,317.98
27311,4,412.36
27312,7,467.83
27313,3,237.58
27314,3,367.87
27315,3,456.49
27316,7,474.13
27317,5,345.26
27318,5,109.32
27319,8,214.91
27320,8,309.49
27321,7,244.59
27322,5,201.04
27323,3,199.34
27324,9,210.09
27325,4,12.34
27326,2,348.55
27327,4,118.09
27328,8,311.37
27329,9,370.96
27330,9,475.11
27331,2,416.63
27332,1,93.8
27333,7,336.48
27334,8,69.11
27335,10,198.56
27336,5,429.8
27337,5,315.31
27338,9,182.4
27339,5,370.02
27340,6,217.01
27341,2,487.59
27342,1,400.15
27343,9,148.75
27344,6,487.6
27345,3,205.18
27346,7,262.56
27347,3,421.93
27348,9,234.63
27349,6,358.24
27350,2,160.36
27351,2,379.13
27352,10,457.66
27353,7,44.27
27354,6,311.36
27355,10,441.36
27356,3,368.54
27357,8,268.64
27358,1,456.44
27359,9,174.14
27360,1,217.54
27361,1,103.7
27362,4,149.95
27363,8,370.99
27364,2,48.39
27365,1,77.29
27366,4,22.01
27367,3,452.94
27368,9,316.41
27369,6,322.83
27370,6,354.09
27371,2,350.17
27372,3,300.34
27373,3,490.96
27374,1,237.7
27375,3,106.53
27376,4,128.84
27377,9,83.55
27378,4,292.41
27379,10,341.12
27380,2,61.73
27381,2,479.08
27382,10,295.46
27383,8,460.48
27384,4,275.13
27385,8,304.79
27386,8,280.13
27387,8,201.11
27388,8,471.67
27389,3,130.47
27390,1,321.06
27391,5,99.35
27392,10,387.48
27393,7,171.23
27394,5,135.31
27395,5,400.16
27396,7,176.02
27397,5,107.0
27398,7,86.06
27399,1,197.24
27400,2,161.62
27401,9,321.62
27402,10,311.06
27403,2,297.93
27404,8,79.2
27405,3,423.05
27406,9,48.78
27407,4,14.95
27408,1,263.68
27409,4,461.82
27410,4,296.66
27411,5,450.23
27412,10,355.67
27413,2,379.85
27414,2,353.37
27415,8,299.53
27416,4,447.48
27417,1,316.57
27418,1,499.35
27419,5,290.02
27420,6,35.87
27421,5,148.61
27422,3,226.1
27423,10,91.38
27424,9,444.55
27425,1,79.62
27426,9,147.68
27427,5,383.47
27428,2,400.13
27429,7,52.37
27430,7,300.03
27431,7,406.37
27432,5,417.12
27433,9,373.08
27434,6,491.06
27435,2,472.78
27436,7,124.0
27437,4,257.91
27438,4,250.11
27439,6,246.56
27440,5,47.46
27441,4,243.16
27442,3,95.85
27443,6,304.48
27444,2,362.17
27445,3,186.46
27446,9,113.06
27447,6,51.0
27448,7,124.79
27449,8,263.34
27450,2,211.57
27451,5,360.13
27452,7,413.03
27453,5,404.9
27454,2,413.32
27455,3,345.47
27456,10,38.76
27457,2,390.26
27458,3,417.7
27459,2,470.55
27460,9,388.46
27461,6,345.72
27462,2,279.95
27463,9,49.8
27464,2,415.05
27465,1,55.94
27466,7,32.36
27467,4,385.29
27468,6,132.49
27469,6,320.59
27470,10,486.12
27471,9,89.87
27472,10,17.23
27473,5,481.3
27474,9,65.71
27475,3,349.69
27476,6,220.11
27477,2,205.56
27478,7,203.65
27479,3,231.96
27480,7,284.88
27481,3,236.95
27482,9,282.44
27483,8,261.17
27484,8,479.58
27485,9,47.59
27486,10,107.39
27487,9,122.48
27488,8,338.05
27489,8,376.11
27490,6,487.67
27491,1,327.72
27492,5,242.42
27493,1,495.03
27494,9,25.01
27495,9,90.66
27496,2,115.63
27497,2,351.65
27498,9,94.62
27499,2,417.19
27500,5,371.6
27501,1,144.27
27502,5,161.48
27503,10,237.58
27504,10,155.37
27505,6,285.68
27506,4,157.16
27507,1,382.76
27508,2,299.46
27509,7,267.72
27510,10,120.78
27511,5,186.25
27512,1,136.58
27513,10,188.37
27514,2,107.07
27515,1,115.09
27516,8,390.27
27517,7,44.56
27518,1,199.68
27519,2,200.0
27520,7,282.62
27521,5,428.85
27522,5,400.13
27523,9,340.46
27524,3,400.0
27525,1,466.25
27526,9,249.49
27527,9,161.67
27528,9,460.13
27529,2,260.83
27530,9,200.72
27531,7,306.14
27532,4,392.56
27533,5,449.42
27534,1,170.02
27535,8,79.67
27536,5,254.25
27537,8,93.85
27538,4,392.46
27539,7,428.19
27540,7,84.83
27541,10,46.45
27542,1,475.66
27543,5,296.26
27544,5,476.55
27545,8,370.45
27546,3,433.48
27547,2,448.2
27548,1,40.64
27549,1,352.39
27550,7,217.5
27551,9,461.62
27552,4,410.7
27553,3,58.94
27554,9,398.95
27555,9,292.22
27556,6,261.66
27557,5,366.06
27558,1,405.28
27559,5,245.9
27560,6,349.98
27561,2,415.21
27562,3,417.53
27563,6,200.25
27564,6,198.21
27565,5,59.41
27566,7,164.61
27567,7,215.6
27568,2,174.23
27569,2,485.86
27570,2,78.77
27571,8,18.8
27572,9,347.49
27573,1,349.37
27574,9,386.33
27575,4,384.95
27576,10,217.15
27577,10,406.08
27578,7,99.39
27579,6,77.25
27580,8,216.3
27581,6,23.86
27582,4,101.89
27583,10,401.07
27584,9,326.35
27585,9,33.11
27586,9,214.72
27587,9,221.25
27588,9,372.81
27589,4,378.4
27590,5,110.04
27591,3,88.92
27592,10,438.37
27593,8,274.69
27594,4,74.08
27595,2,348.56
27596,1,41.63
27597,4,117.31
27598,10,276.63
27599,4,14.7
27600,1,147.48
27601,1,131.17
27602,7,178.9
27603,5,418.52
27604,10,334.08
27605,1,61.96
27606,5,30.77
27607,6,222.0
27608,1,82.55
27609,6,230.55
27610,8,28.27
27611,10,32.76
27612,6,309.19
27613,3,344.28
27614,8,370.37
27615,10,13.4
27616,7,104.52
27617,10,430.78
27618,10,383.72
27619,2,263.0
27620,4,386.5
27621,7,441.64
27622,9,379.55
27623,4,196.39
27624,7,297.51
27625,7,48.97
27626,4,200.54
27627,8,339.17
27628,8,443.88
27629,8,459.42
27630,8,165.96
27631,10,211.41
27632,10,356.24
27633,3,347.58
27634,10,58.64
27635,5,356.58
27636,10,236.45
27637,9,276.65
27638,2,339.09
27639,5,57.18
27640,3,136.33
27641,3,399.51
27642,8,27.37
27643,1,398.37
27644,8,175.54
27645,6,30.06
27646,7,89.89
27647,5,422.87
27648,9,49.37
27649,9,271.1
27650,7,226.53
27651,10,360.66
27652,1,59.7
27653,10,65.32
27654,10,108.44
27655,8,40.5
27656,5,420.58
27657,2,156.41
27658,3,20.76
27659,4,145.48
27660,10,409.62
27661,9,430.65
27662,4,280.53
27663,3,277.46
27664,2,468.45
27665,5,18.16
27666,7,96.68
27667,8,271.14
27668,4,399.76
27669,8,464.22
27670,3,115.67
27671,3,245.95
27672,4,123.97
27673,9,333.81
27674,1,128.53
27675,6,390.52
27676,5,204.42
27677,9,148.82
27678,4,482.46
27679,3,419.2
27680,1,433.99
27681,10,167.72
27682,10,199.65
27683,7,59.84
27684,8,403.07
27685,4,38.05
27686,8,287.47
27687,1,290.72
27688,2,350.59
27689,10,309.31
27690,9,424.14
27691,5,204.43
27692,7,43.39
27693,1,302.38
27694,6,67.87
27695,1,115.54
27696,6,207.94
27697,3,166.07
27698,7,75.17
27699,1,489.86
27700,10,26.5
27701,9,22.66
27702,8,381.47
27703,10,487.23
27704,6,193.07
27705,1,404.03
27706,5,155.93
27707,2,178.75
27708,7,343.16
27709,1,473.1
27710,6,366.26
27711,3,253.47
27712,7,85.83
27713,3,20.65
27714,2,230.99
27715,9,288.44
27716,9,113.94
27717,1,167.01
27718,8,24.33
27719,4,324.61
27720,7,354.18
27721,1,483.65
27722,8,100.52
27723,4,84.8
27724,5,264.51
27725,10,104.72
27726,3,121.44
27727,8,446.67
27728,8,459.12
27729,7,250.85
27730,10,462.76
27731,7,200.1
27732,9,169.34
27733,3,145.87
27734,5,257.62
27735,3,215.1
27736,9,306.12
27737,9,366.8
27738,8,226.24
27739,8,435.43
27740,5,224.23
27741,6,269.53
27742,8,279.08
27743,7,412.58
27744,6,53.0
27745,10,97.95
27746,3,229.74
27747,4,140.03
27748,9,343.9
27749,10,337.53
27750,6,54.69
27751,6,80.75
27752,9,250.36
27753,4,169.86
27754,2,279.88
27755,8,269.84
27756,4,137.2
27757,2,144.13
27758,9,452.12
27759,8,226.25
27760,8,470.97
27761,4,296.25
27762,2,477.47
27763,1,104.7
27764,9,273.07
27765,3,253.68
27766,10,474.99
27767,1,438.69
27768,9,257.7
27769,9,338.24
27770,8,337.13
27771,5,367.91
27772,3,476.3
27773,6,346.16
27774,1,335.69
27775,6,240.63
27776,5,207.69
27777,3,413.23
27778,7,112.53
27779,7,171.93
27780,9,363.4
27781,6,388.23
27782,6,124.03
27783,3,41.2
27784,2,341.56
27785,4,359.02
27786,3,318.03
27787,9,324.4
27788,8,315.53
27789,9,376.88
27790,7,333.86
27791,7,164.31
27792,2,461.16
27793,5,223.98
27794,7,405.81
27795,2,252.13
27796,6,287.67
27797,10,213.24
27798,1,62.44
27799,6,191.1
27800,3,100.15
27801,5,48.14
27802,3,138.85
27803,7,478.83
27804,6,174.08
27805,10,187.03
27806,8,285.01
27807,4,460.6
27808,2,195.9
27809,4,78.39
27810,3,87.96
27811,8,361.13
27812,2,115.01
27813,2,255.24
27814,1,80.13
27815,5,304.37
27816,1,25.62
27817,9,134.47
27818,6,409.62
27819,6,186.36
27820,8,130.83
27821,4,83.34
27822,3,122.16
27823,10,43.46
27824,3,497.18
27825,2,279.4
27826,4,213.79
27827,10,407.77
27828,5,315.6
27829,4,185.58
27830,9,324.16
27831,9,143.05
27832,10,262.81
27833,8,111.09
27834,10,490.44
27835,8,447.35
27836,9,143.71
27837,6,219.23
27838,8,62.44
27839,4,238.46
27840,3,137.12
27841,5,202.26
27842,10,267.36
27843,6,286.34
27844,10,365.87
27845,10,40.03
27846,7,465.7
27847,1,291.1
27848,8,266.98
27849,1,410.02
27850,3,461.74
27851,7,152.6
27852,6,256.0
27853,9,461.78
27854,10,281.16
27855,3,493.12
27856,5,381.98
27857,7,454.88
27858,4,50.23
27859,9,345.32
27860,3,346.79
27861,1,293.82
27862,3,234.68
27863,10,130.38
27864,10,415.33
27865,10,262.68
27866,2,80.19
27867,1,99.02
27868,2,177.2
27869,2,493.98
27870,9,183.44
27871,4,197.81
27872,5,25.7
27873,5,421.71
27874,7,337.92
27875,3,498.16
27876,8,13.85
27877,9,431.21
27878,8,254.1
27879,6,47.88
27880,1,377.94
27881,4,96.19
27882,7,23.03
27883,4,150.6
27884,8,259.64
27885,5,127.52
27886,7,239.17
27887,5,441.52
27888,5,216.88
27889,4,48.04
27890,1,410.35
27891,4,78.76
27892,4,276.93
27893,6,407.39
27894,4,228.83
27895,7,479.69
27896,8,125.7
27897,6,278.51
27898,9,95.27
27899,10,217.19
27900,5,383.41
27901,10,480.28
27902,7,277.31
27903,3,143.0
27904,2,456.65
27905,2,83.14
27906,6,471.61
27907,9,310.59
27908,4,370.37
27909,3,347.77
27910,1,243.82
27911,2,140.95
27912,3,462.34
27913,6,239.01
27914,7,230.76
27915,1,234.06
27916,10,354.7
27917,3,422.41
27918,5,134.29
27919,6,157.22
27920,8,169.68
27921,10,482.25
27922,2,60.52
27923,2,193.19
27924,7,402.2
27925,8,113.34
27926,1,73.95
27927,3,199.73
27928,5,165.47
27929,7,444.16
27930,10,473.41
27931,7,268.88
27932,6,261.64
27933,2,405.65
27934,10,17.14
27935,6,281.85
27936,6,256.68
27937,8,76.27
27938,4,343.82
27939,8,181.49
27940,3,250.53
27941,2,306.91
27942,7,159.79
27943,2,375.49
27944,3,125.31
27945,8,408.91
27946,9,477.65
27947,9,25.2
27948,4,223.0
27949,7,467.55
27950,5,288.86
27951,8,30.51
27952,10,413.92
27953,10,358.1
27954,1,366.79
27955,2,285.97
27956,7,334.88
27957,5,118.11
27958,4,179.29
27959,3,102.56
27960,6,396.22
27961,3,45.84
27962,2,432.4
27963,9,241.08
27964,1,480.66
27965,1,273.42
27966,3,97.6
27967,1,185.88
27968,3,377.4
27969,1,275.48
27970,4,292.17
27971,6,197.91
27972,1,269.28
27973,9,24.86
27974,7,197.66
27975,8,67.1
27976,1,433.6
27977,5,240.38
27978,9,98.86
27979,8,413.98
27980,10,310.79
27981,2,386.79
27982,8,103.81
27983,1,397.37
27984,7,168.86
27985,7,262.3
27986,9,188.88
27987,7,391.63
27988,3,237.77
27989,4,69.35
27990,1,126.93
27991,6,36.07
27992,5,450.86
27993,6,17.65
27994,4,72.06
27995,8,394.45
27996,1,467.26
27997,6,85.7
27998,5,458.29
27999,7,308.12
28000,5,391.18
28001,6,221.32
28002,5,196.98
28003,7,195.66
28004,7,388.89
28005,5,211.75
28006,2,146.25
28007,9,159.46
28008,1,12.47
28009,1,420.08
28010,2,113.75
28011,8,138.92
28012,8,260.18
28013,8,368.51
28014,1,381.38
28015,4,258.74
28016,3,103.33
28017,3,82.16
28018,9,348.0
28019,4,245.63
28020,3,324.68
28021,3,436.75
28022,4,363.13
28023,5,171.46
28024,2,177.73
28025,2,240.65
28026,7,190.85
28027,9,499.62
28028,7,48.47
28029,1,27.51
28030,6,303.24
28031,2,269.54
28032,7,89.71
28033,5,254.79
28034,4,315.34
28035,4,478.96
28036,9,335.71
28037,2,149.73
28038,3,203.43
28039,10,324.65
28040,7,482.26
28041,4,52.24
28042,6,485.37
28043,6,320.35
28044,9,33.44
28045,1,256.65
28046,6,254.16
28047,6,235.85
28048,2,474.0
28049,4,63.73
28050,4,370.35
28051,9,76.55
28052,4,250.69
28053,9,147.63
28054,5,200.2
28055,6,18.1
28056,4,319.2
28057,2,129.83
28058,6,360.31
28059,5,427.78
28060,9,471.09
28061,3,311.91
28062,3,476.04
28063,5,495.5
28064,8,32.51
28065,8,432.28
28066,8,132.31
28067,8,333.94
28068,2,33.14
28069,6,104.37
28070,1,179.54
28071,10,248.33
28072,3,241.76
28073,4,48.72
28074,1,271.66
28075,7,90.86
28076,8,239.26
28077,7,426.16
28078,10,306.68
28079,10,377.26
28080,7,350.64
28081,5,66.76
28082,7,311.96
28083,7,15.24
28084,6,198.27
28085,2,51.62
28086,9,101.57
28087,10,73.53
28088,2,356.01
28089,8,163.47
28090,7,159.07
28091,6,285.42
28092,4,20.96
28093,8,167.67
28094,4,348.62
28095,4,65.31
28096,5,293.34
28097,3,255.78
28098,10,209.95
28099,10,56.28
28100,7,68.84
28101,8,166.68
28102,7,277.28
28103,4,132.67
28104,6,333.2
28105,10,480.1
28106,5,337.08
28107,3,94.55
28108,7,406.52
28109,10,446.52
28110,10,335.54
28111,6,389.14
28112,9,389.16
28113,1,15.31
28114,6,272.0
28115,9,390.78
28116,6,208.8
28117,4,134.44
28118,5,312.38
28119,1,258.41
28120,6,422.98
28121,5,490.7
28122,9,127.6
28123,2,447.89
28124,3,225.92
28125,3,468.53
28126,8,257.98
28127,4,151.39
28128,8,295.64
28129,4,77.47
28130,9,48.71
28131,9,53.58
28132,8,52.15
28133,8,231.44
28134,2,68.41
28135,4,149.4
28136,3,36.1
28137,8,437.14
28138,7,42.36
28139,5,166.48
28140,5,61.69
28141,10,42.51
28142,5,323.03
28143,1,18.81
28144,1,23.85
28145,1,439.47
28146,2,121.55
28147,1,418.42
28148,3,363.5
28149,5,414.03
28150,10,19.03
28151,1,49.05
28152,4,418.98
28153,10,89.22
28154,6,333.65
28155,9,433.56
28156,2,294.31
28157,8,386.25
28158,3,140.62
28159,4,326.1
28160,7,475.78
28161,6,194.93
28162,9,368.4
28163,5,218.88
28164,10,445.85
28165,6,452.88
28166,9,374.73
28167,4,111.12
28168,7,472.57
28169,10,382.49
28170,5,248.82
28171,1,465.93
28172,10,61.09
28173,9,236.08
28174,2,305.6
28175,10,379.4
28176,9,396.29
28177,4,472.13
28178,3,422.98
28179,7,180.3
28180,2,287.62
28181,9,321.18
28182,10,195.51
28183,2,76.45
28184,7,211.6
28185,10,294.33
28186,7,367.53
28187,10,423.52
28188,3,367.07
28189,8,435.95
28190,1,340.78
28191,9,407.79
28192,7,351.06
28193,7,183.99
28194,5,463.9
28195,7,191.87
28196,10,230.46
28197,6,304.23
28198,8,250.32
28199,8,114.83
28200,9,17.68
28201,8,165.87
28202,7,266.99
28203,4,331.27
28204,4,392.37
28205,4,420.55
28206,4,287.31
28207,5,239.14
28208,5,348.69
28209,3,222.66
28210,9,255.05
28211,6,229.91
28212,8,130.48
28213,9,453.31
28214,6,138.14
28215,7,11.48
28216,6,86.15
28217,8,497.55
28218,4,76.3
28219,4,116.75
28220,6,261.84
28221,8,343.42
28222,10,92.05
28223,9,267.39
28224,1,491.74
28225,3,298.33
28226,6,173.5
28227,8,205.19
28228,4,37.03
28229,9,273.37
28230,8,408.96
28231,1,224.93
28232,10,365.55
28233,10,394.01
28234,1,214.54
28235,4,345.64
28236,2,179.44
28237,5,120.18
28238,5,153.87
28239,2,285.85
28240,8,162.04
28241,8,11.5
28242,9,486.07
28243,5,275.2
28244,7,249.12
28245,2,354.6
28246,3,153.64
28247,9,319.31
28248,10,194.79
28249,5,109.0
28250,6,416.88
28251,1,485.26
28252,5,61.14
28253,3,319.26
28254,7,482.34
28255,3,140.34
28256,9,307.36
28257,3,284.23
28258,8,37.84
28259,4,79.91
28260,2,192.37
28261,7,217.68
28262,1,40.88
28263,10,47.55
28264,8,68.2
28265,2,13.56
28266,6,360.75
28267,10,403.03
28268,3,361.05
28269,1,243.4
28270,2,455.93
28271,10,279.66
28272,1,83.43
28273,2,128.72
28274,9,295.48
28275,7,25.85
28276,1,103.49
28277,5,198.55
28278,2,242.1
28279,5,54.05
28280,8,450.57
28281,5,456.53
28282,5,209.78
28283,6,188.46
28284,6,52.09
28285,3,479.58
28286,4,467.47
28287,6,188.45
28288,2,213.36
28289,5,375.54
28290,2,180.98
28291,7,209.03
28292,1,348.22
28293,7,107.91
28294,9,211.91
28295,5,259.4
28296,6,19.35
28297,8,469.25
28298,5,112.31
28299,3,450.66
28300,6,425.13
28301,1,41.51
28302,10,52.94
28303,6,123.19
28304,5,235.91
28305,7,329.13
28306,10,219.23
28307,8,247.87
28308,2,412.91
28309,4,139.72
28310,5,400.41
28311,3,144.28
28312,5,278.3
28313,7,144.61
28314,10,41.77
28315,6,115.88
28316,1,289.66
28317,5,106.2
28318,6,370.09
28319,2,418.4
28320,5,29.25
28321,7,469.73
28322,10,85.17
28323,5,322.12
28324,7,188.36
28325,4,80.94
28326,8,52.04
28327,1,156.62
28328,10,60.82
28329,3,220.34
28330,5,489.83
28331,4,483.33
28332,5,380.61
28333,1,369.11
28334,9,58.02
28335,3,327.08
28336,6,33.86
28337,10,56.58
28338,7,430.82
28339,4,287.61
28340,3,332.82
28341,7,72.27
28342,10,498.4
28343,3,436.88
28344,7,187.04
28345,2,64.45
28346,10,92.73
28347,5,489.52
28348,2,78.6
28349,4,11.27
28350,1,219.53
28351,4,381.5
28352,2,261.04
28353,10,93.28
28354,6,66.81
28355,8,289.55
28356,8,230.57
28357,2,344.17
28358,10,223.99
28359,8,313.88
28360,2,56.49
28361,3,310.34
28362,3,126.2
28363,6,286.85
28364,4,368.51
28365,6,111.07
28366,6,131.15
28367,7,92.11
28368,9,430.54
28369,3,362.0
28370,6,352.05
28371,1,388.0
28372,1,291.51
28373,2,140.56
28374,8,335.91
28375,2,380.46
28376,7,279.8
28377,9,336.43
28378,9,94.87
28379,9,328.76
28380,5,149.86
28381,9,88.91
28382,2,206.09
28383,7,73.78
28384,8,11.92
28385,9,221.36
28386,5,325.49
28387,8,440.29
28388,3,485.77
28389,3,116.67
28390,3,479.42
28391,5,87.77
28392,7,107.98
28393,9,365.27
28394,7,261.1
28395,2,87.69
28396,5,60.97
28397,6,499.61
28398,9,391.15
28399,9,147.26
28400,6,309.4
28401,5,136.5
28402,5,351.33
28403,8,217.89
28404,4,143.81
28405,2,11.71
28406,8,297.25
28407,1,199.49
28408,6,99.43
28409,6,116.29
28410,10,130.89
28411,3,141.36
28412,5,334.75
28413,4,146.1
28414,6,68.16
28415,10,190.83
28416,1,379.21
28417,10,230.29
28418,6,461.83
28419,5,252.11
28420,9,394.25
28421,6,337.71
28422,1,456.69
28423,7,97.18
28424,1,60.73
28425,7,470.04
28426,3,22.88
28427,4,333.1
28428,8,227.34
28429,2,136.93
28430,5,278.49
28431,8,90.86
28432,9,132.66
28433,3,220.53
28434,6,94.23
28435,9,437.04
28436,4,12.84
28437,7,279.28
28438,1,431.43
28439,9,429.11
28440,9,96.04
28441,8,324.27
28442,1,301.04
28443,9,449.84
28444,3,499.11
28445,10,415.32
28446,6,96.7
28447,2,11.92
28448,10,144.13
28449,3,105.81
28450,6,342.58
28451,8,286.8
28452,4,34.32
28453,3,250.05
28454,10,74.04
28455,10,15.5
28456,6,52.59
28457,1,399.68
28458,3,92.99
28459,10,285.1
28460,3,423.53
28461,8,290.37
28462,10,415.84
28463,9,131.34
28464,10,348.74
28465,5,464.9
28466,3,221.29
28467,1,123.7
28468,3,156.83
28469,9,12.18
28470,8,242.07
28471,1,16.15
28472,8,388.38
28473,2,250.45
28474,6,34.12
28475,7,275.63
28476,3,153.91
28477,1,258.06
28478,9,400.14
28479,6,412.7
28480,3,478.15
28481,1,275.26
28482,2,473.57
28483,2,392.56
28484,3,326.6
28485,9,214.16
28486,7,481.55
28487,1,482.22
28488,10,315.36
28489,8,483.69
28490,5,293.15
28491,2,60.37
28492,8,63.89
28493,10,450.05
28494,4,208.82
28495,9,363.12
28496,4,240.9
28497,6,310.7
28498,1,379.87
28499,3,164.88
28500,10,218.78
28501,5,265.36
28502,4,141.85
28503,4,352.34
28504,10,466.31
28505,8,275.08
28506,7,318.07
28507,2,174.25
28508,3,406.63
28509,10,348.04
28510,6,339.85
28511,10,381.83
28512,6,403.57
28513,2,395.94
28514,5,225.27
28515,8,35.29
28516,8,492.59
28517,10,408.01
28518,1,123.77
28519,4,117.28
28520,4,452.34
28521,10,82.79
28522,8,97.97
28523,5,15.39
28524,6,379.12
28525,2,192.7
28526,9,481.52
28527,9,326.4
28528,7,216.03
28529,2,491.88
28530,5,336.69
28531,9,238.48
28532,7,63.86
28533,6,158.91
28534,2,65.09
28535,9,382.33
28536,10,404.88
28537,10,135.83
28538,2,315.74
28539,7,169.37
28540,10,174.54
28541,8,110.59
28542,7,330.55
28543,7,159.68
28544,2,146.51
28545,2,116.82
28546,8,451.62
28547,1,495.7
28548,1,352.97
28549,10,277.94
28550,2,414.63
28551,1,449.58
28552,4,282.06
28553,3,144.11
28554,5,125.25
28555,7,180.19
28556,5,483.01
28557,10,413.29
28558,6,49.34
28559,9,307.85
28560,9,69.05
28561,10,248.69
28562,6,430.77
28563,2,495.52
28564,10,65.27
28565,5,437.53
28566,7,293.76
28567,1,447.33
28568,4,142.16
28569,10,359.72
28570,9,478.15
28571,4,24.02
28572,5,312.34
28573,1,267.01
28574,10,440.43
28575,1,478.42
28576,7,297.41
28577,7,310.48
28578,2,305.41
28579,4,102.22
28580,4,52.02
28581,8,298.66
28582,3,200.78
28583,7,151.15
28584,4,356.73
28585,8,180.02
28586,6,286.32
28587,10,287.77
28588,7,146.26
28589,9,66.51
28590,7,229.23
28591,1,291.86
28592,8,315.69
28593,6,58.0
28594,6,306.6
28595,1,274.75
28596,6,115.42
28597,8,151.76
28598,5,183.39
28599,6,359.27
28600,4,301.04
28601,2,267.36
28602,7,198.76
28603,6,135.48
28604,10,482.64
28605,5,460.15
28606,9,61.94
28607,3,386.79
28608,7,263.43
28609,9,368.72
28610,1,239.79
28611,9,437.86
28612,4,96.16
28613,2,303.13
28614,1,317.81
28615,4,21.21
28616,9,69.13
28617,7,73.0
28618,3,170.26
28619,9,276.69
28620,2,326.94
28621,10,328.64
28622,3,371.49
28623,8,215.13
28624,6,427.13
28625,9,24.44
28626,9,431.23
28627,5,72.14
28628,7,239.47
28629,1,39.94
28630,3,404.19
28631,6,308.05
28632,7,164.63
28633,2,99.98
28634,5,156.15
28635,6,277.08
28636,8,288.41
28637,6,52.98
28638,7,41.25
28639,10,428.34
28640,10,18.74
28641,2,493.32
28642,5,23.75
28643,10,478.85
28644,6,158.73
28645,5,162.52
28646,10,217.16
28647,6,80.89
28648,2,216.29
28649,4,280.31
28650,10,233.81
28651,4,399.14
28652,1,234.17
28653,7,201.28
28654,7,248.17
28655,3,424.96
28656,5,99.05
28657,4,60.86
28658,6,245.6
28659,10,251.98
28660,7,461.32
28661,6,393.96
28662,2,60.21
28663,3,145.95
28664,1,399.89
28665,8,279.82
28666,7,119.63
28667,1,341.05
28668,10,216.54
28669,9,33.92
28670,2,288.72
28671,3,235.17
28672,7,213.41
28673,4,429.71
28674,10,326.61
28675,6,98.3
28676,7,10.6
28677,8,498.72
28678,8,94.97
28679,7,178.22
28680,9,42.99
28681,4,72.32
28682,7,58.31
28683,6,331.29
28684,5,469.5
28685,8,461.01
28686,1,50.29
28687,9,72.73
28688,4,326.59
28689,3,325.39
28690,1,35.25
28691,6,432.5
28692,4,31.11
28693,7,240.81
28694,5,18.37
28695,8,56.01
28696,6,117.84
28697,2,382.49
28698,6,207.77
28699,9,117.76
28700,7,97.08
28701,9,442.08
28702,6,104.73
28703,2,390.56
28704,5,276.03
28705,4,126.5
28706,5,285.73
28707,2,178.86
28708,10,213.33
28709,6,476.11
28710,8,378.32
28711,7,198.16
28712,10,112.53
28713,1,111.67
28714,3,88.88
28715,7,381.5
28716,9,359.33
28717,9,32.71
28718,1,56.87
28719,3,435.98
28720,2,417.59
28721,6,174.75
28722,5,484.76
28723,2,449.87
28724,6,59.21
28725,2,276.92
28726,4,481.7
28727,4,152.28
28728,2,239.89
28729,2,300.52
28730,5,140.41
28731,6,318.45
28732,8,448.8
28733,7,464.69
28734,7,83.77
28735,4,211.38
28736,2,60.18
28737,2,377.4
28738,1,121.8
28739,6,348.08
28740,8,349.06
28741,2,319.71
28742,8,176.98
28743,6,489.95
28744,10,363.35
28745,3,112.01
28746,1,33.18
28747,3,100.61
28748,3,73.24
28749,8,54.87
28750,7,162.45
28751,4,334.41
28752,4,370.62
28753,6,458.89
28754,10,315.06
28755,8,317.17
28756,3,459.74
28757,2,43.67
28758,3,479.7
28759,10,89.23
28760,1,420.83
28761,10,466.26
28762,10,114.04
28763,1,216.62
28764,8,220.19
28765,5,71.58
28766,2,366.57
28767,2,254.35
28768,4,46.83
28769,2,29.66
28770,2,25.13
28771,5,202.26
28772,1,412.15
28773,3,327.67
28774,1,162.56
28775,6,415.75
28776,7,272.07
28777,7,357.93
28778,2,20.23
28779,9,422.51
28780,6,113.17
28781,3,76.37
28782,9,122.75
28783,10,453.86
28784,10,14.0
28785,6,396.73
28786,3,160.68
28787,9,276.46
28788,1,250.94
28789,7,303.3
28790,7,184.88
28791,8,399.23
28792,6,162.82
28793,10,182.73
28794,10,477.94
28795,9,287.74
28796,5,217.62
28797,2,91.43
28798,5,177.82
28799,4,136.99
28800,5,295.16
28801,2,475.08
28802,7,26.69
28803,9,140.03
28804,8,276.62
28805,2,283.43
28806,3,90.04
28807,5,342.72
28808,10,401.18
28809,5,232.51
28810,5,272.58
28811,9,184.0
28812,7,391.37
28813,5,157.59
28814,6,49.38
28815,5,96.79
28816,6,237.1
28817,10,374.04
28818,2,135.79
28819,7,361.77
28820,8,41.47
28821,4,396.76
28822,2,142.21
28823,9,73.53
28824,7,395.03
28825,7,66.48
28826,3,113.67
28827,10,182.28
28828,5,189.79
28829,3,449.2
28830,10,391.36
28831,4,226.33
28832,1,413.81
28833,8,226.29
28834,4,39.53
28835,10,481.64
28836,8,285.2
28837,4,427.94
28838,10,365.17
28839,5,206.16
28840,7,88.84
28841,8,178.39
28842,4,285.95
28843,10,52.73
28844,10,476.41
28845,9,466.99
28846,9,468.08
28847,10,413.34
28848,9,421.87
28849,4,442.84
28850,6,16.45
28851,4,314.98
28852,5,270.79
28853,6,176.47
28854,6,28.04
28855,9,68.29
28856,2,345.5
28857,5,213.11
28858,8,484.9
28859,6,203.69
28860,7,88.91
28861,8,468.02
28862,7,463.72
28863,8,439.02
28864,3,161.78
28865,9,415.82
28866,5,141.87
28867,6,210.67
28868,6,50.81
28869,5,300.46
28870,8,178.05
28871,1,44.15
28872,5,198.61
28873,4,129.61
28874,5,167.51
28875,5,173.49
28876,1,53.74
28877,3,78.5
28878,10,487.31
28879,9,327.05
28880,9,155.49
28881,2,110.19
28882,3,486.23
28883,6,439.24
28884,4,37.4
28885,10,265.0
28886,4,21.66
28887,10,353.69
28888,3,84.25
28889,1,90.81
28890,5,439.72
28891,8,219.09
28892,10,224.95
28893,7,436.69
28894,4,351.4
28895,3,280.82
28896,7,356.67
28897,8,151.87
28898,1,336.45
28899,10,473.07
28900,8,248.99
28901,6,348.49
28902,5,294.37
28903,7,100.79
28904,10,181.52
28905,1,368.05
28906,3,54.47
28907,6,172.88
28908,4,35.38
28909,3,175.67
28910,5,345.44
28911,4,221.51
28912,5,200.53
28913,10,119.1
28914,1,218.83
28915,6,458.7
28916,5,152.33
28917,4,318.62
28918,5,262.36
28919,3,68.57
28920,10,366.3
28921,6,476.72
28922,8,98.47
28923,6,193.74
28924,4,89.74
28925,7,407.13
28926,9,421.51
28927,6,165.43
28928,3,199.88
28929,10,149.72
28930,6,16.73
28931,9,410.03
28932,7,36.35
28933,3,82.91
28934,9,256.42
28935,10,292.54
28936,10,83.39
28937,9,320.79
28938,9,368.12
28939,7,439.48
28940,9,293.46
28941,1,58.0
28942,7,319.89
28943,6,470.89
28944,3,269.82
28945,5,477.98
28946,4,25.67
28947,3,333.52
28948,7,60.58
28949,5,435.39
28950,2,221.76
28951,4,329.78
28952,1,235.65
28953,3,253.33
28954,5,355.67
28955,1,32.09
28956,6,35.94
28957,10,153.96
28958,1,444.4
28959,8,289.36
28960,4,305.03
28961,8,242.11
28962,9,261.17
28963,2,33.1
28964,5,258.83
28965,10,59.15
28966,6,388.42
28967,1,373.17
28968,5,93.62
28969,5,282.5
28970,8,266.13
28971,1,161.07
28972,5,254.72
28973,2,137.54
28974,9,431.17
28975,9,236.84
28976,10,382.11
28977,2,168.4
28978,7,308.84
28979,3,75.56
28980,2,468.16
28981,4,233.49
28982,10,26.6
28983,2,205.0
28984,9,148.16
28985,1,160.99
28986,8,424.92
28987,4,122.58
28988,10,348.88
28989,10,161.83
28990,10,59.03
28991,2,452.85
28992,10,101.13
28993,9,157.97
28994,8,440.91
28995,7,250.26
28996,8,146.3
28997,7,174.7
28998,8,147.16
28999,7,370.14
29000,8,282.35
29001,7,110.93
29002,8,59.65
29003,5,125.91
29004,2,330.0
29005,2,56.25
29006,7,404.51
29007,6,297.95
29008,6,495.38
29009,3,162.25
29010,8,67.66
29011,9,252.02
29012,8,278.34
29013,6,209.32
29014,4,143.71
29015,4,94.91
29016,2,14.93
29017,2,23.26
29018,9,266.48
29019,2,394.62
29020,10,336.8
29021,2,142.23
29022,1,51.57
29023,3,32.27
29024,2,327.0
29025,5,239.03
29026,9,55.69
29027,6,346.41
29028,10,223.73
29029,10,436.22
29030,5,444.2
29031,4,391.57
29032,1,101.19
29033,2,94.68
29034,6,403.8
29035,9,85.52
29036,8,377.27
29037,9,484.56
29038,8,31.17
29039,3,236.06
29040,6,229.82
29041,4,210.76
29042,5,90.16
29043,5,97.45
29044,5,342.68
29045,1,474.19
29046,7,316.02
29047,2,318.35
29048,5,205.26
29049,7,307.21
29050,3,461.7
29051,1,247.06
29052,3,290.14
29053,3,74.46
29054,4,353.39
29055,9,327.5
29056,1,259.3
29057,7,471.58
29058,4,111.96
29059,5,379.9
29060,5,181.7
29061,10,225.34
29062,6,438.32
29063,1,278.98
29064,10,447.85
29065,1,347.22
29066,9,362.45
29067,6,200.8
29068,10,255.79
29069,3,282.99
29070,5,10.94
29071,3,230.86
29072,4,215.75
29073,3,332.92
29074,9,485.08
29075,5,312.79
29076,5,63.31
29077,5,405.74
29078,8,303.74
29079,5,150.31
29080,6,50.15
29081,4,448.88
29082,10,91.7
29083,1,419.89
29084,7,20.32
29085,9,387.43
29086,3,132.07
29087,9,81.81
29088,1,16.76
29089,3,301.1
29090,9,14.2
29091,8,368.07
29092,9,78.07
29093,5,216.75
29094,6,109.24
29095,10,82.25
29096,3,476.77
29097,2,72.61
29098,9,60.71
29099,10,20.23
29100,6,411.6
29101,4,389.06
29102,3,361.28
29103,3,121.55
29104,8,80.38
29105,5,136.93
29106,5,44.99
29107,7,426.33
29108,9,115.0
29109,9,467.72
29110,2,134.6
29111,9,296.21
29112,10,142.8
29113,3,495.49
29114,3,115.16
29115,4,72.18
29116,9,470.32
29117,5,218.24
29118,7,68.54
29119,10,287.87
29120,2,32.24
29121,2,385.38
29122,7,106.44
29123,2,127.54
29124,4,228.59
29125,6,360.68
29126,3,49.54
29127,5,178.92
29128,6,414.45
29129,5,228.83
29130,3,244.26
29131,1,437.91
29132,9,454.99
29133,10,495.55
29134,5,388.41
29135,3,455.2
29136,6,310.52
29137,8,108.31
29138,4,250.89
29139,9,431.24
29140,6,327.4
29141,9,113.89
29142,8,421.52
29143,4,81.08
29144,1,378.36
29145,1,206.08
29146,1,417.06
29147,9,130.8
29148,8,248.88
29149,7,375.87
29150,7,246.66
29151,6,477.61
29152,6,294.96
29153,8,453.36
29154,2,366.32
29155,6,239.23
29156,4,120.88
29157,6,497.95
29158,9,113.82
29159,10,483.58
29160,3,130.86
29161,10,458.12
29162,5,392.85
29163,1,170.0
29164,10,368.39
29165,8,196.11
29166,2,476.45
29167,3,237.03
29168,9,68.7
29169,1,236.09
29170,7,85.82
29171,9,27.63
29172,10,400.81
29173,6,87.55
29174,5,331.94
29175,8,170.58
29176,2,436.34
29177,4,450.0
29178,8,84.1
29179,2,243.19
29180,1,41.18
29181,8,167.38
29182,6,173.14
29183,7,232.79
29184,5,245.16
29185,6,64.82
29186,7,232.12
29187,5,434.58
29188,5,348.91
29189,10,397.19
29190,10,494.0
29191,8,475.11
29192,7,249.22
29193,8,264.49
29194,9,35.63
29195,1,406.95
29196,5,492.23
29197,10,425.88
29198,4,340.51
29199,1,489.36
29200,1,284.43
29201,4,158.3
29202,9,245.11
29203,2,391.91
29204,6,397.1
29205,1,496.37
29206,4,312.34
29207,4,36.84
29208,4,259.68
29209,1,103.28
29210,6,142.04
29211,2,415.17
29212,4,226.1
29213,4,63.57
29214,10,190.88
29215,1,399.43
29216,5,279.91
29217,9,317.2
29218,9,63.08
29219,10,275.15
29220,6,286.92
29221,10,236.61
29222,3,350.16
29223,10,75.26
29224,8,267.34
29225,10,299.31
29226,9,125.29
29227,10,423.51
29228,7,113.23
29229,10,56.13
29230,1,215.58
29231,1,145.45
29232,7,416.94
29233,9,213.22
29234,4,454.82
29235,4,275.99
29236,7,293.61
29237,10,379.73
29238,9,202.53
29239,1,239.17
29240,7,352.27
29241,9,377.39
29242,5,143.56
29243,5,297.44
29244,2,277.4
29245,2,30.72
29246,6,138.73
29247,3,225.77
29248,3,168.24
29249,8,121.99
29250,2,496.03
29251,1,267.46
29252,3,175.36
29253,5,95.95
29254,4,18.09
29255,3,323.92
29256,8,464.47
29257,3,247.55
29258,6,87.53
29259,6,422.87
29260,3,248.7
29261,3,128.28
29262,2,353.52
29263,4,150.72
29264,7,198.02
29265,4,275.65
29266,7,236.39
29267,6,399.37
29268,8,74.61
29269,8,238.42
29270,10,259.37
29271,5,209.62
29272,6,102.46
29273,5,476.8
29274,6,322.82
29275,8,150.35
29276,1,310.74
29277,9,123.81
29278,9,477.67
29279,10,256.94
29280,2,219.28
29281,5,380.75
29282,7,396.43
29283,10,71.66
29284,2,384.01
29285,8,378.42
29286,7,386.58
29287,6,128.3
29288,10,10.99
29289,9,455.88
29290,2,393.23
29291,1,25.66
29292,8,274.81
29293,2,496.08
29294,9,417.57
29295,3,368.9
29296,4,243.53
29297,5,44.64
29298,9,247.49
29299,1,111.81
29300,3,101.13
29301,1,369.23
29302,2,316.0
29303,4,316.24
29304,3,88.84
29305,5,327.75
29306,6,139.89
29307,6,365.97
29308,5,386.67
29309,8,474.13
29310,8,264.16
29311,8,357.41
29312,3,152.18
29313,8,410.06
29314,8,461.87
29315,2,233.25
29316,1,209.94
29317,7,283.45
29318,8,288.54
29319,10,375.39
29320,3,434.98
29321,7,69.1
29322,8,220.25
29323,9,435.6
29324,4,231.8
29325,2,412.87
29326,3,165.4
29327,10,429.83
29328,4,456.87
29329,9,251.25
29330,8,286.22
29331,10,44.29
29332,9,491.55
29333,3,473.77
29334,3,450.16
29335,4,164.87
29336,9,64.71
29337,7,244.35
29338,1,94.76
29339,7,93.97
29340,6,380.41
29341,2,307.84
29342,4,165.29
29343,3,400.52
29344,9,433.96
29345,5,122.61
29346,3,400.8
29347,3,442.84
29348,9,134.53
29349,2,434.81
29350,6,444.02
29351,3,38.6
29352,5,130.33
29353,1,285.63
29354,2,275.02
29355,9,383.34
29356,2,85.21
29357,8,457.99
29358,7,332.67
29359,7,456.73
29360,8,261.41
29361,1,104.45
29362,2,250.2
29363,10,375.41
29364,1,311.37
29365,4,439.02
29366,8,181.65
29367,4,248.56
29368,9,473.4
29369,5,269.92
29370,5,371.02
29371,2,359.36
29372,7,252.39
29373,10,430.49
29374,2,282.74
29375,6,43.46
29376,3,11.4
29377,5,496.03
29378,7,181.63
29379,9,174.63
29380,10,138.56
29381,6,468.7
29382,9,152.11
29383,6,320.57
29384,10,425.26
29385,5,36.71
29386,2,33.03
29387,8,188.15
29388,3,278.91
29389,10,312.43
29390,3,78.2
29391,6,241.57
29392,6,33.18
29393,3,174.8
29394,4,448.26
29395,2,334.42
29396,3,479.8
29397,3,192.68
29398,5,341.95
29399,10,406.48
29400,6,316.35
29401,4,343.67
29402,8,292.52
29403,9,74.93
29404,5,392.99
29405,8,483.72
29406,3,126.48
29407,7,226.45
29408,8,264.88
29409,10,15.36
29410,8,166.48
29411,2,209.49
29412,9,12.19
29413,7,98.7
29414,8,314.54
29415,5,16.38
29416,10,419.66
29417,1,234.9
29418,8,362.92
29419,3,312.47
29420,2,254.77
29421,5,271.08
29422,4,205.98
29423,5,320.86
29424,6,158.82
29425,1,342.63
29426,3,301.6
29427,10,187.41
29428,6,19.47
29429,6,376.25
29430,5,284.6
29431,2,490.64
29432,5,289.61
29433,3,273.49
29434,6,359.43
29435,1,357.45
29436,3,420.33
29437,4,488.02
29438,2,50.18
29439,8,388.9
29440,9,321.02
29441,4,213.61
29442,4,463.55
29443,1,181.56
29444,5,201.92
29445,1,242.54
29446,5,122.14
29447,2,248.6
29448,10,103.82
29449,8,88.64
29450,2,441.24
29451,1,275.15
29452,5,170.04
29453,4,462.9
29454,2,380.2
29455,5,228.96
29456,10,487.0
29457,2,385.56
29458,7,174.52
29459,9,272.36
29460,10,306.65
29461,6,498.53
29462,9,409.03
29463,4,444.98
29464,10,304.53
29465,8,497.2
29466,9,421.18
29467,7,358.55
29468,9,321.12
29469,10,208.28
29470,2,61.4
29471,9,479.25
29472,9,281.31
29473,5,325.53
29474,8,105.13
29475,3,50.91
29476,8,497.12
29477,6,153.75
29478,8,149.74
29479,8,462.6
29480,8,21.44
29481,1,265.25
29482,6,371.44
29483,9,363.6
29484,4,162.91
29485,6,432.3
29486,5,378.87
29487,4,465.13
29488,8,355.95
29489,5,50.33
29490,2,365.75
29491,6,218.64
29492,3,241.66
29493,1,457.64
29494,6,410.16
29495,7,89.31
29496,7,445.0
29497,10,286.6
29498,2,274.52
29499,6,71.63
29500,10,83.24
29501,1,283.55
29502,5,205.04
29503,2,216.96
29504,5,466.82
29505,7,29.14
29506,7,320.95
29507,10,391.74
29508,3,126.99
29509,6,171.18
29510,9,113.19
29511,9,108.81
29512,4,121.1
29513,2,139.08
29514,4,328.92
29515,6,426.96
29516,9,169.1
29517,10,346.04
29518,9,402.57
29519,3,375.22
29520,7,220.52
29521,6,111.74
29522,8,309.17
29523,2,27.13
29524,1,20.51
29525,9,467.06
29526,1,29.23
29527,4,448.98
29528,7,205.6
29529,2,238.58
29530,1,258.98
29531,9,414.25
29532,5,161.14
29533,10,460.27
29534,10,447.47
29535,7,486.71
29536,3,477.16
29537,8,391.3
29538,6,11.72
29539,10,383.95
29540,3,183.69
29541,2,85.52
29542,10,67.05
29543,4,190.53
29544,8,170.57
29545,10,490.3
29546,3,488.34
29547,2,479.89
29548,8,433.51
29549,7,454.94
29550,7,91.94
29551,3,306.96
29552,4,114.17
29553,1,63.61
29554,1,384.28
29555,8,442.53
29556,1,66.63
29557,8,379.71
29558,5,161.17
29559,1,274.22
29560,5,495.4
29561,7,140.01
29562,2,248.81
29563,6,14.67
29564,9,381.93
29565,4,56.63
29566,3,480.61
29567,4,66.49
29568,6,428.35
29569,4,143.63
29570,8,194.88
29571,2,420.14
29572,5,45.04
29573,1,421.46
29574,4,231.74
29575,2,156.1
29576,7,147.3
29577,7,350.42
29578,9,345.8
29579,9,101.64
29580,4,308.68
29581,8,340.24
29582,4,477.11
29583,3,228.17
29584,7,25.75
29585,9,152.04
29586,10,470.04
29587,7,115.57
29588,6,189.52
29589,6,331.21
29590,1,43.33
29591,2,332.28
29592,10,406.42
29593,5,462.96
29594,10,360.3
29595,6,73.3
29596,4,443.68
29597,6,292.58
29598,4,472.44
29599,2,389.13
29600,7,188.75
29601,10,367.89
29602,1,175.0
29603,10,431.33
29604,5,186.81
29605,10,288.12
29606,5,163.39
29607,2,12.22
29608,1,323.55
29609,4,257.15
29610,8,10.81
29611,8,45.69
29612,7,20.86
29613,5,471.8
29614,2,79.18
29615,2,404.2
29616,1,26.61
29617,7,275.25
29618,10,241.05
29619,3,49.62
29620,1,267.87
29621,9,221.49
29622,5,95.9
29623,6,356.73
29624,9,198.05
29625,3,99.58
29626,10,37.03
29627,6,405.34
29628,5,405.13
29629,8,53.37
29630,6,482.08
29631,7,253.96
29632,10,368.74
29633,10,116.09
29634,7,379.49
29635,1,238.16
29636,1,418.27
29637,5,342.97
29638,8,79.44
29639,4,173.87
29640,9,481.96
29641,4,474.02
29642,10,336.79
29643,6,50.48
29644,6,321.48
29645,1,159.04
29646,8,21.37
29647,5,265.32
29648,1,346.68
29649,8,201.46
29650,8,438.89
29651,3,187.35
29652,4,277.62
29653,8,422.87
29654,5,115.84
29655,4,86.43
29656,7,383.67
29657,3,434.4
29658,6,38.61
29659,4,159.0
29660,4,233.18
29661,3,448.74
29662,4,429.85
29663,2,137.43
29664,7,135.74
29665,8,188.1
29666,1,131.99
29667,1,399.04
29668,6,372.43
29669,2,275.3
29670,3,40.23
29671,10,252.55
29672,1,408.9
29673,2,349.15
29674,1,145.36
29675,5,116.03
29676,1,188.15
29677,1,296.12
29678,1,410.63
29679,10,448.54
29680,4,411.77
29681,1,335.17
29682,7,351.47
29683,1,367.24
29684,8,439.8
29685,7,256.87
29686,9,202.22
29687,6,265.49
29688,5,86.19
29689,6,100.68
29690,8,225.52
29691,9,182.32
29692,6,189.44
29693,7,422.32
29694,5,162.74
29695,3,294.85
29696,8,251.91
29697,1,52.35
29698,4,81.75
29699,6,73.94
29700,7,414.12
29701,5,308.8
29702,3,430.47
29703,3,54.18
29704,7,38.43
29705,6,95.6
29706,9,398.09
29707,5,308.45
29708,8,47.1
29709,5,99.0
29710,1,368.27
29711,4,335.63
29712,8,441.78
29713,8,315.18
29714,2,96.64
29715,1,152.05
29716,4,263.5
29717,4,193.76
29718,4,497.39
29719,8,175.59
29720,6,110.0
29721,8,108.05
29722,5,457.31
29723,8,328.59
29724,4,40.57
29725,7,166.94
29726,9,184.46
29727,3,232.48
29728,7,495.72
29729,5,462.66
29730,7,429.66
29731,10,297.52
29732,2,179.2
29733,9,289.29
29734,4,321.33
29735,4,359.1
29736,9,464.14
29737,9,466.16
29738,5,337.98
29739,5,322.4
29740,3,472.77
29741,9,428.57
29742,4,210.03
29743,8,210.8
29744,10,20.34
29745,6,21.56
29746,7,48.5
29747,6,474.36
29748,6,188.27
29749,2,31.25
29750,5,405.23
29751,9,70.09
29752,9,206.69
29753,10,437.75
29754,2,52.33
29755,9,268.6
29756,1,41.43
29757,2,369.65
29758,8,418.6
29759,10,233.55
29760,1,413.59
29761,3,442.28
29762,9,114.76
29763,2,184.5
29764,7,92.65
29765,5,101.2
29766,7,33.8
29767,2,391.24
29768,7,316.24
29769,8,214.56
29770,1,178.22
29771,4,173.51
29772,3,428.64
29773,9,395.75
29774,2,306.27
29775,5,358.06
29776,2,295.17
29777,1,349.3
29778,4,94.83
29779,2,25.76
29780,8,393.02
29781,3,176.64
29782,8,189.07
29783,3,69.01
29784,3,127.65
29785,1,405.39
29786,4,431.69
29787,9,310.45
29788,1,169.07
29789,5,478.02
29790,4,497.05
29791,2,227.0
29792,2,371.2
29793,5,421.81
29794,7,112.67
29795,2,397.32
29796,9,349.03
29797,8,437.06
29798,2,287.51
29799,8,271.92
29800,4,181.41
29801,6,157.45
29802,5,187.2
29803,4,63.53
29804,2,118.95
29805,2,82.83
29806,5,452.02
29807,1,479.89
29808,10,294.28
29809,4,135.4
29810,2,125.62
29811,1,466.88
29812,5,349.32
29813,8,450.22
29814,7,134.54
29815,8,63.69
29816,9,419.7
29817,7,348.98
29818,10,142.31
29819,7,278.68
29820,2,102.83
29821,5,440.07
29822,4,379.31
29823,5,280.88
29824,1,391.56
29825,3,392.71
29826,8,384.6
29827,5,367.41
29828,6,336.55
29829,9,145.74
29830,9,157.65
29831,3,74.76
29832,8,362.69
29833,7,346.1
29834,3,56.94
29835,1,217.54
29836,7,438.37
29837,3,174.52
29838,8,299.41
29839,5,134.67
29840,5,181.93
29841,2,358.96
29842,10,28.74
29843,8,249.51
29844,3,42.02
29845,1,426.86
29846,9,104.21
29847,7,112.21
29848,5,154.67
29849,8,60.39
29850,9,135.54
29851,6,227.74
29852,6,498.79
29853,3,407.52
29854,8,491.89
29855,6,113.27
29856,5,287.1
29857,8,71.52
29858,5,493.0
29859,7,264.9
29860,9,421.22
29861,4,91.28
29862,6,425.87
29863,4,174.96
29864,3,478.99
29865,3,229.17
29866,8,138.16
29867,7,323.45
29868,1,104.31
29869,9,134.85
29870,2,117.67
29871,8,444.56
29872,6,268.65
29873,8,441.09
29874,8,366.86
29875,3,89.7
29876,2,426.15
29877,3,489.65
29878,1,26.44
29879,5,15.98
29880,3,115.25
29881,5,75.1
29882,1,101.99
29883,9,244.5
29884,4,280.98
29885,6,460.47
29886,4,185.87
29887,1,398.98
29888,3,57.52
29889,7,127.54
29890,4,207.43
29891,7,287.26
29892,4,209.48
29893,6,258.8
29894,10,460.93
29895,10,44.74
29896,10,245.02
29897,6,427.49
29898,2,421.41
29899,5,153.94
29900,6,365.62
29901,4,351.17
29902,10,201.04
29903,8,103.05
29904,6,294.96
29905,3,275.4
29906,2,256.7
29907,9,267.42
29908,7,63.31
29909,7,206.03
29910,4,408.63
29911,3,398.55
29912,1,305.58
29913,2,176.19
29914,2,195.77
29915,3,154.71
29916,8,233.59
29917,6,341.91
29918,5,336.77
29919,2,44.62
29920,5,443.08
29921,7,191.91
29922,5,493.85
29923,7,183.15
29924,3,464.83
29925,7,246.41
29926,5,488.3
29927,1,234.43
29928,4,180.73
29929,4,261.62
29930,5,468.65
29931,7,90.49
29932,10,115.92
29933,5,336.69
29934,6,216.76
29935,6,63.21
29936,9,85.23
29937,4,424.48
29938,10,413.0
29939,5,248.6
29940,1,177.65
29941,7,229.26
29942,6,338.3
29943,7,51.04
29944,5,286.64
29945,9,344.87
29946,4,389.12
29947,5,136.54
29948,5,197.13
29949,10,423.23
29950,10,368.67
29951,4,259.53
29952,3,192.1
29953,3,425.38
29954,2,405.64
29955,10,119.63
29956,8,478.29
29957,6,323.2
29958,3,310.43
29959,9,467.84
29960,2,382.67
29961,2,353.88
29962,9,216.69
29963,5,444.03
29964,5,391.54
29965,8,266.84
29966,7,418.54
29967,8,107.71
29968,1,234.18
29969,9,52.46
29970,2,207.92
29971,5,133.0
29972,2,334.95
29973,3,203.01
29974,10,254.07
29975,2,257.13
29976,8,346.4
29977,2,177.99
29978,10,282.49
29979,8,141.38
29980,1,181.86
29981,5,47.85
29982,2,295.65
29983,10,295.7
29984,10,271.76
29985,6,331.75
29986,2,424.79
29987,8,151.44
29988,7,49.15
29989,3,79.51
29990,8,162.04
29991,5,185.36
29992,3,418.99
29993,9,343.05
29994,9,287.2
29995,4,328.38
29996,1,284.2
29997,1,374.21
29998,6,231.92
29999,5,119.65
30000,2,282.72
30001,2,28.15
30002,5,326.53
30003,10,465.14
30004,5,206.99
30005,2,445.59
30006,3,275.62
30007,6,137.18
30008,10,291.71
30009,8,451.54
30010,7,389.59
30011,4,59.11
30012,6,35.77
30013,2,13.86
30014,7,224.35
30015,1,141.59
30016,3,371.29
30017,6,414.49
30018,8,303.4
30019,4,167.88
30020,1,416.81
30021,7,142.72
30022,9,87.79
30023,6,288.56
30024,9,147.15
30025,9,256.34
30026,8,205.22
30027,10,334.79
30028,9,361.85
30029,7,148.46
30030,9,350.04
30031,5,47.17
30032,3,49.43
30033,4,148.04
30034,7,27.12
30035,10,448.55
30036,4,381.03
30037,1,355.97
30038,3,237.29
30039,4,173.7
30040,7,142.48
30041,4,196.96
30042,2,130.43
30043,9,399.72
30044,9,242.37
30045,6,239.95
30046,7,89.23
30047,10,258.38
30048,8,369.08
30049,5,256.85
30050,1,371.84
30051,1,288.67
30052,5,211.81
30053,5,193.92
30054,10,146.98
30055,4,492.15
30056,9,436.39
30057,6,208.41
30058,1,69.97
30059,7,256.5
30060,9,459.82
30061,7,232.71
30062,8,268.09
30063,6,123.1
30064,3,160.39
30065,8,385.45
30066,4,310.45
30067,1,121.21
30068,7,466.75
30069,10,289.62
30070,4,71.69
30071,1,131.47
30072,9,463.47
30073,7,492.32
30074,6,363.48
30075,5,492.29
30076,4,433.86
30077,9,107.85
30078,9,14.19
30079,4,231.54
30080,8,45.66
30081,7,167.75
30082,9,20.46
30083,5,478.45
30084,2,348.23
30085,1,133.16
30086,7,175.54
30087,6,195.14
30088,7,201.02
30089,7,377.11
30090,4,201.47
30091,9,336.98
30092,2,112.34
30093,10,80.05
30094,3,443.43
30095,4,431.91
30096,5,484.35
30097,3,57.45
30098,4,251.12
30099,10,279.0
30100,3,452.83
30101,5,324.91
30102,8,285.78
30103,4,254.21
30104,1,458.57
30105,2,95.47
30106,4,174.23
30107,8,418.42
30108,10,407.81
30109,4,372.68
30110,8,357.08
30111,6,302.56
30112,2,97.58
30113,3,298.93
30114,10,73.6
30115,3,445.12
30116,2,124.84
30117,8,17.1
30118,5,167.34
30119,8,442.35
30120,1,334.41
30121,6,34.19
30122,8,355.89
30123,10,322.87
30124,2,491.16
30125,10,86.15
30126,3,106.19
30127,7,294.11
30128,5,315.37
30129,9,421.68
30130,7,284.87
30131,2,126.91
30132,1,346.98
30133,4,470.43
30134,9,106.88
30135,4,459.74
30136,8,376.12
30137,4,472.71
30138,7,44.38
30139,1,149.09
30140,7,47.51
30141,5,443.76
30142,7,52.74
30143,6,272.61
30144,9,64.49
30145,2,15.73
30146,10,305.16
30147,3,401.39
30148,10,100.35
30149,4,41.11
30150,10,250.31
30151,9,293.92
30152,6,359.78
30153,9,495.08
30154,4,325.68
30155,3,30.53
30156,1,497.89
30157,9,303.6
30158,9,347.33
30159,1,245.58
30160,4,82.48
30161,3,330.41
30162,8,157.0
30163,8,264.23
30164,1,54.42
30165,5,141.06
30166,1,259.39
30167,9,109.69
30168,5,132.68
30169,6,131.6
30170,5,77.94
30171,10,381.46
30172,2,405.62
30173,9,172.46
30174,5,243.02
30175,8,31.23
30176,4,296.04
30177,9,338.47
30178,4,49.98
30179,10,42.22
30180,8,457.26
30181,10,434.39
30182,1,153.16
30183,4,372.08
30184,8,386.94
30185,3,465.06
30186,4,485.0
30187,2,23.79
30188,3,491.71
30189,5,80.73
30190,1,167.79
30191,7,109.64
30192,1,459.32
30193,3,217.66
30194,9,153.78
30195,2,473.48
30196,8,398.71
30197,8,395.91
30198,9,309.38
30199,2,347.99
30200,7,320.53
30201,8,353.94
30202,10,478.98
30203,3,364.7
30204,1,157.68
30205,10,251.28
30206,9,317.91
30207,1,475.11
30208,5,41.05
30209,1,268.28
30210,3,178.6
30211,10,321.38
30212,4,33.19
30213,6,57.37
30214,8,212.65
30215,3,424.03
30216,6,449.09
30217,6,444.86
30218,9,261.76
30219,1,161.9
30220,7,471.4
30221,6,144.41
30222,10,21.79
30223,1,257.93
30224,10,372.87
30225,2,242.62
30226,1,458.04
30227,3,405.57
30228,5,244.89
30229,1,445.96
30230,8,283.86
30231,8,172.42
30232,3,199.4
30233,3,91.05
30234,9,437.6
30235,5,66.67
30236,4,342.58
30237,6,280.48
30238,1,432.23
30239,2,39.21
30240,8,376.62
30241,1,23.77
30242,4,414.43
30243,6,275.93
30244,4,172.01
30245,1,223.95
30246,8,162.0
30247,2,373.4
30248,6,241.95
30249,1,448.0
30250,9,108.82
30251,9,497.69
30252,1,139.29
30253,7,58.96
30254,4,177.43
30255,5,117.72
30256,5,296.6
30257,2,360.44
30258,9,290.44
30259,5,414.09
30260,6,231.78
30261,5,328.98
30262,5,364.47
30263,4,494.87
30264,1,143.39
30265,1,116.33
30266,1,336.52
30267,6,278.29
30268,2,255.43
30269,6,334.69
30270,6,125.74
30271,1,428.77
30272,7,71.46
30273,3,186.73
30274,9,335.15
30275,10,403.87
30276,5,310.0
30277,10,330.81
30278,5,389.08
30279,8,468.04
30280,4,114.73
30281,3,409.02
30282,10,437.15
30283,9,196.7
30284,6,174.77
30285,9,177.1
30286,1,429.22
30287,3,14.78
30288,9,18.84
30289,4,276.55
30290,5,380.17
30291,10,439.11
30292,3,230.46
30293,6,42.01
30294,3,478.24
30295,5,204.14
30296,2,277.61
30297,6,440.44
30298,10,58.71
30299,7,65.52
30300,3,31.85
30301,5,29.91
30302,8,298.91
30303,9,465.22
30304,5,18.93
30305,8,412.62
30306,2,402.77
30307,7,319.3
30308,2,370.63
30309,9,365.34
30310,4,389.96
30311,8,404.52
30312,5,417.86
30313,10,220.9
30314,3,56.71
30315,6,118.56
30316,4,426.4
30317,8,433.22
30318,6,109.0
30319,8,491.21
30320,3,410.43
30321,9,194.06
30322,3,468.31
30323,3,135.13
30324,1,449.84
30325,1,26.12
30326,6,291.2
30327,8,421.19
30328,6,429.72
30329,2,271.19
30330,6,28.77
30331,1,100.67
30332,9,241.74
30333,5,16.26
30334,9,299.74
30335,6,490.63
30336,8,491.52
30337,9,364.03
30338,3,458.49
30339,6,49.72
30340,9,469.2
30341,1,356.71
30342,3,404.24
30343,5,98.81
30344,5,296.85
30345,9,357.46
30346,5,45.6
30347,4,470.61
30348,5,438.91
30349,8,239.49
30350,10,465.68
30351,8,324.87
30352,7,309.94
30353,4,312.65
30354,3,12.81
30355,6,416.06
30356,6,372.99
30357,8,12.73
30358,5,408.32
30359,4,371.03
30360,4,15.44
30361,4,132.57
30362,5,282.08
30363,6,453.05
30364,9,459.72
30365,3,348.41
30366,9,240.52
30367,5,118.04
30368,8,454.2
30369,4,64.58
30370,5,319.03
30371,1,79.96
30372,1,121.38
30373,1,34.82
30374,2,397.57
30375,1,118.82
30376,2,44.41
30377,5,16.11
30378,6,193.12
30379,10,239.41
30380,7,92.43
30381,7,454.08
30382,5,257.92
30383,5,124.8
30384,1,173.46
30385,5,464.02
30386,8,486.5
30387,6,20.32
30388,9,82.43
30389,4,281.76
30390,9,321.25
30391,9,57.76
30392,7,49.29
30393,8,329.94
30394,10,443.5
30395,9,272.34
30396,1,250.39
30397,3,455.66
30398,2,160.71
30399,4,180.86
30400,5,79.82
30401,5,223.05
30402,9,410.24
30403,4,382.85
30404,9,227.51
30405,1,112.55
30406,3,107.71
30407,4,384.52
30408,3,245.91
30409,5,308.7
30410,4,439.55
30411,3,243.69
30412,5,23.92
30413,7,182.76
30414,9,168.62
30415,3,138.53
30416,9,464.2
30417,3,125.46
30418,4,69.14
30419,9,58.72
30420,6,327.38
30421,9,367.59
30422,6,375.68
30423,2,134.05
30424,9,265.76
30425,3,242.13
30426,8,321.53
30427,5,452.73
30428,1,297.28
30429,5,331.77
30430,8,496.28
30431,9,435.07
30432,2,363.77
30433,3,155.13
30434,1,209.15
30435,2,363.91
30436,7,56.52
30437,4,182.04
30438,8,102.68
30439,4,241.32
30440,3,432.6
30441,6,167.82
30442,7,103.58
30443,9,68.64
30444,5,66.14
30445,6,237.04
30446,8,335.44
30447,9,37.69
30448,8,458.47
30449,10,76.16
30450,4,313.32
30451,7,212.9
30452,3,270.9
30453,6,354.34
30454,5,62.1
30455,1,261.12
30456,3,386.08
30457,8,146.27
30458,8,144.83
30459,7,181.0
30460,10,328.71
30461,10,83.58
30462,6,18.72
30463,7,436.63
30464,4,242.78
30465,4,213.58
30466,4,193.15
30467,4,252.77
30468,3,58.07
30469,7,129.54
30470,8,39.42
30471,1,307.8
30472,6,269.92
30473,1,136.09
30474,9,462.42
30475,7,116.31
30476,4,42.46
30477,3,207.76
30478,6,471.85
30479,8,147.86
30480,5,344.66
30481,10,108.04
30482,7,250.35
30483,6,473.36
30484,2,206.02
30485,9,131.11
30486,1,91.82
30487,9,300.16
30488,5,392.45
30489,10,113.8
30490,10,109.73
30491,10,348.66
30492,7,147.02
30493,10,469.13
30494,6,117.3
30495,6,435.25
30496,3,402.15
30497,6,152.62
30498,7,75.43
30499,7,232.73
30500,2,477.85
30501,9,305.54
30502,3,465.6
30503,8,40.14
30504,4,221.25
30505,10,55.2
30506,7,225.24
30507,3,398.08
30508,2,353.94
30509,8,328.12
30510,8,494.12
30511,10,145.71
30512,2,156.25
30513,8,244.78
30514,3,21.82
30515,5,177.4
30516,4,487.39
30517,8,368.36
30518,7,298.51
30519,8,303.12
30520,7,77.44
30521,7,83.68
30522,5,129.9
30523,7,332.67
30524,1,379.11
30525,4,28.91
30526,8,298.86
30527,3,111.82
30528,4,323.38
30529,9,295.08
30530,2,242.21
30531,8,379.84
30532,6,433.24
30533,4,314.84
30534,2,63.14
30535,8,281.52
30536,2,373.48
30537,3,197.71
30538,10,267.72
30539,8,117.74
30540,2,465.05
30541,6,423.98
30542,10,236.51
30543,5,157.05
30544,7,266.43
30545,1,28.05
30546,5,229.69
30547,5,233.75
30548,10,90.21
30549,4,427.95
30550,7,390.07
30551,2,200.1
30552,7,433.55
30553,10,473.09
30554,9,228.0
30555,3,289.06
30556,9,495.41
30557,7,123.84
30558,7,368.86
30559,8,231.94
30560,7,123.03
30561,7,198.98
30562,6,72.76
30563,4,207.48
30564,1,397.3
30565,8,187.01
30566,1,135.85
30567,9,145.09
30568,4,477.19
30569,4,392.61
30570,10,34.93
30571,2,235.13
30572,3,398.98
30573,3,12.19
30574,8,302.65
30575,8,246.85
30576,10,331.77
30577,9,343.46
30578,2,459.21
30579,3,193.1
30580,2,212.96
30581,5,29.67
30582,3,280.61
30583,1,74.24
30584,9,22.8
30585,3,453.84
30586,3,342.92
30587,5,422.07
30588,7,50.86
30589,7,169.62
30590,8,352.47
30591,6,285.15
30592,7,210.53
30593,3,426.16
30594,6,487.02
30595,1,156.37
30596,4,276.8
30597,9,108.54
30598,10,96.03
30599,9,139.88
30600,10,293.18
30601,2,101.75
30602,7,446.15
30603,2,233.04
30604,5,292.24
30605,6,229.42
30606,5,92.07
30607,4,420.69
30608,10,280.9
30609,5,476.08
30610,8,22.66
30611,6,156.98
30612,3,33.56
30613,10,75.37
30614,5,425.57
30615,7,347.05
30616,3,297.72
30617,7,235.06
30618,10,413.0
30619,8,64.28
30620,10,422.06
30621,2,353.81
30622,7,274.91
30623,8,123.83
30624,2,365.81
30625,1,24.08
30626,2,459.63
30627,10,240.8
30628,7,197.72
30629,1,35.67
30630,3,16.73
30631,4,347.58
30632,7,160.9
30633,3,116.42
30634,3,76.88
30635,6,166.59
30636,3,24.51
30637,5,59.7
30638,5,486.18
30639,7,101.11
30640,2,82.46
30641,1,92.98
30642,5,499.95
30643,1,292.74
30644,2,49.06
30645,4,288.9
30646,7,173.32
30647,6,88.05
30648,6,57.79
30649,7,166.55
30650,10,284.64
30651,7,158.56
30652,10,470.59
30653,1,415.98
30654,3,209.73
30655,9,464.57
30656,8,191.66
30657,8,84.78
30658,4,358.71
30659,2,150.51
30660,4,429.04
30661,7,59.57
30662,4,407.75
30663,9,255.2
30664,6,471.17
30665,10,314.73
30666,8,29.16
30667,10,408.52
30668,1,213.13
30669,10,367.27
30670,9,65.69
30671,10,73.01
30672,8,45.02
30673,5,158.62
30674,1,252.52
30675,2,119.55
30676,7,134.41
30677,9,478.6
30678,1,439.53
30679,7,358.01
30680,9,238.85
30681,6,274.07
30682,1,102.8
30683,2,79.7
30684,8,400.05
30685,8,312.77
30686,1,174.81
30687,9,374.12
30688,6,47.17
30689,9,350.26
30690,10,177.03
30691,5,480.8
30692,10,231.25
30693,1,122.64
30694,8,368.66
30695,8,109.5
30696,9,11.57
30697,1,133.87
30698,2,135.53
30699,4,90.84
30700,7,367.13
30701,10,444.54
30702,5,70.35
30703,1,413.0
30704,3,472.12
30705,3,466.57
30706,1,447.89
30707,9,489.62
30708,6,277.73
30709,3,351.19
30710,4,469.98
30711,5,285.29
30712,9,42.81
30713,4,156.2
30714,3,449.65
30715,2,450.6
30716,8,325.93
30717,7,239.67
30718,8,117.53
30719,6,51.45
30720,5,63.41
30721,7,44.29
30722,4,433.63
30723,3,147.12
30724,3,66.74
30725,10,234.51
30726,3,133.82
30727,8,407.05
30728,7,495.44
30729,8,144.2
30730,4,170.48
30731,4,356.81
30732,1,386.79
30733,7,265.15
30734,5,70.65
30735,8,86.46
30736,4,142.8
30737,7,286.83
30738,8,406.91
30739,5,67.3
30740,3,198.1
30741,1,457.23
30742,2,403.94
30743,6,464.87
30744,9,474.02
30745,10,74.6
30746,10,257.15
30747,1,299.33
30748,3,47.01
30749,4,111.37
30750,8,24.96
30751,6,396.13
30752,1,116.12
30753,9,210.73
30754,1,253.15
30755,10,156.38
30756,1,210.98
30757,9,234.16
30758,5,174.14
30759,3,291.0
30760,2,311.25
30761,3,273.12
30762,6,173.25
30763,7,254.62
30764,4,68.54
30765,1,326.23
30766,3,241.69
30767,7,106.14
30768,5,272.05
30769,8,409.44
30770,6,362.25
30771,2,75.32
30772,1,496.19
30773,7,307.01
30774,6,465.66
30775,3,442.59
30776,2,27.45
30777,10,382.24
30778,4,48.75
30779,2,173.75
30780,7,241.25
30781,9,345.59
30782,10,227.38
30783,2,113.37
30784,2,65.59
30785,3,307.71
30786,9,345.49
30787,9,42.88
30788,5,92.59
30789,4,279.97
30790,6,317.06
30791,5,230.97
30792,7,166.57
30793,6,152.1
30794,6,31.11
30795,9,168.53
30796,5,274.96
30797,6,304.3
30798,1,199.62
30799,1,159.9
30800,10,394.28
30801,8,262.37
30802,9,480.45
30803,10,293.22
30804,10,323.84
30805,9,434.49
30806,5,386.04
30807,1,203.85
30808,3,396.31
30809,10,380.41
30810,1,289.83
30811,6,302.1
30812,1,179.23
30813,3,61.59
30814,10,267.92
30815,10,19.05
30816,1,399.63
30817,8,237.82
30818,4,35.03
30819,9,440.69
30820,6,122.62
30821,3,485.16
30822,4,111.32
30823,7,400.79
30824,8,229.92
30825,6,79.13
30826,8,293.35
30827,6,124.69
30828,5,59.55
30829,3,468.94
30830,8,298.09
30831,2,395.83
30832,3,193.14
30833,4,78.55
30834,6,264.83
30835,9,259.54
30836,5,387.55
30837,1,158.88
30838,2,216.99
30839,8,144.88
30840,3,57.62
30841,2,53.27
30842,6,157.53
30843,5,161.92
30844,9,378.77
30845,1,81.4
30846,5,380.67
30847,2,18.97
30848,2,200.55
30849,9,55.87
30850,1,252.43
30851,4,446.11
30852,8,342.39
30853,8,123.42
30854,10,320.74
30855,6,470.64
30856,5,320.8
30857,7,15.1
30858,4,433.97
30859,3,37.94
30860,1,129.23
30861,3,470.98
30862,5,14.43
30863,5,462.92
30864,2,87.52
30865,8,282.32
30866,7,481.79
30867,4,451.01
30868,5,107.99
30869,2,144.21
30870,6,413.84
30871,2,86.62
30872,1,133.12
30873,2,456.99
30874,9,488.6
30875,9,437.15
30876,7,234.04
30877,6,197.87
30878,7,448.7
30879,9,388.06
30880,4,197.57
30881,4,384.18
30882,3,27.04
30883,5,266.23
30884,2,209.16
30885,6,103.39
30886,10,450.32
30887,10,10.82
30888,9,241.34
30889,1,42.95
30890,5,196.4
30891,9,240.11
30892,1,394.17
30893,3,243.42
30894,4,446.1
30895,3,140.6
30896,7,236.16
30897,4,53.69
30898,7,147.29
30899,6,388.1
30900,9,406.71
30901,3,126.5
30902,5,319.87
30903,10,211.35
30904,10,221.61
30905,5,487.5
30906,8,342.14
30907,8,114.35
30908,3,132.07
30909,3,135.3
30910,10,359.55
30911,3,306.18
30912,2,131.01
30913,3,159.83
30914,1,464.01
30915,2,263.34
30916,10,326.38
30917,7,19.85
30918,7,298.36
30919,3,456.61
30920,5,462.2
30921,1,462.75
30922,7,312.64
30923,9,92.28
30924,2,454.16
30925,7,371.0
30926,2,107.85
30927,4,318.03
30928,9,340.85
30929,2,86.51
30930,6,284.59
30931,1,100.85
30932,7,92.92
30933,10,226.8
30934,8,223.55
30935,5,368.99
30936,1,155.69
30937,5,63.19
30938,3,349.53
30939,7,164.4
30940,3,216.98
30941,7,36.85
30942,7,155.48
30943,1,440.55
30944,1,224.95
30945,5,236.89
30946,7,447.65
30947,1,481.25
30948,6,389.94
30949,4,45.17
30950,4,312.2
30951,8,380.77
30952,4,236.48
30953,8,194.36
30954,10,393.27
30955,8,241.48
30956,8,456.39
30957,3,159.51
30958,3,448.34
30959,3,246.51
30960,5,393.47
30961,2,96.32
30962,9,336.88
30963,7,387.49
30964,2,75.48
30965,9,80.86
30966,2,88.14
30967,10,310.14
30968,9,236.17
30969,10,287.95
30970,5,332.77
30971,9,45.9
30972,5,349.58
30973,1,209.46
30974,9,69.67
30975,8,180.02
30976,2,364.44
30977,5,457.35
30978,9,218.44
30979,4,80.17
30980,9,469.02
30981,9,481.08
30982,9,45.14
30983,7,426.89
30984,5,235.47
30985,7,180.23
30986,7,311.68
30987,9,372.19
30988,6,44.09
30989,3,22.55
30990,5,64.31
30991,3,256.14
30992,8,255.57
30993,5,237.64
30994,8,13.8
30995,7,473.44
30996,7,499.45
30997,1,443.62
30998,3,335.07
30999,4,196.34
31000,8,496.22
31001,7,191.88
31002,4,340.07
31003,2,112.13
31004,8,274.63
31005,6,473.17
31006,3,469.24
31007,6,154.37
31008,4,189.06
31009,2,89.71
31010,1,162.59
31011,9,401.89
31012,7,117.34
31013,9,183.47
31014,10,464.83
31015,3,152.16
31016,1,176.38
31017,1,38.01
31018,6,396.58
31019,1,369.01
31020,7,384.42
31021,1,192.97
31022,9,31.69
31023,6,288.7
31024,5,113.46
31025,9,51.76
31026,9,316.74
31027,4,89.91
31028,6,415.0
31029,1,92.59
31030,2,211.74
31031,7,207.16
31032,1,88.75
31033,9,308.54
31034,3,267.08
31035,2,136.08
31036,9,306.92
31037,6,445.41
31038,10,334.31
31039,2,415.04
31040,8,280.45
31041,6,495.67
31042,9,352.36
31043,7,403.55
31044,2,164.81
31045,9,118.01
31046,7,200.42
31047,5,149.6
31048,4,148.54
31049,5,122.07
31050,4,154.28
31051,3,220.81
31052,8,278.15
31053,5,408.01
31054,7,222.78
31055,2,63.38
31056,6,467.4
31057,7,285.51
31058,2,448.06
31059,1,302.16
31060,7,160.61
31061,1,191.33
31062,9,251.76
31063,7,214.58
31064,2,240.79
31065,9,87.21
31066,10,196.62
31067,2,434.29
31068,5,377.01
31069,8,121.49
31070,8,153.26
31071,9,362.51
31072,3,233.63
31073,8,368.04
31074,3,472.97
31075,8,109.13
31076,2,413.65
31077,10,219.4
31078,10,159.34
31079,6,399.61
31080,3,61.79
31081,5,438.63
31082,7,164.01
31083,10,456.26
31084,9,272.44
31085,4,403.49
31086,7,285.4
31087,5,422.86
31088,9,21.05
31089,7,442.55
31090,5,62.11
31091,5,193.19
31092,10,183.31
31093,6,474.19
31094,8,106.53
31095,2,177.74
31096,7,361.37
31097,10,470.25
31098,8,325.16
31099,9,49.4
31100,7,51.09
31101,1,71.31
31102,4,429.77
31103,8,437.61
31104,7,115.65
31105,2,203.2
31106,10,149.19
31107,10,254.68
31108,10,230.91
31109,9,237.28
31110,7,189.57
31111,7,154.79
31112,8,63.59
31113,2,340.38
31114,8,184.64
31115,4,140.44
31116,10,221.81
31117,10,453.39
31118,10,226.18
31119,6,65.6
31120,8,164.87
31121,4,412.66
31122,5,412.31
31123,1,212.1
31124,3,67.77
31125,10,59.64
31126,7,408.59
31127,3,222.32
31128,7,314.11
31129,7,462.5
31130,3,388.21
31131,8,396.2
31132,9,351.39
31133,4,115.2
31134,3,195.85
31135,4,487.81
31136,4,41.91
31137,7,400.37
31138,3,159.25
31139,7,294.98
31140,2,379.64
31141,1,31.89
31142,8,282.6
31143,10,229.89
31144,7,234.75
31145,6,482.89
31146,10,52.28
31147,5,364.94
31148,8,404.82
31149,1,45.72
31150,10,415.04
31151,9,113.58
31152,10,376.63
31153,5,346.02
31154,5,48.51
31155,7,145.08
31156,1,248.86
31157,2,182.09
31158,1,221.45
31159,7,180.16
31160,3,278.84
31161,4,34.54
31162,5,170.61
31163,8,350.51
31164,9,443.2
31165,9,432.7
31166,6,313.09
31167,3,84.24
31168,3,434.2
31169,1,19.03
31170,7,464.16
31171,6,363.31
31172,10,452.15
31173,8,159.84
31174,2,155.48
31175,3,322.88
31176,2,258.72
31177,1,113.33
31178,5,473.21
31179,1,361.53
31180,9,238.94
31181,3,43.16
31182,8,23.45
31183,7,214.7
31184,8,324.59
31185,1,479.98
31186,9,69.22
31187,8,309.19
31188,3,70.95
31189,7,246.87
31190,3,125.25
31191,5,200.89
31192,6,258.65
31193,7,405.21
31194,10,308.51
31195,1,376.4
31196,2,209.12
31197,7,185.4
31198,2,417.53
31199,7,401.28
31200,3,91.87
31201,3,480.1
31202,1,276.15
31203,2,345.58
31204,3,59.23
31205,1,357.46
31206,6,22.0
31207,10,464.05
31208,4,305.12
31209,5,247.58
31210,4,447.54
31211,9,278.07
31212,5,204.3
31213,9,81.27
31214,8,157.97
31215,8,287.54
31216,5,463.48
31217,5,162.71
31218,2,338.61
31219,8,413.12
31220,7,220.33
31221,7,53.78
31222,10,205.23
31223,2,119.03
31224,4,296.01
31225,3,314.07
31226,1,66.12
31227,10,246.81
31228,7,50.23
31229,4,75.96
31230,2,202.11
31231,9,356.14
31232,9,235.17
31233,7,337.77
31234,1,437.6
31235,6,332.8
31236,2,313.8
31237,9,272.23
31238,1,305.32
31239,5,177.39
31240,9,52.88
31241,8,420.44
31242,10,431.35
31243,10,471.56
31244,1,142.82
31245,1,52.89
31246,9,189.17
31247,1,388.2
31248,3,244.28
31249,2,48.32
31250,9,224.87
31251,7,182.03
31252,7,250.73
31253,3,101.03
31254,2,86.74
31255,7,462.69
31256,1,352.74
31257,9,163.0
31258,1,57.01
31259,10,183.43
31260,10,495.24
31261,3,88.21
31262,5,296.81
31263,5,134.85
31264,5,23.41
31265,7,221.74
31266,2,427.51
31267,10,318.48
31268,3,75.8
31269,10,250.44
31270,7,353.48
31271,5,411.4
31272,7,42.27
31273,4,376.86
31274,9,92.33
31275,6,347.44
31276,2,154.37
31277,3,404.5
31278,2,357.09
31279,3,146.88
31280,7,370.63
31281,6,47.76
31282,3,37.17
31283,1,280.68
31284,2,405.83
31285,8,470.48
31286,1,267.88
31287,2,107.87
31288,4,481.07
31289,5,226.75
31290,4,83.28
31291,5,85.94
31292,1,445.46
31293,6,237.49
31294,4,221.09
31295,10,385.55
31296,10,101.53
31297,8,22.61
31298,3,396.85
31299,8,422.61
31300,10,86.99
31301,1,352.86
31302,7,375.49
31303,10,273.65
31304,2,449.39
31305,2,366.96
31306,3,457.94
31307,4,245.26
31308,3,354.12
31309,2,197.63
31310,2,199.26
31311,8,98.64
31312,8,36.21
31313,3,368.0
31314,2,28.55
31315,3,214.73
31316,2,18.11
31317,4,16.5
31318,4,418.85
31319,1,384.47
31320,10,52.46
31321,4,322.29
31322,10,126.51
31323,5,423.2
31324,6,402.57
31325,4,494.75
31326,2,356.33
31327,9,301.11
31328,4,36.31
31329,4,49.04
31330,10,236.7
31331,10,275.07
31332,8,410.05
31333,9,230.71
31334,8,45.69
31335,1,158.3
31336,4,258.66
31337,7,257.12
31338,1,373.38
31339,1,16.88
31340,8,408.56
31341,8,312.14
31342,5,87.07
31343,8,439.35
31344,1,307.1
31345,8,269.64
31346,6,83.1
31347,4,422.64
31348,10,312.69
31349,2,102.23
31350,9,168.1
31351,5,474.78
31352,4,70.04
31353,8,317.28
31354,5,132.63
31355,6,406.24
31356,2,399.62
31357,6,133.85
31358,3,338.84
31359,4,137.5
31360,1,95.85
31361,9,329.76
31362,6,398.5
31363,2,14.56
31364,9,307.1
31365,2,227.43
31366,1,447.11
31367,8,143.99
31368,6,129.26
31369,6,304.89
31370,10,222.34
31371,7,352.03
31372,9,375.27
31373,3,413.95
31374,6,132.94
31375,8,486.91
31376,6,125.73
31377,9,381.69
31378,9,67.98
31379,8,399.01
31380,9,120.11
31381,4,73.4
31382,8,266.78
31383,2,15.66
31384,2,398.62
31385,3,65.95
31386,10,264.9
31387,8,135.17
31388,5,216.49
31389,4,54.11
31390,9,349.28
31391,6,342.16
31392,2,200.28
31393,10,66.29
31394,10,19.26
31395,1,319.84
31396,5,177.18
31397,10,348.6
31398,5,417.59
31399,3,126.99
31400,1,196.39
31401,7,41.95
31402,10,16.7
31403,8,330.08
31404,9,479.49
31405,5,90.33
31406,6,89.09
31407,7,423.22
31408,8,68.48
31409,4,40.53
31410,5,414.26
31411,8,457.06
31412,10,21.99
31413,9,244.86
31414,4,176.69
31415,10,284.38
31416,3,365.68
31417,4,171.42
31418,10,464.62
31419,6,458.7
31420,2,125.5
31421,4,43.9
31422,7,373.98
31423,6,454.58
31424,4,75.36
31425,3,145.17
31426,10,117.5
31427,6,70.42
31428,10,253.18
31429,9,398.11
31430,8,408.04
31431,8,246.14
31432,3,382.44
31433,5,122.69
31434,10,498.6
31435,2,256.0
31436,9,342.73
31437,3,238.03
31438,2,371.29
31439,10,218.48
31440,7,148.11
31441,6,186.09
31442,4,396.97
31443,3,265.27
31444,1,438.0
31445,5,248.6
31446,10,206.71
31447,6,349.93
31448,5,10.22
31449,7,263.7
31450,10,299.89
31451,5,83.25
31452,4,89.15
31453,4,204.47
31454,4,12.67
31455,9,24.75
31456,2,327.35
31457,9,249.78
31458,2,328.89
31459,10,276.33
31460,4,367.14
31461,3,27.54
31462,1,407.05
31463,7,317.29
31464,6,229.24
31465,3,336.14
31466,9,220.12
31467,2,209.92
31468,1,47.35
31469,7,44.23
31470,2,443.29
31471,4,471.78
31472,7,341.83
31473,1,348.22
31474,10,172.99
31475,9,25.72
31476,6,375.09
31477,2,260.91
31478,5,32.74
31479,8,455.08
31480,4,183.55
31481,4,405.66
31482,9,394.71
31483,5,297.72
31484,5,41.34
31485,4,99.45
31486,9,163.25
31487,7,430.06
31488,4,412.54
31489,4,216.97
31490,1,477.54
31491,3,119.3
31492,3,437.02
31493,2,253.93
31494,10,332.23
31495,2,67.72
31496,9,95.42
31497,9,291.22
31498,4,23.4
31499,6,46.36
31500,3,232.15
31501,10,18.64
31502,9,52.9
31503,8,499.18
31504,10,215.63
31505,1,357.0
31506,7,78.89
31507,4,27.25
31508,5,234.76
31509,8,207.95
31510,9,268.07
31511,5,106.76
31512,7,401.34
31513,5,169.18
31514,3,309.14
31515,5,207.42
31516,4,483.39
31517,8,111.8
31518,4,469.19
31519,1,119.14
31520,1,143.48
31521,2,196.76
31522,7,407.99
31523,3,125.43
31524,3,189.33
31525,1,491.07
31526,3,320.38
31527,2,300.56
31528,1,378.49
31529,2,53.99
31530,10,178.54
31531,1,249.17
31532,9,60.03
31533,8,369.55
31534,5,57.88
31535,7,180.49
31536,7,329.15
31537,8,31.77
31538,1,319.52
31539,4,323.72
31540,8,105.62
31541,8,354.89
31542,2,135.06
31543,6,480.67
31544,6,182.25
31545,5,219.73
31546,3,71.75
31547,9,443.42
31548,5,234.52
31549,7,199.63
31550,1,309.55
31551,5,393.32
31552,10,10.71
31553,2,326.75
31554,7,62.86
31555,4,193.03
31556,2,190.71
31557,5,57.32
31558,6,314.87
31559,5,37.79
31560,5,477.28
31561,10,403.43
31562,6,223.02
31563,9,132.51
31564,10,190.78
31565,5,302.79
31566,6,453.97
31567,10,414.01
31568,8,186.67
31569,7,457.88
31570,2,88.62
31571,5,18.47
31572,2,379.85
31573,6,75.42
31574,10,22.89
31575,5,22.42
31576,2,185.08
31577,8,220.92
31578,10,361.93
31579,5,93.62
31580,2,82.42
31581,2,234.92
31582,3,30.64
31583,5,119.01
31584,3,101.84
31585,9,462.85
31586,5,482.82
31587,2,339.88
31588,9,330.5
31589,8,233.23
31590,9,242.57
31591,5,64.09
31592,4,480.5
31593,3,111.88
31594,8,120.69
31595,8,58.78
31596,4,201.2
31597,2,255.56
31598,8,134.49
31599,8,261.86
31600,10,186.32
31601,6,454.78
31602,3,167.26
31603,6,435.44
31604,6,168.57
31605,10,289.57
31606,2,164.31
31607,2,485.02
31608,4,216.29
31609,1,151.58
31610,9,251.61
31611,5,125.29
31612,9,261.21
31613,9,380.83
31614,1,218.83
31615,5,328.66
31616,5,157.12
31617,3,187.77
31618,1,288.21
31619,7,293.71
31620,4,392.79
31621,6,352.77
31622,10,344.62
31623,2,169.94
31624,6,479.0
31625,9,277.44
31626,7,109.02
31627,6,265.09
31628,6,143.06
31629,1,317.45
31630,3,484.8
31631,10,200.6
31632,4,246.5
31633,5,242.31
31634,9,444.43
31635,10,280.86
31636,7,278.71
31637,6,36.56
31638,2,413.81
31639,4,145.46
31640,1,99.31
31641,6,187.77
31642,8,341.51
31643,2,456.77
31644,3,443.82
31645,10,176.39
31646,4,318.55
31647,7,292.16
31648,7,276.53
31649,5,27.4
31650,2,70.38
31651,5,179.46
31652,10,264.58
31653,5,200.59
31654,7,186.15
31655,5,321.0
31656,4,20.09
31657,7,211.3
31658,7,456.79
31659,4,161.85
31660,2,213.48
31661,1,193.16
31662,6,251.56
31663,4,426.39
31664,10,29.56
31665,6,174.85
31666,5,104.11
31667,3,404.67
31668,4,49.5
31669,4,46.17
31670,3,346.19
31671,1,282.1
31672,2,344.16
31673,1,116.28
31674,8,240.93
31675,9,22.79
31676,1,474.1
31677,8,393.43
31678,9,304.68
31679,9,56.09
31680,10,348.74
31681,9,389.72
31682,8,459.35
31683,7,432.48
31684,7,259.58
31685,9,156.19
31686,4,413.19
31687,2,222.44
31688,1,302.73
31689,4,120.33
31690,9,42.35
31691,3,250.29
31692,5,307.12
31693,1,62.96
31694,5,36.69
31695,5,107.63
31696,10,122.8
31697,7,481.9
31698,9,304.65
31699,5,244.44
31700,4,262.47
31701,5,131.59
31702,6,409.75
31703,8,97.19
31704,6,363.61
31705,1,54.28
31706,6,387.6
31707,6,265.39
31708,10,212.47
31709,1,27.28
31710,3,421.57
31711,1,89.57
31712,2,457.29
31713,10,76.49
31714,9,480.31
31715,7,39.67
31716,2,250.69
31717,9,183.88
31718,6,188.1
31719,1,179.35
31720,9,55.07
31721,8,425.67
31722,7,468.46
31723,2,157.42
31724,7,397.76
31725,3,154.97
31726,4,211.83
31727,8,383.47
31728,1,415.35
31729,2,52.54
31730,9,29.73
31731,3,325.67
31732,7,447.83
31733,10,60.52
31734,6,331.62
31735,8,136.74
31736,9,300.39
31737,7,140.3
31738,6,83.54
31739,6,374.85
31740,2,227.14
31741,10,468.08
31742,1,187.74
31743,4,226.48
31744,6,210.94
31745,7,119.76
31746,4,253.36
31747,5,103.83
31748,5,277.87
31749,10,46.35
31750,1,22.36
31751,1,462.86
31752,3,132.87
31753,1,457.72
31754,2,403.76
31755,8,236.47
31756,1,200.67
31757,7,495.46
31758,3,192.89
31759,10,191.52
31760,8,276.58
31761,5,156.18
31762,2,73.37
31763,9,162.21
31764,5,95.58
31765,8,486.68
31766,3,497.95
31767,8,134.22
31768,3,48.12
31769,10,135.54
31770,5,491.48
31771,8,282.94
31772,10,426.14
31773,2,109.27
31774,8,64.25
31775,2,318.99
31776,9,486.94
31777,10,337.49
31778,9,317.97
31779,10,303.64
31780,2,320.09
31781,7,437.79
31782,9,347.05
31783,3,231.2
31784,10,161.18
31785,5,181.7
31786,6,11.56
31787,8,127.23
31788,4,105.9
31789,1,305.68
31790,9,243.53
31791,4,428.89
31792,9,89.14
31793,5,422.17
31794,10,277.85
31795,3,253.15
31796,5,311.36
31797,4,146.07
31798,5,472.56
31799,7,440.7
31800,5,197.64
31801,8,136.17
31802,7,427.15
31803,10,69.4
31804,2,50.71
31805,2,474.99
31806,6,72.28
31807,3,362.45
31808,9,55.71
31809,10,184.15
31810,9,270.95
31811,3,105.75
31812,9,268.12
31813,7,26.22
31814,9,489.71
31815,4,82.59
31816,6,59.55
31817,4,331.73
31818,6,358.05
31819,3,168.12
31820,5,291.93
31821,5,187.18
31822,1,112.43
31823,8,207.04
31824,2,37.4
31825,2,496.97
31826,4,417.02
31827,5,240.21
31828,8,102.13
31829,9,58.47
31830,2,145.93
31831,4,225.08
31832,8,475.5
31833,6,343.5
31834,6,433.01
31835,2,499.42
31836,8,382.24
31837,4,381.26
31838,4,12.48
31839,7,175.96
31840,5,422.1
31841,8,202.13
31842,8,270.04
31843,6,370.97
31844,2,216.14
31845,6,174.52
31846,2,397.44
31847,3,393.74
31848,7,132.77
31849,2,386.49
31850,7,35.96
31851,2,245.28
31852,2,158.96
31853,8,456.48
31854,3,441.17
31855,3,409.66
31856,3,307.59
31857,5,172.01
31858,2,286.48
31859,6,49.86
31860,5,398.35
31861,2,278.15
31862,1,393.1
31863,5,429.3
31864,1,264.32
31865,4,263.69
31866,1,335.73
31867,10,143.87
31868,3,19.31
31869,8,382.86
31870,7,349.68
31871,10,299.69
31872,10,236.89
31873,9,398.86
31874,7,171.28
31875,10,350.76
31876,4,59.34
31877,9,443.42
31878,1,488.47
31879,9,235.04
31880,2,173.41
31881,5,350.1
31882,2,216.91
31883,8,43.0
31884,6,222.45
31885,1,341.0
31886,9,450.7
31887,7,251.21
31888,9,272.13
31889,2,368.42
31890,9,97.17
31891,4,483.01
31892,6,81.52
31893,9,189.3
31894,10,156.47
31895,1,42.33
31896,6,474.48
31897,5,467.45
31898,2,336.57
31899,1,205.49
31900,10,283.2
31901,2,61.79
31902,9,324.1
31903,2,196.45
31904,8,492.25
31905,9,250.06
31906,5,260.55
31907,1,284.15
31908,6,67.2
31909,5,311.26
31910,7,433.55
31911,8,193.51
31912,2,350.96
31913,7,289.96
31914,5,21.9
31915,4,55.99
31916,4,382.77
31917,5,482.45
31918,7,284.49
31919,10,330.5
31920,7,298.03
31921,6,236.33
31922,4,408.45
31923,10,411.37
31924,8,20.73
31925,2,216.99
31926,5,180.34
31927,3,92.5
31928,5,443.42
31929,1,95.33
31930,9,382.52
31931,9,310.94
31932,4,31.68
31933,9,66.49
31934,5,367.93
31935,7,474.24
31936,1,144.73
31937,10,204.1
31938,3,371.37
31939,7,80.66
31940,10,481.04
31941,3,181.28
31942,10,394.09
31943,6,109.49
31944,7,92.39
31945,1,364.89
31946,9,429.67
31947,4,98.81
31948,8,73.41
31949,3,400.7
31950,1,221.92
31951,8,190.61
31952,5,441.48
31953,1,188.27
31954,10,253.91
31955,1,127.85
31956,6,336.41
31957,8,389.89
31958,6,491.54
31959,1,474.61
31960,9,109.84
31961,7,284.75
31962,3,286.2
31963,9,70.28
31964,8,462.34
31965,1,146.35
31966,10,347.66
31967,8,82.99
31968,5,76.46
31969,10,384.78
31970,10,469.11
31971,7,454.77
31972,4,231.47
31973,10,266.28
31974,1,27.5
31975,8,81.62
31976,3,349.48
31977,9,469.24
31978,9,358.1
31979,4,293.37
31980,10,460.3
31981,8,11.33
31982,9,471.29
31983,8,243.28
31984,2,164.84
31985,3,447.76
31986,5,346.2
31987,5,148.99
31988,2,31.77
31989,3,314.11
31990,4,407.51
31991,2,20.61
31992,4,498.31
31993,8,330.03
31994,5,410.26
31995,1,298.45
31996,6,413.25
31997,5,82.03
31998,1,398.77
31999,9,115.47
32000,9,428.46
32001,9,39.71
32002,5,102.16
32003,8,61.27
32004,9,393.38
32005,4,441.83
32006,6,375.9
32007,5,179.18
32008,9,74.69
32009,8,322.1
32010,10,276.86
32011,7,264.04
32012,9,57.44
32013,8,147.27
32014,9,343.11
32015,5,213.99
32016,8,136.55
32017,3,93.66
32018,3,397.54
32019,7,485.53
32020,5,90.89
32021,6,14.08
32022,7,146.54
32023,8,55.86
32024,8,153.43
32025,7,187.29
32026,9,276.98
32027,5,458.14
32028,7,223.38
32029,2,457.03
32030,5,179.03
32031,2,44.39
32032,1,407.13
32033,3,402.23
32034,5,354.89
32035,2,418.61
32036,2,59.6
32037,7,35.86
32038,7,97.51
32039,2,21.26
32040,7,309.1
32041,3,210.26
32042,3,55.26
32043,9,142.91
32044,3,368.26
32045,3,33.11
32046,4,44.02
32047,5,43.2
32048,1,459.81
32049,3,147.81
32050,4,99.19
32051,6,376.05
32052,5,12.07
32053,6,400.71
32054,9,353.97
32055,5,82.55
32056,10,406.15
32057,2,356.91
32058,8,94.71
32059,5,397.75
32060,8,454.65
32061,3,403.85
32062,4,43.46
32063,9,289.01
32064,1,222.72
32065,1,161.26
32066,7,79.64
32067,4,227.03
32068,5,368.43
32069,8,45.92
32070,10,47.32
32071,7,343.08
32072,4,147.97
32073,3,427.96
32074,2,134.58
32075,2,58.64
32076,1,237.14
32077,9,388.96
32078,4,483.16
32079,7,412.45
32080,10,74.62
32081,10,14.9
32082,1,103.91
32083,4,425.89
32084,5,94.74
32085,2,426.77
32086,4,366.33
32087,3,155.84
32088,1,213.88
32089,5,336.08
32090,10,75.51
32091,3,164.14
32092,8,401.2
32093,2,216.37
32094,5,34.29
32095,1,147.28
32096,9,453.79
32097,10,186.42
32098,3,139.17
32099,5,118.83
32100,5,395.48
32101,6,220.17
32102,7,459.09
32103,4,305.72
32104,2,408.78
32105,1,421.94
32106,3,368.73
32107,1,198.97
32108,4,183.4
32109,8,184.78
32110,10,310.09
32111,8,313.61
32112,10,239.11
32113,7,235.69
32114,7,147.36
32115,7,253.06
32116,7,468.4
32117,5,482.47
32118,2,117.67
32119,9,60.56
32120,10,384.56
32121,5,455.67
32122,4,91.36
32123,3,89.09
32124,7,496.91
32125,5,374.02
32126,4,353.85
32127,5,363.52
32128,5,348.68
32129,3,68.8
32130,7,56.59
32131,1,149.19
32132,9,103.91
32133,10,31.02
32134,1,173.83
32135,9,59.12
32136,10,478.75
32137,4,217.01
32138,2,384.17
32139,7,294.82
32140,6,301.73
32141,2,273.1
32142,4,245.82
32143,6,110.21
32144,8,292.56
32145,1,27.82
32146,8,495.34
32147,4,385.15
32148,2,18.34
32149,1,253.99
32150,1,484.59
32151,10,172.63
32152,4,499.49
32153,5,452.41
32154,6,65.01
32155,7,488.79
32156,1,71.64
32157,10,446.12
32158,3,484.64
32159,3,347.33
32160,1,335.98
32161,9,172.98
32162,6,11.26
32163,4,495.37
32164,2,81.0
32165,2,186.34
32166,10,184.83
32167,10,424.1
32168,6,289.55
32169,3,457.38
32170,2,307.72
32171,8,64.49
32172,7,175.66
32173,4,195.75
32174,1,67.86
32175,2,63.5
32176,8,385.9
32177,4,73.62
32178,1,338.58
32179,3,350.0
32180,4,273.27
32181,7,44.69
32182,5,141.08
32183,10,69.35
32184,10,86.47
32185,2,330.62
32186,6,45.9
32187,9,69.12
32188,2,58.76
32189,5,449.78
32190,7,280.99
32191,3,195.9
32192,2,251.88
32193,8,17.1
32194,2,193.7
32195,9,418.02
32196,5,181.55
32197,4,187.64
32198,10,303.43
32199,8,119.59
32200,4,335.45
32201,3,67.44
32202,2,485.43
32203,3,162.05
32204,5,357.13
32205,7,195.99
32206,7,72.79
32207,10,64.52
32208,4,461.82
32209,7,486.72
32210,2,173.96
32211,10,145.23
32212,5,17.09
32213,7,11.08
32214,5,215.35
32215,2,350.82
32216,1,178.17
32217,9,144.86
32218,9,147.88
32219,8,192.41
32220,10,108.04
32221,1,23.64
32222,5,262.7
32223,4,426.66
32224,4,191.04
32225,4,480.74
32226,4,476.56
32227,10,144.91
32228,8,181.57
32229,9,24.4
32230,1,229.7
32231,6,199.4
32232,9,79.56
32233,6,137.85
32234,4,258.07
32235,9,375.56
32236,7,53.23
32237,4,446.99
32238,6,385.97
32239,8,308.79
32240,6,12.22
32241,4,30.54
32242,10,40.3
32243,3,287.15
32244,9,163.74
32245,4,199.51
32246,7,226.57
32247,2,457.25
32248,4,380.63
32249,7,376.82
32250,9,204.3
32251,4,276.96
32252,8,173.67
32253,8,21.32
32254,2,98.98
32255,5,106.46
32256,6,307.87
32257,4,448.82
32258,4,289.32
32259,3,450.47
32260,3,260.75
32261,3,456.3
32262,9,444.57
32263,2,386.54
32264,7,190.3
32265,10,382.19
32266,7,16.73
32267,1,96.07
32268,8,147.98
32269,8,237.75
32270,1,198.45
32271,9,48.54
32272,4,175.24
32273,9,488.06
32274,3,312.77
32275,10,399.03
32276,5,433.87
32277,5,465.53
32278,4,446.27
32279,1,208.91
32280,9,163.01
32281,10,131.41
32282,4,336.54
32283,10,200.8
32284,7,352.94
32285,7,106.2
32286,3,122.76
32287,2,303.79
32288,10,154.88
32289,9,346.85
32290,8,146.52
32291,5,404.29
32292,7,361.15
32293,1,431.37
32294,2,328.03
32295,9,211.58
32296,7,186.69
32297,3,242.66
32298,10,439.75
32299,9,65.84
32300,3,307.0
32301,7,154.47
32302,5,264.65
32303,3,235.7
32304,2,287.32
32305,6,306.1
32306,2,315.63
32307,10,139.01
32308,4,205.64
32309,5,342.83
32310,8,88.79
32311,2,68.49
32312,9,498.73
32313,5,31.25
32314,2,400.7
32315,8,391.89
32316,1,282.73
32317,4,53.13
32318,10,395.06
32319,2,241.17
32320,3,182.91
32321,9,75.44
32322,9,136.63
32323,5,458.42
32324,3,476.86
32325,2,323.17
32326,9,424.62
32327,5,186.93
32328,10,468.22
32329,3,463.87
32330,10,287.05
32331,2,88.98
32332,8,452.29
32333,5,407.29
32334,6,479.37
32335,4,201.85
32336,2,427.62
32337,4,393.94
32338,8,21.56
32339,8,30.69
32340,3,104.49
32341,8,384.2
32342,3,187.76
32343,7,395.2
32344,3,64.37
32345,3,13.62
32346,4,489.44
32347,6,262.05
32348,4,486.93
32349,10,318.52
32350,8,493.39
32351,10,333.74
32352,2,315.0
32353,7,320.66
32354,5,193.42
32355,5,25.34
32356,6,258.15
32357,8,95.14
32358,6,301.72
32359,10,493.99
32360,10,261.29
32361,9,484.0
32362,6,86.71
32363,3,304.13
32364,10,225.05
32365,1,99.2
32366,10,398.68
32367,5,184.02
32368,6,457.5
32369,5,76.67
32370,1,167.49
32371,9,365.3
32372,8,467.35
32373,10,64.21
32374,10,256.94
32375,10,207.05
32376,4,131.75
32377,6,341.32
32378,4,233.42
32379,7,375.72
32380,3,110.99
32381,1,316.94
32382,8,51.9
32383,6,483.5
32384,6,438.9
32385,8,399.5
32386,4,74.96
32387,6,328.07
32388,2,202.56
32389,7,71.87
32390,6,348.46
32391,8,142.27
32392,9,372.13
32393,4,253.44
32394,8,34.94
32395,1,114.17
32396,7,129.24
32397,9,219.46
32398,1,72.46
32399,9,232.95
32400,2,343.61
32401,6,468.13
32402,5,454.85
32403,1,173.5
32404,2,270.4
32405,9,209.21
32406,9,169.63
32407,3,258.35
32408,8,201.23
32409,2,228.6
32410,8,143.6
32411,7,38.4
32412,4,440.02
32413,2,10.03
32414,6,434.16
32415,9,94.56
32416,9,230.97
32417,4,192.78
32418,8,52.34
32419,10,141.93
32420,10,228.0
32421,6,17.4
32422,1,305.87
32423,1,219.35
32424,5,34.67
32425,8,333.4
32426,2,323.67
32427,6,122.08
32428,5,484.39
32429,2,57.51
32430,6,316.71
32431,3,418.9
32432,5,318.44
32433,3,474.33
32434,9,405.8
32435,3,36.38
32436,6,280.71
32437,2,122.26
32438,1,447.96
32439,4,301.31
32440,4,64.51
32441,7,322.44
32442,6,321.42
32443,2,182.66
32444,3,81.97
32445,4,138.82
32446,1,417.46
32447,9,286.73
32448,1,346.79
32449,8,394.51
32450,4,249.24
32451,7,197.74
32452,8,15.93
32453,9,438.8
32454,7,383.69
32455,7,35.97
32456,6,361.28
32457,1,358.65
32458,5,23.71
32459,2,53.17
32460,4,97.22
32461,5,20.78
32462,2,333.12
32463,5,29.94
32464,10,19.94
32465,4,457.0
32466,10,445.11
32467,4,167.43
32468,2,232.71
32469,3,433.46
32470,7,63.48
32471,6,86.59
32472,5,329.02
32473,2,42.69
32474,5,48.67
32475,9,413.58
32476,2,77.78
32477,9,287.5
32478,7,191.26
32479,4,170.69
32480,3,241.14
32481,9,110.28
32482,10,210.89
32483,9,277.63
32484,7,23.18
32485,7,484.94
32486,10,141.5
32487,7,260.26
32488,5,225.15
32489,10,427.51
32490,2,313.56
32491,8,288.13
32492,10,220.19
32493,10,60.84
32494,4,301.24
32495,5,436.57
32496,10,134.95
32497,4,12.43
32498,9,161.38
32499,8,430.21
32500,9,138.49
32501,10,329.0
32502,1,370.23
32503,3,406.45
32504,4,38.59
32505,8,66.11
32506,5,331.26
32507,6,461.13
32508,1,330.26
32509,3,282.52
32510,1,421.37
32511,2,258.75
32512,8,210.21
32513,10,499.86
32514,1,260.23
32515,9,358.8
32516,9,57.68
32517,4,241.66
32518,1,65.14
32519,1,149.59
32520,1,259.24
32521,5,145.81
32522,5,135.08
32523,4,389.59
32524,3,181.07
32525,8,75.6
32526,2,285.79
32527,6,47.17
32528,2,13.71
32529,5,187.51
32530,3,206.99
32531,9,323.47
32532,3,44.72
32533,6,184.78
32534,5,404.71
32535,3,343.41
32536,1,426.5
32537,1,271.23
32538,9,275.66
32539,9,329.85
32540,8,324.65
32541,5,374.92
32542,2,161.07
32543,8,449.31
32544,3,88.45
32545,9,190.67
32546,7,396.63
32547,4,48.31
32548,5,286.21
32549,6,150.8
32550,9,45.21
32551,1,363.34
32552,8,108.4
32553,8,213.93
32554,2,299.52
32555,10,363.91
32556,4,229.3
32557,8,231.14
32558,2,57.73
32559,3,410.87
32560,6,348.27
32561,4,393.45
32562,6,430.44
32563,10,117.45
32564,6,470.29
32565,6,66.01
32566,6,336.92
32567,5,291.56
32568,1,335.51
32569,8,139.75
32570,7,436.77
32571,8,75.83
32572,10,234.47
32573,10,408.14
32574,9,272.84
32575,2,61.01
32576,9,80.78
32577,1,225.22
32578,1,168.84
32579,10,461.08
32580,6,272.35
32581,8,497.11
32582,1,133.36
32583,6,119.42
32584,8,455.38
32585,7,300.68
32586,7,244.47
32587,4,74.18
32588,6,445.17
32589,10,202.25
32590,1,450.77
32591,8,394.55
32592,3,278.44
32593,8,115.21
32594,8,421.18
32595,4,279.42
32596,6,233.31
32597,3,66.78
32598,7,98.14
32599,7,339.32
32600,7,266.0
32601,3,244.02
32602,5,92.86
32603,10,435.89
32604,5,93.36
32605,9,169.05
32606,5,152.39
32607,1,318.94
32608,7,498.71
32609,9,291.44
32610,9,486.11
32611,10,393.84
32612,4,492.16
32613,2,315.51
32614,4,102.42
32615,1,461.37
32616,5,71.97
32617,8,306.45
32618,4,156.83
32619,9,391.68
32620,7,133.36
32621,6,376.56
32622,5,162.97
32623,3,136.52
32624,5,345.65
32625,5,498.5
32626,2,208.32
32627,4,54.95
32628,7,386.31
32629,5,423.23
32630,8,36.94
32631,1,118.17
32632,8,297.24
32633,5,488.46
32634,8,140.22
32635,3,67.22
32636,1,218.59
32637,7,20.52
32638,9,22.81
32639,9,385.93
32640,7,300.81
32641,1,378.8
32642,9,336.66
32643,2,317.39
32644,1,255.39
32645,9,256.01
32646,8,406.97
32647,5,83.68
32648,1,243.91
32649,4,18.73
32650,9,470.83
32651,8,436.91
32652,3,84.25
32653,10,217.61
32654,7,466.05
32655,4,146.65
32656,6,446.05
32657,9,351.25
32658,7,487.16
32659,2,371.03
32660,1,31.96
32661,6,396.43
32662,6,381.84
32663,10,43.03
32664,5,347.99
32665,6,43.09
32666,8,395.98
32667,10,92.58
32668,2,80.06
32669,2,362.55
32670,6,79.46
32671,2,246.73
32672,9,215.29
32673,1,336.29
32674,7,257.52
32675,8,78.76
32676,1,499.1
32677,7,135.08
32678,6,471.02
32679,8,48.33
32680,4,75.7
32681,6,281.43
32682,10,355.27
32683,4,134.29
32684,2,121.78
32685,1,158.81
32686,4,443.11
32687,3,489.44
32688,7,287.88
32689,6,130.42
32690,10,433.01
32691,4,13.75
32692,9,396.16
32693,2,468.46
32694,8,349.51
32695,3,459.91
32696,1,147.57
32697,7,195.2
32698,1,421.27
32699,1,223.03
32700,2,290.62
32701,9,429.99
32702,7,54.87
32703,10,109.33
32704,3,291.22
32705,9,221.19
32706,4,498.75
32707,7,389.05
32708,5,184.75
32709,2,281.18
32710,9,244.99
32711,6,438.67
32712,4,409.1
32713,5,378.62
32714,4,198.54
32715,2,96.63
32716,2,149.6
32717,7,438.75
32718,9,482.33
32719,2,73.91
32720,2,170.66
32721,3,42.71
32722,2,399.19
32723,10,127.67
32724,4,277.69
32725,4,18.42
32726,7,29.07
32727,4,328.44
32728,9,298.8
32729,10,393.38
32730,6,474.14
32731,4,239.34
32732,8,190.07
32733,5,325.29
32734,1,279.55
32735,5,191.27
32736,1,244.59
32737,6,308.42
32738,5,374.69
32739,4,252.69
32740,5,296.36
32741,2,104.73
32742,4,471.01
32743,10,261.14
32744,5,368.65
32745,6,86.33
32746,3,413.18
32747,6,152.27
32748,10,356.16
32749,3,92.84
32750,6,499.06
32751,2,137.04
32752,4,378.67
32753,4,82.47
32754,6,268.68
32755,7,429.81
32756,4,113.43
32757,4,464.59
32758,4,15.29
32759,7,58.77
32760,4,62.87
32761,2,338.84
32762,4,251.4
32763,4,351.29
32764,7,239.99
32765,10,36.52
32766,3,373.81
32767,2,473.17
32768,6,365.78
32769,3,372.62
32770,3,47.44
32771,2,47.53
32772,9,297.05
32773,10,279.14
32774,1,258.61
32775,10,289.29
32776,4,111.24
32777,10,329.76
32778,2,102.24
32779,10,50.4
32780,10,285.51
32781,7,412.75
32782,1,89.24
32783,9,85.09
32784,10,209.44
32785,9,321.56
32786,9,68.41
32787,4,109.92
32788,6,462.2
32789,9,216.61
32790,9,131.59
32791,6,257.69
32792,9,14.1
32793,9,267.08
32794,8,248.13
32795,10,223.46
32796,1,234.07
32797,9,252.52
32798,1,97.41
32799,5,215.18
32800,5,87.67
32801,4,331.48
32802,10,269.53
32803,7,143.18
32804,5,23.84
32805,10,101.02
32806,8,24.35
32807,3,292.64
32808,8,454.54
32809,5,492.01
32810,3,464.0
32811,5,281.67
32812,9,28.12
32813,5,237.18
32814,9,292.52
32815,4,414.17
32816,4,327.25
32817,10,379.65
32818,6,448.82
32819,7,184.97
32820,9,193.84
32821,9,363.01
32822,2,143.85
32823,4,419.1
32824,9,426.65
32825,6,481.96
32826,6,128.42
32827,8,287.68
32828,4,329.44
32829,3,454.48
32830,4,116.74
32831,6,344.36
32832,1,258.33
32833,2,45.12
32834,8,186.09
32835,10,195.12
32836,2,476.64
32837,5,159.89
32838,7,200.6
32839,9,337.04
32840,10,38.74
32841,10,402.42
32842,6,240.59
32843,1,246.86
32844,7,67.02
32845,5,435.73
32846,3,91.71
32847,4,414.87
32848,6,448.22
32849,10,214.72
32850,7,461.63
32851,9,174.02
32852,6,95.08
32853,10,393.0
32854,6,21.22
32855,5,151.46
32856,7,19.1
32857,5,271.7
32858,5,271.57
32859,7,362.75
32860,2,271.23
32861,8,149.27
32862,8,376.5
32863,8,207.3
32864,3,221.81
32865,4,399.99
32866,10,352.06
32867,1,321.31
32868,9,294.66
32869,8,472.12
32870,4,327.69
32871,1,118.17
32872,6,483.42
32873,1,237.93
32874,5,217.65
32875,5,115.37
32876,5,467.21
32877,10,356.36
32878,8,36.31
32879,6,175.25
32880,1,64.0
32881,4,111.23
32882,5,433.48
32883,4,375.71
32884,8,365.33
32885,8,352.82
32886,10,471.4
32887,4,57.33
32888,9,184.53
32889,5,19.92
32890,3,201.7
32891,2,414.85
32892,1,69.95
32893,9,423.83
32894,3,196.75
32895,3,111.94
32896,2,32.53
32897,9,425.6
32898,6,240.15
32899,9,346.92
32900,5,215.21
32901,1,192.17
32902,5,75.88
32903,2,54.24
32904,7,202.35
32905,9,94.76
32906,3,205.65
32907,5,32.64
32908,9,277.4
32909,5,286.96
32910,8,364.25
32911,2,279.37
32912,2,412.6
32913,3,236.95
32914,6,477.68
32915,2,389.55
32916,2,299.07
32917,9,93.07
32918,9,284.57
32919,3,238.77
32920,4,142.35
32921,10,138.94
32922,4,191.85
32923,2,270.68
32924,9,206.93
32925,9,381.93
32926,6,495.49
32927,8,482.95
32928,8,149.92
32929,8,64.41
32930,8,100.68
32931,5,470.65
32932,8,301.78
32933,4,70.72
32934,10,274.57
32935,8,46.31
32936,4,103.18
32937,8,261.25
32938,3,364.77
32939,6,183.75
32940,3,417.07
32941,8,130.14
32942,10,231.37
32943,1,142.84
32944,2,132.74
32945,6,459.48
32946,9,271.35
32947,7,51.06
32948,7,142.31
32949,3,129.34
32950,10,378.5
32951,1,205.26
32952,3,446.0
32953,8,231.36
32954,6,471.82
32955,9,150.14
32956,1,148.54
32957,2,404.62
32958,10,292.64
32959,10,351.07
32960,9,173.56
32961,7,357.89
32962,2,342.66
32963,7,361.09
32964,7,346.7
32965,10,110.27
32966,10,287.44
32967,3,251.77
32968,9,339.85
32969,4,200.42
32970,1,435.31
32971,8,294.97
32972,10,30.35
32973,10,248.58
32974,9,474.13
32975,3,408.45
32976,8,332.86
32977,10,260.66
32978,4,473.82
32979,4,264.96
32980,1,62.98
32981,4,207.87
32982,3,147.43
32983,9,374.19
32984,2,308.68
32985,3,360.58
32986,7,137.77
32987,7,246.08
32988,5,463.83
32989,7,348.64
32990,4,366.41
32991,3,80.83
32992,6,21.01
32993,5,327.85
32994,8,370.93
32995,9,416.62
32996,5,255.42
32997,9,422.81
32998,1,378.49
32999,6,293.28
33000,5,244.78
33001,3,13.62
33002,3,271.26
33003,10,370.46
33004,4,158.85
33005,4,334.29
33006,2,484.65
33007,3,426.89
33008,5,104.34
33009,9,333.12
33010,1,396.58
33011,4,456.07
33012,8,434.35
33013,3,333.4
33014,10,86.89
33015,9,434.6
33016,1,393.4
33017,10,207.49
33018,7,165.09
33019,4,269.16
33020,6,124.51
33021,8,164.27
33022,2,96.14
33023,3,15.84
33024,3,52.08
33025,6,400.42
33026,9,320.38
33027,1,171.68
33028,1,96.89
33029,3,83.57
33030,8,329.45
33031,4,92.69
33032,2,126.04
33033,4,237.34
33034,1,39.19
33035,9,161.31
33036,10,346.82
33037,5,492.91
33038,3,290.45
33039,4,284.58
33040,6,170.04
33041,1,225.02
33042,10,102.54
33043,1,28.59
33044,9,75.36
33045,3,402.62
33046,5,141.01
33047,10,69.37
33048,1,317.75
33049,2,10.07
33050,6,165.7
33051,8,36.82
33052,2,293.59
33053,7,134.78
33054,7,144.33
33055,2,193.57
33056,2,484.48
33057,2,259.54
33058,3,93.37
33059,2,119.93
33060,3,375.02
33061,10,192.62
33062,2,22.5
33063,4,97.66
33064,3,363.4
33065,2,116.47
33066,10,322.4
33067,3,463.91
33068,9,164.2
33069,9,448.07
33070,5,490.71
33071,8,124.39
33072,1,94.31
33073,2,359.48
33074,10,51.56
33075,2,35.68
33076,2,303.86
33077,10,176.34
33078,3,482.32
33079,1,171.03
33080,8,256.18
33081,5,499.99
33082,3,408.4
33083,9,53.51
33084,5,466.79
33085,4,321.61
33086,2,358.73
33087,10,327.36
33088,2,316.17
33089,10,239.48
33090,10,396.2
33091,2,247.9
33092,4,20.56
33093,2,301.35
33094,2,62.93
33095,5,402.91
33096,4,368.49
33097,7,348.52
33098,1,48.39
33099,5,63.75
33100,1,470.13
33101,5,340.39
33102,9,265.69
33103,1,209.15
33104,6,196.42
33105,3,327.35
33106,1,318.59
33107,10,278.07
33108,3,355.71
33109,4,222.37
33110,6,81.09
33111,10,486.89
33112,10,233.25
33113,6,493.23
33114,3,35.17
33115,6,195.58
33116,7,346.95
33117,8,313.24
33118,2,441.37
33119,7,227.89
33120,2,447.84
33121,3,237.32
33122,10,162.25
33123,5,355.5
33124,2,121.86
33125,6,488.85
33126,8,73.99
33127,4,131.55
33128,3,161.65
33129,10,232.76
33130,1,234.5
33131,4,18.01
33132,9,218.41
33133,9,259.69
33134,9,421.54
33135,2,291.44
33136,1,358.71
33137,3,411.42
33138,3,276.13
33139,6,151.57
33140,5,16.86
33141,7,377.63
33142,7,433.36
33143,9,331.73
33144,6,346.14
33145,2,166.44
33146,7,376.75
33147,3,91.32
33148,9,138.33
33149,2,315.23
33150,1,209.66
33151,5,172.84
33152,10,276.28
33153,8,279.15
33154,5,451.16
33155,1,177.34
33156,7,157.55
33157,8,341.83
33158,8,81.34
33159,2,93.42
33160,10,261.48
33161,6,413.56
33162,4,142.6
33163,6,120.41
33164,9,155.9
33165,4,20.25
33166,3,214.57
33167,8,257.49
33168,4,112.59
33169,1,490.82
33170,3,455.71
33171,1,256.66
33172,3,31.21
33173,6,206.05
33174,6,311.04
33175,1,491.27
33176,5,135.17
33177,6,273.19
33178,6,224.19
33179,10,408.99
33180,2,296.13
33181,8,375.98
33182,4,390.37
33183,6,472.12
33184,5,494.34
33185,5,378.65
33186,5,434.76
33187,10,368.68
33188,3,379.92
33189,1,300.55
33190,5,166.89
33191,5,470.9
33192,2,99.46
33193,9,113.27
33194,2,405.04
33195,10,428.17
33196,10,154.02
33197,5,455.54
33198,3,421.43
33199,4,78.92
33200,10,174.18
33201,9,446.18
33202,5,86.09
33203,10,414.63
33204,7,373.3
33205,1,427.56
33206,10,430.42
33207,6,21.39
33208,5,486.5
33209,9,329.61
33210,7,357.98
33211,2,441.98
33212,4,277.7
33213,3,258.06
33214,2,16.56
33215,6,362.72
33216,10,381.91
33217,6,60.12
33218,2,68.91
33219,9,299.62
33220,5,196.76
33221,4,491.85
33222,2,222.69
33223,7,190.9
33224,6,201.2
33225,7,435.24
33226,1,33.7
33227,5,412.03
33228,4,109.23
33229,10,427.93
33230,1,48.63
33231,7,412.78
33232,1,234.64
33233,6,420.13
33234,6,361.93
33235,10,150.0
33236,2,139.67
33237,7,488.1
33238,8,498.79
33239,6,313.32
33240,3,348.17
33241,4,363.73
33242,10,197.72
33243,3,190.59
33244,8,436.36
33245,5,353.05
33246,7,70.05
33247,7,460.96
33248,6,213.92
33249,7,378.11
33250,8,206.98
33251,1,204.75
33252,4,197.59
33253,6,259.29
33254,2,229.33
33255,2,37.28
33256,10,413.57
33257,8,289.69
33258,10,120.48
33259,3,147.54
33260,10,324.87
33261,3,121.03
33262,5,108.42
33263,10,459.56
33264,9,455.19
33265,2,178.88
33266,3,359.48
33267,4,499.63
33268,10,387.3
33269,8,229.2
33270,5,43.91
33271,4,119.46
33272,4,213.21
33273,1,66.73
33274,8,474.88
33275,7,244.15
33276,1,190.17
33277,5,375.79
33278,6,27.91
33279,6,466.13
33280,2,219.82
33281,6,461.1
33282,10,363.28
33283,9,317.56
33284,1,317.55
33285,7,63.46
33286,5,197.22
33287,9,396.33
33288,8,194.44
33289,9,337.56
33290,6,429.33
33291,7,159.88
33292,1,109.82
33293,7,439.47
33294,4,334.0
33295,5,73.84
33296,7,208.32
33297,3,254.67
33298,10,484.3
33299,3,52.72
33300,4,210.95
33301,6,490.14
33302,7,233.95
33303,10,37.38
33304,1,466.43
33305,3,253.95
33306,8,381.3
33307,4,212.62
33308,8,211.95
33309,5,235.17
33310,7,211.51
33311,8,318.08
33312,7,135.02
33313,3,87.32
33314,2,473.87
33315,3,410.67
33316,5,431.91
33317,10,355.71
33318,6,366.23
33319,3,140.67
33320,5,301.38
33321,2,233.15
33322,5,273.63
33323,3,217.12
33324,5,401.94
33325,2,22.64
33326,10,453.37
33327,6,459.96
33328,8,261.29
33329,2,482.24
33330,4,109.78
33331,1,250.64
33332,1,118.33
33333,4,376.88
33334,6,202.94
33335,7,485.02
33336,1,176.69
33337,4,327.21
33338,1,271.07
33339,6,52.46
33340,9,107.63
33341,7,38.18
33342,10,207.27
33343,3,160.72
33344,10,278.28
33345,10,188.39
33346,10,52.36
33347,1,422.8
33348,1,472.46
33349,10,226.04
33350,6,268.68
33351,4,282.1
33352,1,467.29
33353,1,405.38
33354,5,57.86
33355,7,46.44
33356,7,321.6
33357,2,108.59
33358,1,204.71
33359,6,149.21
33360,6,104.97
33361,7,53.19
33362,1,152.47
33363,9,395.35
33364,9,285.33
33365,1,164.1
33366,8,448.44
33367,10,266.16
33368,8,186.51
33369,5,393.19
33370,1,92.94
33371,10,129.47
33372,8,42.66
33373,4,273.85
33374,10,381.55
33375,8,288.36
33376,4,175.78
33377,5,380.61
33378,5,346.27
33379,6,395.85
33380,9,453.68
33381,10,21.4
33382,8,454.34
33383,4,329.48
33384,2,299.81
33385,10,167.97
33386,7,46.72
33387,5,353.07
33388,8,323.64
33389,3,416.7
33390,6,369.36
33391,7,218.05
33392,7,114.99
33393,6,64.15
33394,9,459.14
33395,7,105.75
33396,8,312.48
33397,7,122.0
33398,2,486.98
33399,4,106.42
33400,4,497.0
33401,9,418.93
33402,7,279.95
33403,4,203.29
33404,6,229.23
33405,1,398.73
33406,6,341.57
33407,4,142.53
33408,2,497.62
33409,7,85.25
33410,3,108.57
33411,6,208.51
33412,2,427.97
33413,5,409.29
33414,4,191.12
33415,8,53.33
33416,3,18.13
33417,6,248.83
33418,10,73.1
33419,2,117.41
33420,9,218.16
33421,7,257.07
33422,9,309.56
33423,3,396.11
33424,9,230.03
33425,3,491.67
33426,6,206.68
33427,6,441.55
33428,4,446.42
33429,1,240.5
33430,10,353.88
33431,8,24.56
33432,10,198.96
33433,9,291.28
33434,8,159.95
33435,4,325.74
33436,6,492.11
33437,10,386.56
33438,5,188.35
33439,8,460.83
33440,7,353.5
33441,2,470.71
33442,6,440.55
33443,7,111.28
33444,7,19.26
33445,2,18.47
33446,2,423.56
33447,3,114.4
33448,3,103.07
33449,4,446.32
33450,8,88.17
33451,9,148.73
33452,4,499.18
33453,1,275.82
33454,7,301.38
33455,1,106.89
33456,1,111.56
33457,5,485.1
33458,1,206.17
33459,9,362.36
33460,6,367.89
33461,1,144.53
33462,5,447.41
33463,9,171.75
33464,2,317.96
33465,7,267.45
33466,9,369.96
33467,10,88.4
33468,2,439.77
33469,4,320.24
33470,8,279.7
33471,9,231.28
33472,4,486.66
33473,5,199.49
33474,8,219.96
33475,7,270.17
33476,10,111.79
33477,1,372.52
33478,4,241.2
33479,4,451.3
33480,8,399.56
33481,5,425.13
33482,5,123.78
33483,6,18.26
33484,9,427.65
33485,6,339.46
33486,1,148.41
33487,6,392.57
33488,5,90.25
33489,4,189.94
33490,9,274.28
33491,8,318.05
33492,3,57.76
33493,10,140.59
33494,9,31.95
33495,5,346.16
33496,8,422.56
33497,10,327.83
33498,5,375.01
33499,10,260.41
33500,1,439.81
33501,9,382.75
33502,7,413.01
33503,9,24.04
33504,8,190.13
33505,4,499.88
33506,4,333.21
33507,10,280.71
33508,6,385.57
33509,8,383.69
33510,7,393.91
33511,1,432.25
33512,5,98.87
33513,1,299.09
33514,4,305.12
33515,7,377.61
33516,6,152.93
33517,9,439.97
33518,10,446.22
33519,5,319.64
33520,4,393.29
33521,9,326.22
33522,1,458.32
33523,6,116.38
33524,7,123.34
33525,8,397.15
33526,2,468.55
33527,7,252.75
33528,1,136.26
33529,8,329.44
33530,9,40.29
33531,5,132.68
33532,3,297.01
33533,6,262.19
33534,5,294.37
33535,5,277.72
33536,9,229.59
33537,6,290.19
33538,2,328.9
33539,10,109.2
33540,1,179.82
33541,8,200.53
33542,9,205.9
33543,10,367.4
33544,7,42.1
33545,5,424.35
33546,7,167.93
33547,8,40.64
33548,2,334.34
33549,9,341.06
33550,5,482.77
33551,2,24.66
33552,7,211.57
33553,3,211.67
33554,3,423.5
33555,7,116.88
33556,1,98.32
33557,6,454.64
33558,8,275.99
33559,7,175.13
33560,4,174.26
33561,9,197.94
33562,7,235.51
33563,4,219.0
33564,1,117.27
33565,3,434.05
33566,2,322.81
33567,3,145.87
33568,9,220.45
33569,6,441.14
33570,8,309.52
33571,9,430.26
33572,5,450.49
33573,2,276.96
33574,6,42.5
33575,10,211.43
33576,4,348.36
33577,8,373.55
33578,3,396.9
33579,9,298.4
33580,1,260.41
33581,4,247.64
33582,1,193.12
33583,7,15.52
33584,3,106.69
33585,10,259.7
33586,5,228.39
33587,4,84.65
33588,8,395.45
33589,3,73.16
33590,4,352.4
33591,8,462.28
33592,9,374.29
33593,2,60.28
33594,3,178.53
33595,7,460.3
33596,10,421.33
33597,8,471.26
33598,9,190.47
33599,2,141.52
33600,8,226.36
33601,2,198.08
33602,2,347.06
33603,10,485.9
33604,9,34.72
33605,7,79.74
33606,8,260.61
33607,7,441.44
33608,2,55.78
33609,10,42.09
33610,3,283.69
33611,5,388.7
33612,5,27.97
33613,3,222.51
33614,1,337.39
33615,4,173.11
33616,9,449.81
33617,9,375.79
33618,8,148.23
33619,4,193.6
33620,5,39.78
33621,9,399.15
33622,9,152.19
33623,1,156.78
33624,6,317.98
33625,10,97.8
33626,8,200.43
33627,8,338.17
33628,7,231.11
33629,4,377.52
33630,7,210.41
33631,9,47.33
33632,6,499.61
33633,4,379.94
33634,3,339.5
33635,2,492.66
33636,4,374.0
33637,4,249.33
33638,4,403.46
33639,7,332.8
33640,1,265.02
33641,10,321.45
33642,5,150.41
33643,10,481.32
33644,3,21.71
33645,5,78.83
33646,8,124.48
33647,10,294.96
33648,10,477.72
33649,2,164.68
33650,9,219.72
33651,5,355.32
33652,9,415.22
33653,3,286.16
33654,7,48.85
33655,3,16.17
33656,6,82.62
33657,9,229.2
33658,1,68.9
33659,1,194.57
33660,5,219.08
33661,6,84.57
33662,2,317.87
33663,3,437.05
33664,6,208.69
33665,5,152.31
33666,8,213.27
33667,3,420.8
33668,3,364.35
33669,1,217.68
33670,6,137.59
33671,7,441.92
33672,7,393.45
33673,1,461.94
33674,8,485.91
33675,8,33.03
33676,1,287.33
33677,6,486.11
33678,6,246.95
33679,6,124.48
33680,9,441.39
33681,3,491.84
33682,8,282.26
33683,4,234.88
33684,2,243.03
33685,2,422.89
33686,9,181.72
33687,7,312.7
33688,2,361.74
33689,8,422.55
33690,9,49.63
33691,9,248.97
33692,6,458.86
33693,9,383.04
33694,6,279.43
33695,2,268.96
33696,7,78.11
33697,10,110.64
33698,9,140.99
33699,9,327.46
33700,2,291.78
33701,8,48.73
33702,7,493.51
33703,3,383.17
33704,1,476.91
33705,1,136.6
33706,8,356.38
33707,2,396.53
33708,5,31.83
33709,6,448.92
33710,9,176.21
33711,10,28.84
33712,1,104.91
33713,8,461.51
33714,9,467.44
33715,2,463.86
33716,5,217.28
33717,4,298.64
33718,1,79.45
33719,8,320.36
33720,3,116.44
33721,9,105.11
33722,7,77.56
33723,4,64.22
33724,5,241.14
33725,2,486.07
33726,7,345.85
33727,6,442.76
33728,3,499.11
33729,3,207.44
33730,10,89.56
33731,4,199.98
33732,1,492.85
33733,4,151.66
33734,2,133.22
33735,9,411.41
33736,7,122.31
33737,3,355.38
33738,9,203.05
33739,3,497.37
33740,2,49.72
33741,1,109.04
33742,10,201.41
33743,9,276.19
33744,4,188.71
33745,2,104.01
33746,6,463.82
33747,3,340.06
33748,4,253.96
33749,5,228.84
33750,9,432.21
33751,9,451.62
33752,5,172.32
33753,10,447.92
33754,10,265.15
33755,9,65.28
33756,4,114.54
33757,2,396.17
33758,3,106.87
33759,3,281.28
33760,3,325.11
33761,4,313.2
33762,8,166.62
33763,2,390.49
33764,9,241.41
33765,6,462.15
33766,5,404.84
33767,1,400.59
33768,6,347.7
33769,8,168.25
33770,4,99.62
33771,2,461.27
33772,7,493.41
33773,10,29.88
33774,8,26.76
33775,3,365.15
33776,5,296.1
33777,2,145.94
33778,2,16.17
33779,8,433.83
33780,8,410.98
33781,8,261.96
33782,7,252.91
33783,6,372.43
33784,7,458.46
33785,1,145.22
33786,6,377.92
33787,5,177.5
33788,10,148.16
33789,8,432.15
33790,4,238.36
33791,8,111.74
33792,7,426.0
33793,10,438.21
33794,4,231.0
33795,5,163.04
33796,10,475.18
33797,2,90.08
33798,3,195.06
33799,10,164.09
33800,2,152.15
33801,4,214.01
33802,3,463.02
33803,1,39.46
33804,2,390.49
33805,6,362.06
33806,9,193.13
33807,5,374.79
33808,1,75.87
33809,8,456.49
33810,9,462.16
33811,6,125.68
33812,10,241.36
33813,7,335.12
33814,1,47.54
33815,8,142.06
33816,10,202.09
33817,8,282.8
33818,3,219.95
33819,4,453.52
33820,7,308.21
33821,5,204.87
33822,1,172.16
33823,10,318.67
33824,4,64.72
33825,1,154.32
33826,5,390.63
33827,10,149.64
33828,1,170.52
33829,6,394.28
33830,6,296.85
33831,10,16.25
33832,1,128.84
33833,6,215.72
33834,3,236.04
33835,1,446.59
33836,2,18.69
33837,6,29.4
33838,10,58.54
33839,2,486.93
33840,10,318.08
33841,4,226.01
33842,9,444.33
33843,8,246.63
33844,5,12.98
33845,10,283.31
33846,5,241.99
33847,8,188.12
33848,4,46.7
33849,2,187.64
33850,5,167.96
33851,2,216.32
33852,4,375.28
33853,10,269.07
33854,9,271.93
33855,7,423.69
33856,8,483.72
33857,1,300.63
33858,5,425.74
33859,9,278.62
33860,9,394.67
33861,9,346.78
33862,8,367.84
33863,8,464.57
33864,10,340.3
33865,9,277.95
33866,3,320.6
33867,4,35.47
33868,8,177.08
33869,6,416.73
33870,9,209.36
33871,2,195.98
33872,9,133.56
33873,4,419.48
33874,1,368.88
33875,10,110.12
33876,3,90.41
33877,7,153.23
33878,3,20.54
33879,7,249.18
33880,10,486.61
33881,4,214.2
33882,2,300.18
33883,5,359.59
33884,1,98.97
33885,9,353.71
33886,3,302.39
33887,4,363.7
33888,9,346.71
33889,3,223.44
33890,10,437.33
33891,3,418.32
33892,9,36.73
33893,2,179.78
33894,3,93.18
33895,7,164.55
33896,9,51.72
33897,8,236.74
33898,10,478.96
33899,3,179.03
33900,9,106.63
33901,4,489.75
33902,9,62.47
33903,4,18.5
33904,4,82.77
33905,6,77.81
33906,1,29.98
33907,2,274.33
33908,2,445.4
33909,4,459.5
33910,8,114.1
33911,9,469.8
33912,9,332.14
33913,2,318.53
33914,3,52.78
33915,5,316.52
33916,7,181.58
33917,3,475.38
33918,2,39.49
33919,1,227.04
33920,5,172.97
33921,1,365.45
33922,1,26.87
33923,10,49.19
33924,10,318.03
33925,8,67.21
33926,9,23.78
33927,6,317.61
33928,2,486.11
33929,2,420.18
33930,6,21.39
33931,5,62.57
33932,3,365.45
33933,6,39.2
33934,2,65.63
33935,3,453.63
33936,8,390.91
33937,6,39.39
33938,9,99.04
33939,8,403.02
33940,4,287.4
33941,10,247.66
33942,9,14.06
33943,10,298.8
33944,5,306.52
33945,4,251.5
33946,2,304.16
33947,1,145.17
33948,2,158.47
33949,5,196.9
33950,9,255.83
33951,2,395.95
33952,6,378.41
33953,2,30.64
33954,6,282.22
33955,5,274.33
33956,4,176.26
33957,10,42.06
33958,3,239.11
33959,4,480.66
33960,3,157.58
33961,8,310.91
33962,10,374.21
33963,6,99.77
33964,4,344.57
33965,5,243.47
33966,1,404.49
33967,10,426.8
33968,8,279.82
33969,6,368.28
33970,4,460.18
33971,7,465.73
33972,5,423.34
33973,6,268.45
33974,6,257.94
33975,2,59.17
33976,6,181.61
33977,8,51.58
33978,1,226.83
33979,8,186.81
33980,7,498.53
33981,7,455.6
33982,8,44.95
33983,7,60.67
33984,1,149.68
33985,1,132.44
33986,8,111.31
33987,6,124.67
33988,7,269.18
33989,9,42.09
33990,10,416.49
33991,8,272.82
33992,1,363.36
33993,9,198.23
33994,2,460.38
33995,7,306.42
33996,1,412.53
33997,6,130.23
33998,8,170.36
33999,1,375.77
34000,5,482.78
34001,2,136.67
34002,5,126.12
34003,10,138.46
34004,7,375.19
34005,3,205.94
34006,3,212.89
34007,4,302.47
34008,6,56.93
34009,9,62.69
34010,4,271.79
34011,4,102.42
34012,10,325.98
34013,2,166.24
34014,6,451.87
34015,10,373.04
34016,10,88.0
34017,8,240.78
34018,8,53.62
34019,6,271.36
34020,10,482.3
34021,7,67.52
34022,7,21.43
34023,2,110.46
34024,2,128.83
34025,8,255.76
34026,2,402.4
34027,9,241.06
34028,10,394.84
34029,9,324.12
34030,10,91.17
34031,4,38.63
34032,1,462.1
34033,8,476.35
34034,3,411.4
34035,9,156.41
34036,1,306.99
34037,1,429.53
34038,3,320.36
34039,1,296.96
34040,5,210.07
34041,7,336.66
34042,1,173.8
34043,1,213.98
34044,10,22.89
34045,3,409.1
34046,6,369.73
34047,9,265.23
34048,10,233.02
34049,8,322.72
34050,5,22.52
34051,1,138.91
34052,2,294.94
34053,3,499.87
34054,2,211.05
34055,2,252.95
34056,3,103.51
34057,8,289.34
34058,8,383.0
34059,1,288.43
34060,1,171.04
34061,4,406.84
34062,4,382.47
34063,2,340.86
34064,3,171.56
34065,9,491.51
34066,5,229.57
34067,5,268.83
34068,6,32.42
34069,4,50.37
34070,8,485.42
34071,5,357.61
34072,8,68.93
34073,6,457.33
34074,6,35.37
34075,8,58.55
34076,1,15.23
34077,5,281.82
34078,4,446.64
34079,3,223.73
34080,3,415.0
34081,2,80.11
34082,3,361.56
34083,2,456.07
34084,3,208.22
34085,3,33.52
34086,7,345.77
34087,10,188.82
34088,8,163.39
34089,8,60.95
34090,9,222.3
34091,10,394.77
34092,8,78.94
34093,1,405.42
34094,7,426.25
34095,8,129.9
34096,6,469.7
34097,9,229.66
34098,10,137.87
34099,3,427.29
34100,4,68.53
34101,6,63.11
34102,1,439.51
34103,9,48.43
34104,8,261.16
34105,2,498.02
34106,6,424.42
34107,2,454.14
34108,1,299.6
34109,4,349.3
34110,7,218.39
34111,2,247.13
34112,7,186.64
34113,9,52.03
34114,9,444.29
34115,4,403.7
34116,7,489.05
34117,7,43.17
34118,8,47.91
34119,6,177.24
34120,1,447.11
34121,6,275.01
34122,10,105.9
34123,2,403.37
34124,8,478.76
34125,3,419.64
34126,7,140.36
34127,1,394.22
34128,4,142.16
34129,5,160.37
34130,5,40.1
34131,9,265.75
34132,6,300.86
34133,2,37.67
34134,8,231.74
34135,8,163.77
34136,7,195.18
34137,4,163.59
34138,10,10.49
34139,4,415.79
34140,9,43.58
34141,7,382.76
34142,4,89.15
34143,1,239.17
34144,4,281.24
34145,7,171.18
34146,5,124.33
34147,1,61.72
34148,3,482.46
34149,10,296.71
34150,9,308.51
34151,3,75.37
34152,10,460.91
34153,7,54.14
34154,10,391.94
34155,4,162.04
34156,9,252.27
34157,7,31.38
34158,4,59.91
34159,10,271.29
34160,7,74.5
34161,6,106.69
34162,2,457.85
34163,8,62.05
34164,3,388.3
34165,6,75.88
34166,8,67.3
34167,1,207.2
34168,5,210.51
34169,7,185.1
34170,7,189.43
34171,5,25.93
34172,3,321.8
34173,10,51.1
34174,1,115.36
34175,8,140.84
34176,8,104.85
34177,5,187.93
34178,8,488.26
34179,3,413.47
34180,3,156.7
34181,9,367.09
34182,8,221.97
34183,5,46.64
34184,6,242.36
34185,3,69.39
34186,4,479.33
34187,2,350.78
34188,10,50.68
34189,10,491.23
34190,9,459.59
34191,10,436.88
34192,1,92.72
34193,9,88.32
34194,8,222.18
34195,3,97.57
34196,1,252.71
34197,2,387.36
34198,2,115.53
34199,6,23.58
34200,4,102.57
34201,7,264.48
34202,10,150.81
34203,10,151.13
34204,3,252.34
34205,4,218.93
34206,8,146.78
34207,8,101.89
34208,5,172.56
34209,2,475.87
34210,10,454.85
34211,6,142.93
34212,7,274.63
34213,8,87.09
34214,8,346.59
34215,1,137.67
34216,3,450.85
34217,2,244.3
34218,2,248.16
34219,7,491.08
34220,10,486.81
34221,5,143.13
34222,3,326.64
34223,9,102.2
34224,7,114.46
34225,3,143.32
34226,1,452.47
34227,5,92.1
34228,6,484.63
34229,5,495.71
34230,8,475.48
34231,3,34.33
34232,8,123.66
34233,2,197.61
34234,1,273.02
34235,7,398.01
34236,3,142.28
34237,4,313.15
34238,10,242.25
34239,8,201.96
34240,8,484.15
34241,4,72.31
34242,10,288.26
34243,9,118.79
34244,2,279.98
34245,6,307.54
34246,1,187.65
34247,9,157.31
34248,2,296.05
34249,5,261.24
34250,5,214.54
34251,5,344.49
34252,2,42.7
34253,9,265.73
34254,4,365.44
34255,7,231.4
34256,1,217.1
34257,7,304.96
34258,9,398.82
34259,8,126.88
34260,2,24.36
34261,7,130.22
34262,1,465.84
34263,8,92.35
34264,9,192.33
34265,9,72.58
34266,7,41.79
34267,4,160.29
34268,6,148.14
34269,5,309.73
34270,6,495.19
34271,10,19.94
34272,2,243.26
34273,3,412.07
34274,1,352.19
34275,1,45.36
34276,6,187.46
34277,5,300.11
34278,4,169.53
34279,9,66.41
34280,2,84.14
34281,8,471.58
34282,1,47.09
34283,6,127.47
34284,9,252.5
34285,3,334.32
34286,4,421.96
34287,3,301.16
34288,3,413.54
34289,9,339.33
34290,2,331.4
34291,8,146.21
34292,1,37.12
34293,8,133.49
34294,3,199.47
34295,9,452.02
34296,5,113.87
34297,4,333.65
34298,7,30.32
34299,4,166.54
34300,8,483.42
34301,10,146.83
34302,3,150.01
34303,8,94.4
34304,3,87.05
34305,7,150.41
34306,8,83.13
34307,4,324.42
34308,4,159.3
34309,4,87.71
34310,7,31.56
34311,4,98.31
34312,3,332.68
34313,6,193.98
34314,8,328.71
34315,6,268.56
34316,5,344.07
34317,2,411.74
34318,4,22.41
34319,9,402.87
34320,2,368.11
34321,9,378.26
34322,10,357.74
34323,3,151.6
34324,3,147.19
34325,3,303.78
34326,4,184.54
34327,10,251.22
34328,3,77.31
34329,9,121.65
34330,1,382.78
34331,4,298.45
34332,5,312.73
34333,1,410.65
34334,10,96.34
34335,4,209.68
34336,8,271.47
34337,2,145.04
34338,6,178.38
34339,10,162.72
34340,5,369.25
34341,3,394.68
34342,10,452.86
34343,8,461.49
34344,8,81.95
34345,9,102.2
34346,4,110.06
34347,5,271.16
34348,4,247.74
34349,6,192.24
34350,8,322.58
34351,4,251.37
34352,6,55.26
34353,10,105.99
34354,2,62.48
34355,7,171.65
34356,2,81.09
34357,7,133.61
34358,7,350.4
34359,10,195.31
34360,6,421.24
34361,1,183.63
34362,2,412.33
34363,8,55.87
34364,10,326.36
34365,9,119.32
34366,4,396.74
34367,4,123.83
34368,7,91.78
34369,6,175.02
34370,2,110.85
34371,9,159.49
34372,1,356.43
34373,4,367.07
34374,2,48.24
34375,4,226.15
34376,3,21.58
34377,3,74.83
34378,2,488.35
34379,8,121.97
34380,9,499.21
34381,3,319.06
34382,1,481.24
34383,7,274.08
34384,9,350.9
34385,7,216.39
34386,1,377.52
34387,1,316.08
34388,7,405.27
34389,9,481.23
34390,7,403.18
34391,10,377.05
34392,9,428.94
34393,6,477.52
34394,9,473.94
34395,10,92.84
34396,10,383.0
34397,10,392.86
34398,2,52.34
34399,1,73.07
34400,9,159.54
34401,4,267.75
34402,4,166.72
34403,10,129.96
34404,8,190.86
34405,3,312.67
34406,7,307.24
34407,9,374.71
34408,4,437.56
34409,3,37.04
34410,2,423.45
34411,1,425.28
34412,6,392.39
34413,4,94.12
34414,10,348.64
34415,7,457.64
34416,10,44.68
34417,2,334.07
34418,7,196.28
34419,2,490.59
34420,6,55.64
34421,7,153.78
34422,5,462.94
34423,6,306.48
34424,3,104.02
34425,7,390.72
34426,10,241.48
34427,3,221.94
34428,1,35.37
34429,1,11.75
34430,8,11.52
34431,3,88.53
34432,1,374.0
34433,9,256.94
34434,9,159.96
34435,4,457.21
34436,2,108.59
34437,5,313.62
34438,4,67.67
34439,1,483.81
34440,4,285.47
34441,9,326.23
34442,10,118.61
34443,3,315.35
34444,1,162.4
34445,5,89.03
34446,3,126.71
34447,7,71.03
34448,1,384.39
34449,1,335.27
34450,10,454.21
34451,3,375.59
34452,9,315.66
34453,4,359.09
34454,3,43.6
34455,2,29.22
34456,6,380.96
34457,1,458.24
34458,1,427.16
34459,10,250.17
34460,9,158.22
34461,8,341.39
34462,5,469.73
34463,3,352.82
34464,10,224.42
34465,8,418.4
34466,7,423.49
34467,7,338.64
34468,4,60.25
34469,1,34.72
34470,5,173.7
34471,2,302.45
34472,5,78.41
34473,4,197.99
34474,4,90.57
34475,2,136.69
34476,8,390.03
34477,3,325.4
34478,6,16.35
34479,7,407.48
34480,4,121.81
34481,3,488.21
34482,8,455.97
34483,6,29.37
34484,5,454.59
34485,5,262.15
34486,2,252.83
34487,5,376.04
34488,4,496.29
34489,1,401.3
34490,2,205.14
34491,7,360.27
34492,8,473.59
34493,7,119.51
34494,1,463.99
34495,4,237.92
34496,3,421.96
34497,6,245.71
34498,9,138.06
34499,4,207.4
34500,10,68.28
34501,1,60.1
34502,4,395.98
34503,10,283.11
34504,2,12.89
34505,10,167.44
34506,8,282.04
34507,3,94.92
34508,4,466.85
34509,4,342.01
34510,6,269.59
34511,3,115.02
34512,3,331.72
34513,4,413.9
34514,3,80.64
34515,5,47.31
34516,2,136.69
34517,5,476.98
34518,3,104.23
34519,1,188.01
34520,7,394.21
34521,8,231.48
34522,1,366.72
34523,7,62.93
34524,3,185.01
34525,2,248.13
34526,4,157.88
34527,2,23.74
34528,5,124.91
34529,10,272.9
34530,9,466.65
34531,4,352.06
34532,10,23.08
34533,2,223.28
34534,7,138.03
34535,7,473.96
34536,1,385.16
34537,3,414.71
34538,7,335.8
34539,9,242.98
34540,9,179.32
34541,2,228.25
34542,7,335.09
34543,7,66.12
34544,5,250.9
34545,7,461.33
34546,9,169.74
34547,10,233.51
34548,7,158.03
34549,7,286.16
34550,7,190.13
34551,1,99.66
34552,3,241.84
34553,8,352.16
34554,7,311.11
34555,5,496.78
34556,9,99.81
34557,5,403.67
34558,8,195.73
34559,5,154.51
34560,8,337.33
34561,3,30.01
34562,2,103.87
34563,7,260.74
34564,6,463.66
34565,3,485.6
34566,9,47.89
34567,8,73.25
34568,5,94.7
34569,1,474.77
34570,7,376.4
34571,4,477.85
34572,6,87.61
34573,8,321.76
34574,6,406.81
34575,8,75.91
34576,8,232.73
34577,9,104.52
34578,1,405.46
34579,1,81.06
34580,1,104.23
34581,5,103.53
34582,1,461.01
34583,8,237.18
34584,1,363.92
34585,2,73.78
34586,2,421.67
34587,4,98.44
34588,9,276.2
34589,1,429.35
34590,10,176.03
34591,6,14.8
34592,7,418.54
34593,8,70.14
34594,2,34.89
34595,4,44.71
34596,9,189.47
34597,5,375.46
34598,1,221.63
34599,8,447.3
34600,7,142.75
34601,7,78.69
34602,10,399.78
34603,1,335.97
34604,7,168.06
34605,7,180.55
34606,3,497.89
34607,6,436.34
34608,5,457.92
34609,4,246.41
34610,5,90.5
34611,2,395.13
34612,2,188.03
34613,4,281.91
34614,8,471.73
34615,9,251.47
34616,1,385.92
34617,1,288.07
34618,6,142.83
34619,6,37.44
34620,10,110.52
34621,6,316.49
34622,7,127.7
34623,4,262.33
34624,2,101.23
34625,6,417.36
34626,4,485.07
34627,4,220.78
34628,7,85.74
34629,4,251.79
34630,7,37.49
34631,1,318.68
34632,1,228.38
34633,8,126.29
34634,7,215.44
34635,9,31.24
34636,2,222.84
34637,10,324.94
34638,7,17.96
34639,10,16.91
34640,7,325.56
34641,1,31.72
34642,6,299.95
34643,4,372.32
34644,10,293.86
34645,10,490.41
34646,5,141.46
34647,10,43.08
34648,7,51.86
34649,10,31.39
34650,9,224.96
34651,9,441.99
34652,7,331.43
34653,3,472.76
34654,6,460.18
34655,8,445.23
34656,2,313.79
34657,5,362.34
34658,1,265.46
34659,10,28.71
34660,7,22.27
34661,7,124.14
34662,1,295.23
34663,2,357.67
34664,7,439.81
34665,2,456.27
34666,10,116.93
34667,4,465.18
34668,4,131.72
34669,4,152.83
34670,3,271.7
34671,5,336.31
34672,4,97.18
34673,7,136.3
34674,5,409.1
34675,9,56.71
34676,5,296.69
34677,5,213.75
34678,2,397.42
34679,3,321.4
34680,7,280.27
34681,6,488.42
34682,10,63.56
34683,7,238.5
34684,1,318.75
34685,10,133.62
34686,2,225.05
34687,10,489.29
34688,1,217.56
34689,9,488.92
34690,2,78.19
34691,8,429.33
34692,7,25.02
34693,10,270.18
34694,3,475.89
34695,5,457.33
34696,10,447.18
34697,8,42.8
34698,8,35.2
34699,7,249.22
34700,10,202.35
34701,6,26.13
34702,1,389.88
34703,1,99.46
34704,2,342.92
34705,8,314.05
34706,7,158.68
34707,8,13.43
34708,5,347.9
34709,7,334.76
34710,2,207.72
34711,7,43.98
34712,5,223.85
34713,3,172.8
34714,10,179.94
34715,3,424.53
34716,2,216.77
34717,3,255.93
34718,1,95.76
34719,2,395.5
34720,5,97.73
34721,3,408.38
34722,5,254.58
34723,7,297.17
34724,9,178.47
34725,2,113.13
34726,9,46.1
34727,5,450.76
34728,9,20.72
34729,5,140.62
34730,7,123.66
34731,6,346.02
34732,1,411.15
34733,3,466.89
34734,8,477.75
34735,3,309.11
34736,8,59.88
34737,2,61.75
34738,2,485.55
34739,10,29.93
34740,6,265.8
34741,9,152.75
34742,10,499.09
34743,7,320.28
34744,3,193.78
34745,4,54.5
34746,4,495.44
34747,5,296.72
34748,7,23.47
34749,9,43.79
34750,9,88.45
34751,6,472.61
34752,3,63.15
34753,10,334.47
34754,9,477.95
34755,3,75.63
34756,10,116.94
34757,2,162.44
34758,3,425.76
34759,2,48.86
34760,5,246.73
34761,10,348.86
34762,1,136.22
34763,10,368.77
34764,10,386.44
34765,9,471.11
34766,4,48.3
34767,3,18.48
34768,1,163.93
34769,4,295.45
34770,5,129.8
34771,3,453.23
34772,5,179.96
34773,2,465.36
34774,10,335.64
34775,10,112.43
34776,8,351.15
34777,9,142.47
34778,2,11.64
34779,5,290.23
34780,2,138.75
34781,9,231.07
34782,5,97.51
34783,4,12.22
34784,1,296.63
34785,1,418.24
34786,2,271.24
34787,8,39.81
34788,7,322.14
34789,10,375.42
34790,9,106.58
34791,10,82.41
34792,5,37.39
34793,2,194.93
34794,9,466.18
34795,2,390.34
34796,9,399.56
34797,8,128.53
34798,3,458.61
34799,2,409.41
34800,8,442.69
34801,1,232.77
34802,3,46.35
34803,9,314.25
34804,1,221.12
34805,6,325.08
34806,6,218.59
34807,6,124.34
34808,1,34.59
34809,3,223.37
34810,8,50.48
34811,2,232.75
34812,8,228.04
34813,4,340.85
34814,10,465.33
34815,5,440.04
34816,2,352.31
34817,7,56.05
34818,2,274.54
34819,10,263.42
34820,5,390.72
34821,3,329.49
34822,2,258.45
34823,10,98.33
34824,4,35.26
34825,1,440.67
34826,5,307.07
34827,3,453.38
34828,5,212.22
34829,9,316.22
34830,7,318.3
34831,7,412.88
34832,2,67.08
34833,6,237.05
34834,1,55.83
34835,1,424.91
34836,3,39.34
34837,8,123.15
34838,9,457.94
34839,7,206.81
34840,6,337.54
34841,8,446.73
34842,10,174.62
34843,6,246.44
34844,10,30.99
34845,5,43.9
34846,4,277.74
34847,6,45.19
34848,7,487.55
34849,4,327.85
34850,3,400.52
34851,3,178.82
34852,10,401.28
34853,1,205.17
34854,4,178.7
34855,4,69.28
34856,2,351.95
34857,2,334.7
34858,1,24.86
34859,10,485.96
34860,2,95.58
34861,10,268.26
34862,5,266.16
34863,7,56.04
34864,2,57.5
34865,4,442.54
34866,9,22.87
34867,8,435.21
34868,2,37.77
34869,10,55.2
34870,1,469.26
34871,5,361.79
34872,10,122.49
34873,8,307.82
34874,10,456.94
34875,7,120.63
34876,5,167.89
34877,6,365.63
34878,7,277.95
34879,2,313.74
34880,7,94.77
34881,4,446.87
34882,1,14.44
34883,8,124.21
34884,4,238.12
34885,6,244.42
34886,1,263.88
34887,6,41.23
34888,9,416.13
34889,1,470.86
34890,8,252.56
34891,9,120.91
34892,7,267.95
34893,7,41.26
34894,5,204.3
34895,6,481.66
34896,8,181.76
34897,4,42.61
34898,1,467.49
34899,7,434.41
34900,9,308.45
34901,8,161.81
34902,3,242.45
34903,8,468.09
34904,5,266.46
34905,2,96.2
34906,6,181.35
34907,10,57.88
34908,7,179.1
34909,10,411.48
34910,10,132.57
34911,8,133.24
34912,2,336.79
34913,6,280.15
34914,7,411.28
34915,7,267.91
34916,5,463.54
34917,3,227.86
34918,3,186.74
34919,6,425.4
34920,3,437.26
34921,4,421.46
34922,3,144.45
34923,3,102.28
34924,9,369.96
34925,2,76.82
34926,10,148.22
34927,10,225.61
34928,6,491.58
34929,2,33.39
34930,4,290.08
34931,2,161.22
34932,3,339.66
34933,10,37.49
34934,10,158.3
34935,2,226.5
34936,8,414.6
34937,5,315.7
34938,2,287.98
34939,9,109.29
34940,5,287.47
34941,2,64.79
34942,10,360.71
34943,8,25.11
34944,3,444.68
34945,10,41.32
34946,7,293.1
34947,10,119.4
34948,5,363.54
34949,9,386.06
34950,8,212.97
34951,10,478.32
34952,5,375.45
34953,7,226.06
34954,4,457.81
34955,8,81.98
34956,8,423.17
34957,3,45.91
34958,10,353.36
34959,3,247.04
34960,1,359.93
34961,1,208.14
34962,9,328.77
34963,7,152.39
34964,9,254.8
34965,4,157.51
34966,8,467.1
34967,4,341.2
34968,6,261.33
34969,8,104.51
34970,2,51.86
34971,4,189.25
34972,10,98.37
34973,9,197.49
34974,5,166.66
34975,5,163.02
34976,4,68.74
34977,3,455.41
34978,2,437.92
34979,6,466.77
34980,2,109.43
34981,9,100.97
34982,4,489.24
34983,3,315.13
34984,1,357.15
34985,7,11.87
34986,9,485.78
34987,7,344.6
34988,8,487.67
34989,1,240.39
34990,5,408.49
34991,9,465.57
34992,1,381.44
34993,2,261.74
34994,10,314.48
34995,8,60.15
34996,8,465.01
34997,1,274.95
34998,5,282.91
34999,6,467.24
35000,3,250.21
35001,2,45.44
35002,3,251.77
35003,1,238.23
35004,4,484.64
35005,7,50.58
35006,4,101.8
35007,5,37.77
35008,7,422.21
35009,3,421.42
35010,4,199.77
35011,9,490.91
35012,10,405.21
35013,8,285.87
35014,2,401.83
35015,2,113.94
35016,8,122.21
35017,7,199.89
35018,10,355.02
35019,8,449.92
35020,10,225.42
35021,7,395.62
35022,10,224.78
35023,2,196.57
35024,7,196.04
35025,2,381.27
35026,2,222.44
35027,9,95.13
35028,6,294.48
35029,1,36.62
35030,4,466.62
35031,2,499.3
35032,3,231.5
35033,3,51.75
35034,6,70.43
35035,10,402.21
35036,1,307.3
35037,7,379.75
35038,8,117.29
35039,7,242.68
35040,5,482.18
35041,10,83.38
35042,5,80.82
35043,8,264.6
35044,2,414.04
35045,9,423.63
35046,1,168.78
35047,9,180.81
35048,2,72.74
35049,7,61.88
35050,7,261.06
35051,8,439.39
35052,8,16.19
35053,5,140.44
35054,9,233.55
35055,2,454.74
35056,6,267.92
35057,10,375.17
35058,3,382.08
35059,8,281.84
35060,2,486.56
35061,3,346.83
35062,10,257.93
35063,4,361.86
35064,10,345.57
35065,2,299.51
35066,10,114.82
35067,9,216.08
35068,5,87.8
35069,6,43.16
35070,3,356.46
35071,7,42.61
35072,1,297.98
35073,2,364.68
35074,9,358.78
35075,8,248.71
35076,7,332.58
35077,6,103.65
35078,10,400.6
35079,4,488.5
35080,7,360.52
35081,8,121.86
35082,3,216.56
35083,5,497.74
35084,3,223.47
35085,7,387.96
35086,8,113.74
35087,2,138.44
35088,3,411.85
35089,6,332.71
35090,8,340.8
35091,5,127.28
35092,1,498.92
35093,8,45.48
35094,7,79.48
35095,8,206.42
35096,5,245.61
35097,5,265.65
35098,1,324.01
35099,7,132.96
35100,2,122.44
35101,1,206.41
35102,7,456.67
35103,1,364.86
35104,10,353.85
35105,8,80.33
35106,5,173.44
35107,4,491.01
35108,6,436.73
35109,1,304.49
35110,1,47.32
35111,5,399.94
35112,1,207.1
35113,2,38.69
35114,7,317.05
35115,10,418.1
35116,6,346.44
35117,4,324.37
35118,4,344.27
35119,3,220.68
35120,4,242.67
35121,1,174.31
35122,5,112.68
35123,3,362.79
35124,1,486.82
35125,8,284.45
35126,7,472.63
35127,3,148.79
35128,1,194.01
35129,9,110.28
35130,8,408.86
35131,10,377.09
35132,5,361.25
35133,9,246.83
35134,1,400.7
35135,4,378.42
35136,8,322.76
35137,2,31.11
35138,6,194.71
35139,1,373.09
35140,7,230.59
35141,5,61.93
35142,9,198.63
35143,10,165.92
35144,3,150.58
35145,1,320.22
35146,8,353.9
35147,2,164.87
35148,6,494.57
35149,1,232.38
35150,8,486.19
35151,5,160.02
35152,7,316.78
35153,10,99.51
35154,5,281.92
35155,2,289.35
35156,5,91.43
35157,5,360.77
35158,1,430.21
35159,4,206.27
35160,5,374.76
35161,2,299.5
35162,2,359.05
35163,7,34.65
35164,3,357.13
35165,3,219.24
35166,6,455.37
35167,7,251.56
35168,10,313.14
35169,7,193.96
35170,5,122.38
35171,5,451.21
35172,2,446.1
35173,9,495.27
35174,2,426.08
35175,9,341.89
35176,1,273.22
35177,7,186.68
35178,9,197.16
35179,5,209.61
35180,3,331.91
35181,2,349.08
35182,10,118.94
35183,7,273.77
35184,6,244.66
35185,2,93.51
35186,3,359.92
35187,8,220.04
35188,1,342.36
35189,5,161.07
35190,8,403.47
35191,9,199.65
35192,5,333.12
35193,4,448.71
35194,1,134.44
35195,9,35.62
35196,7,78.87
35197,9,382.32
35198,4,165.53
35199,6,320.84
35200,2,148.03
35201,8,25.47
35202,4,462.74
35203,10,50.78
35204,3,465.54
35205,2,83.8
35206,10,409.7
35207,4,475.34
35208,4,318.13
35209,5,68.45
35210,7,213.1
35211,3,478.44
35212,1,218.61
35213,6,202.09
35214,1,422.88
35215,10,11.73
35216,3,262.36
35217,6,399.72
35218,2,44.23
35219,2,360.42
35220,3,24.12
35221,6,26.53
35222,7,440.02
35223,6,191.03
35224,5,363.0
35225,8,491.72
35226,8,338.6
35227,2,326.35
35228,2,447.64
35229,5,459.52
35230,3,437.94
35231,9,241.14
35232,5,368.25
35233,9,471.21
35234,1,405.04
35235,10,22.4
35236,5,464.85
35237,6,86.55
35238,1,174.36
35239,2,485.1
35240,9,479.72
35241,5,369.52
35242,7,145.5
35243,2,434.7
35244,8,81.18
35245,9,62.6
35246,3,92.06
35247,2,158.44
35248,9,271.28
35249,4,213.51
35250,9,26.25
35251,10,165.64
35252,5,461.23
35253,6,380.13
35254,10,354.89
35255,10,229.14
35256,3,429.73
35257,6,438.55
35258,8,28.63
35259,1,179.71
35260,3,266.66
35261,5,149.04
35262,4,440.89
35263,3,314.64
35264,1,358.19
35265,9,53.16
35266,2,218.78
35267,10,484.34
35268,3,311.29
35269,4,287.04
35270,6,366.72
35271,7,54.81
35272,7,55.6
35273,2,14.13
35274,1,109.76
35275,5,317.53
35276,10,346.15
35277,2,401.15
35278,1,313.58
35279,10,463.39
35280,7,27.83
35281,8,238.72
35282,6,229.15
35283,2,187.29
35284,6,199.01
35285,4,291.86
35286,5,253.4
35287,5,447.97
35288,10,40.85
35289,5,419.02
35290,8,260.01
35291,6,313.5
35292,1,293.98
35293,2,305.14
35294,9,462.47
35295,1,297.35
35296,10,313.31
35297,1,185.55
35298,1,427.95
35299,3,200.98
35300,7,384.46
35301,3,366.6
35302,6,369.27
35303,1,124.09
35304,6,427.85
35305,1,259.5
35306,1,127.01
35307,1,425.65
35308,3,145.41
35309,8,463.16
35310,7,335.61
35311,7,281.31
35312,9,461.3
35313,8,368.59
35314,7,470.3
35315,2,37.75
35316,1,491.95
35317,10,333.94
35318,2,13.76
35319,3,449.48
35320,10,369.53
35321,8,93.84
35322,5,387.25
35323,9,175.98
35324,2,177.22
35325,8,27.59
35326,4,136.53
35327,5,398.56
35328,2,225.15
35329,2,335.35
35330,1,124.29
35331,6,410.18
35332,1,173.93
35333,9,121.2
35334,4,482.3
35335,5,420.41
35336,5,129.72
35337,8,149.34
35338,6,38.85
35339,4,207.1
35340,9,479.34
35341,4,286.29
35342,3,258.57
35343,4,194.15
35344,10,329.6
35345,4,133.37
35346,2,485.91
35347,6,77.09
35348,7,141.82
35349,2,328.43
35350,6,469.69
35351,7,475.19
35352,5,113.63
35353,4,417.67
35354,1,179.18
35355,1,378.09
35356,7,289.29
35357,6,58.96
35358,9,79.0
35359,9,96.46
35360,3,176.12
35361,4,459.24
35362,4,28.09
35363,10,405.62
35364,3,446.88
35365,3,146.46
35366,2,54.76
35367,8,67.93
35368,6,354.76
35369,7,470.29
35370,4,65.2
35371,8,398.85
35372,3,394.94
35373,2,177.66
35374,2,385.35
35375,10,461.72
35376,3,411.45
35377,10,443.84
35378,7,13.5
35379,10,252.69
35380,8,103.19
35381,10,313.84
35382,6,59.08
35383,2,21.53
35384,4,318.76
35385,10,273.89
35386,9,264.98
35387,7,105.3
35388,10,154.52
35389,3,120.36
35390,8,435.32
35391,7,381.7
35392,5,163.22
35393,8,474.72
35394,8,27.67
35395,7,134.25
35396,3,76.98
35397,7,112.11
35398,6,43.28
35399,1,477.22
35400,2,85.64
35401,10,499.35
35402,5,139.75
35403,4,275.13
35404,2,162.71
35405,5,37.79
35406,3,243.65
35407,5,60.29
35408,5,222.24
35409,3,86.06
35410,6,288.39
35411,3,254.69
35412,10,99.81
35413,1,240.45
35414,5,48.32
35415,2,153.86
35416,9,198.59
35417,10,414.11
35418,8,259.04
35419,4,492.0
35420,9,444.47
35421,6,104.3
35422,2,381.28
35423,10,372.31
35424,7,222.61
35425,1,430.45
35426,1,449.67
35427,1,371.63
35428,9,296.37
35429,4,370.02
35430,9,369.73
35431,1,42.47
35432,3,47.32
35433,6,350.09
35434,9,432.1
35435,8,481.78
35436,5,136.9
35437,1,40.42
35438,6,134.24
35439,4,324.74
35440,3,72.25
35441,7,156.58
35442,3,118.61
35443,8,90.97
35444,5,391.4
35445,6,437.98
35446,4,256.79
35447,4,159.26
35448,7,330.34
35449,10,296.48
35450,3,357.95
35451,4,84.11
35452,6,107.63
35453,8,242.93
35454,5,390.05
35455,3,323.85
35456,8,40.93
35457,5,278.72
35458,4,382.3
35459,2,150.47
35460,5,365.77
35461,7,75.83
35462,1,168.2
35463,4,256.59
35464,6,447.72
35465,6,275.31
35466,6,492.63
35467,10,58.11
35468,9,287.43
35469,1,117.67
35470,5,241.15
35471,5,144.02
35472,10,292.85
35473,9,173.84
35474,10,381.85
35475,2,70.6
35476,2,119.32
35477,1,404.46
35478,4,81.0
35479,2,450.67
35480,2,429.0
35481,7,59.59
35482,8,215.59
35483,6,473.36
35484,10,233.24
35485,2,323.29
35486,3,398.83
35487,10,263.48
35488,4,117.06
35489,2,80.31
35490,6,466.68
35491,3,329.98
35492,2,10.83
35493,1,452.41
35494,5,402.78
35495,10,277.78
35496,9,244.79
35497,1,184.57
35498,9,152.94
35499,5,393.81
35500,9,440.79
35501,1,275.47
35502,7,210.46
35503,6,264.34
35504,2,164.13
35505,4,314.85
35506,7,86.27
35507,4,387.59
35508,10,488.15
35509,7,145.24
35510,7,290.77
35511,5,288.02
35512,5,221.16
35513,6,350.74
35514,10,453.41
35515,3,17.41
35516,5,266.27
35517,9,187.48
35518,8,451.86
35519,3,190.43
35520,10,52.92
35521,3,333.98
35522,10,344.15
35523,8,450.81
35524,3,213.49
35525,3,188.58
35526,4,461.83
35527,1,304.99
35528,7,214.77
35529,8,492.27
35530,3,176.63
35531,1,248.57
35532,2,76.29
35533,1,16.13
35534,9,149.29
35535,8,189.02
35536,9,260.78
35537,3,81.41
35538,3,342.85
35539,9,167.21
35540,10,119.68
35541,2,252.53
35542,6,257.48
35543,9,413.01
35544,8,110.57
35545,1,499.17
35546,4,274.64
35547,8,495.16
35548,7,225.21
35549,1,341.15
35550,8,445.79
35551,4,226.71
35552,7,469.2
35553,3,282.17
35554,1,109.42
35555,8,441.64
35556,10,463.32
35557,10,132.92
35558,7,373.27
35559,1,53.22
35560,4,495.76
35561,8,267.88
35562,3,106.52
35563,10,143.18
35564,10,372.38
35565,1,463.11
35566,4,159.98
35567,7,84.36
35568,3,315.98
35569,4,204.26
35570,5,45.89
35571,9,428.44
35572,8,225.68
35573,5,175.99
35574,10,145.04
35575,9,272.76
35576,7,262.54
35577,1,275.45
35578,9,461.54
35579,9,458.08
35580,1,297.2
35581,4,91.44
35582,8,303.22
35583,5,153.27
35584,9,385.11
35585,2,243.15
35586,6,475.93
35587,6,480.71
35588,6,419.11
35589,4,304.36
35590,2,316.94
35591,6,167.55
35592,6,23.81
35593,1,381.98
35594,4,34.89
35595,10,347.58
35596,8,462.04
35597,8,435.87
35598,1,334.45
35599,8,481.91
35600,8,37.49
35601,4,481.07
35602,4,75.29
35603,2,420.73
35604,6,438.7
35605,9,388.82
35606,7,112.03
35607,4,356.16
35608,10,71.54
35609,6,267.14
35610,7,238.06
35611,5,119.68
35612,7,21.05
35613,9,345.61
35614,9,265.12
35615,4,202.16
35616,9,346.15
35617,2,466.94
35618,8,368.82
35619,6,13.14
35620,1,346.95
35621,5,359.99
35622,8,488.63
35623,2,271.85
35624,9,263.36
35625,7,340.02
35626,6,45.28
35627,4,51.29
35628,2,444.07
35629,5,90.05
35630,7,229.54
35631,4,391.53
35632,8,133.92
35633,9,366.48
35634,4,273.91
35635,7,155.28
35636,2,39.8
35637,8,278.77
35638,2,94.18
35639,8,426.37
35640,5,313.65
35641,8,218.03
35642,6,477.78
35643,10,280.8
35644,3,117.91
35645,10,41.89
35646,3,246.46
35647,5,316.2
35648,5,478.11
35649,2,265.67
35650,6,213.91
35651,3,126.4
35652,4,270.62
35653,4,63.84
35654,8,98.01
35655,1,27.05
35656,8,78.86
35657,5,324.47
35658,1,372.12
35659,10,334.86
35660,2,365.47
35661,6,487.02
35662,4,35.68
35663,5,170.33
35664,3,469.68
35665,1,321.06
35666,4,181.85
35667,3,323.65
35668,6,455.25
35669,1,428.22
35670,4,294.9
35671,3,414.91
35672,3,213.64
35673,1,470.62
35674,4,36.47
35675,9,429.35
35676,4,317.01
35677,2,421.88
35678,7,395.53
35679,3,366.42
35680,5,391.87
35681,7,59.49
35682,6,326.64
35683,8,308.89
35684,9,335.17
35685,2,423.84
35686,3,102.52
35687,2,345.53
35688,1,414.73
35689,1,274.28
35690,10,304.29
35691,6,207.32
35692,2,492.66
35693,5,453.49
35694,3,366.19
35695,6,112.83
35696,1,496.73
35697,1,406.03
35698,1,88.66
35699,7,45.33
35700,8,277.46
35701,2,92.67
35702,9,298.8
35703,4,74.72
35704,5,469.32
35705,5,77.39
35706,3,381.46
35707,4,337.96
35708,2,376.41
35709,8,263.27
35710,7,97.07
35711,2,367.12
35712,3,242.81
35713,6,329.21
35714,6,224.61
35715,1,244.1
35716,3,43.1
35717,5,442.24
35718,7,117.1
35719,6,36.96
35720,3,41.44
35721,3,50.39
35722,1,194.85
35723,2,69.79
35724,5,439.04
35725,1,376.32
35726,7,479.57
35727,6,175.33
35728,9,101.26
35729,1,344.62
35730,5,380.69
35731,3,395.45
35732,5,186.08
35733,7,57.44
35734,10,160.56
35735,7,172.98
35736,8,11.2
35737,3,116.72
35738,9,337.56
35739,10,406.85
35740,4,403.94
35741,3,316.36
35742,3,378.92
35743,4,358.78
35744,8,225.34
35745,1,302.8
35746,10,411.7
35747,4,434.81
35748,3,183.5
35749,2,253.16
35750,2,104.15
35751,6,255.29
35752,2,342.39
35753,2,192.97
35754,6,498.2
35755,5,284.01
35756,10,132.36
35757,1,438.81
35758,9,241.54
35759,4,16.43
35760,2,208.08
35761,9,266.16
35762,1,161.27
35763,2,60.76
35764,3,444.68
35765,2,333.68
35766,7,70.07
35767,10,338.53
35768,1,218.31
35769,2,33.78
35770,3,365.5
35771,7,241.1
35772,7,431.46
35773,10,240.13
35774,9,22.37
35775,5,289.98
35776,4,61.34
35777,4,363.68
35778,4,350.79
35779,5,276.46
35780,6,188.0
35781,5,292.34
35782,9,177.4
35783,5,493.4
35784,8,50.86
35785,8,62.53
35786,6,210.87
35787,9,291.87
35788,7,133.83
35789,3,84.02
35790,5,391.83
35791,10,199.33
35792,2,406.89
35793,2,169.39
35794,9,301.7
35795,7,10.96
35796,10,106.45
35797,3,200.09
35798,5,106.18
35799,10,83.36
35800,3,19.55
35801,5,261.08
35802,5,19.79
35803,6,81.2
35804,8,385.9
35805,9,64.05
35806,2,332.76
35807,10,487.94
35808,4,373.54
35809,3,149.51
35810,8,58.27
35811,3,177.39
35812,10,311.69
35813,10,353.23
35814,7,385.95
35815,4,311.14
35816,4,60.54
35817,7,288.79
35818,3,421.06
35819,2,473.1
35820,9,191.15
35821,9,132.69
35822,8,128.48
35823,5,122.15
35824,10,20.01
35825,9,183.77
35826,8,353.21
35827,5,203.3
35828,9,440.61
35829,7,356.68
35830,6,345.55
35831,10,242.14
35832,2,492.14
35833,5,462.7
35834,3,473.23
35835,8,29.39
35836,6,193.39
35837,8,439.87
35838,3,27.05
35839,1,362.94
35840,4,213.36
35841,9,406.97
35842,10,35.57
35843,10,221.75
35844,4,163.6
35845,4,422.53
35846,3,25.58
35847,9,239.78
35848,7,231.4
35849,2,90.22
35850,10,141.74
35851,5,367.48
35852,2,191.42
35853,1,483.87
35854,2,83.36
35855,8,365.28
35856,8,104.75
35857,7,206.06
35858,1,486.57
35859,7,326.33
35860,3,253.37
35861,5,479.13
35862,5,232.58
35863,1,414.45
35864,10,477.92
35865,7,240.58
35866,6,16.62
35867,2,221.56
35868,4,299.52
35869,6,75.21
35870,6,340.39
35871,6,172.94
35872,8,473.37
35873,8,209.8
35874,9,70.1
35875,3,420.71
35876,1,27.77
35877,6,215.5
35878,6,346.33
35879,6,468.78
35880,1,377.31
35881,5,20.0
35882,5,107.61
35883,10,109.94
35884,8,87.36
35885,8,430.41
35886,8,330.19
35887,6,306.94
35888,4,121.34
35889,10,330.18
35890,3,150.15
35891,4,283.7
35892,5,281.53
35893,3,130.98
35894,3,276.93
35895,1,57.52
35896,8,40.63
35897,7,108.65
35898,9,470.73
35899,2,277.3
35900,9,406.85
35901,4,276.35
35902,10,345.76
35903,6,386.91
35904,4,145.77
35905,6,471.23
35906,8,350.65
35907,2,75.48
35908,9,149.57
35909,4,381.38
35910,5,379.55
35911,6,280.81
35912,9,237.32
35913,1,133.31
35914,10,370.32
35915,2,288.02
35916,2,278.03
35917,8,117.39
35918,4,372.52
35919,6,59.91
35920,6,35.41
35921,7,482.3
35922,4,422.23
35923,5,143.94
35924,6,484.0
35925,10,382.59
35926,4,472.47
35927,9,368.6
35928,9,124.9
35929,4,112.92
35930,9,248.46
35931,4,169.97
35932,9,38.91
35933,9,89.18
35934,10,467.71
35935,10,348.47
35936,10,376.43
35937,2,148.73
35938,9,272.76
35939,6,472.93
35940,6,42.78
35941,6,211.16
35942,5,207.65
35943,3,424.37
35944,3,236.68
35945,1,28.23
35946,4,201.82
35947,8,28.7
35948,9,244.64
35949,5,419.01
35950,9,457.36
35951,1,484.57
35952,9,449.88
35953,10,63.29
35954,3,314.06
35955,5,227.03
35956,4,105.85
35957,8,249.41
35958,10,290.42
35959,4,260.05
35960,5,392.1
35961,1,65.6
35962,1,107.62
35963,8,220.62
35964,1,459.03
35965,10,63.15
35966,2,371.31
35967,10,286.88
35968,1,395.1
35969,8,293.99
35970,8,116.08
35971,1,257.04
35972,3,249.11
35973,2,489.21
35974,7,91.4
35975,3,454.21
35976,6,248.22
35977,5,45.2
35978,10,14.53
35979,3,72.9
35980,2,67.27
35981,9,259.0
35982,10,323.93
35983,2,281.89
35984,7,433.94
35985,8,17.1
35986,5,49.11
35987,10,167.7
35988,8,88.14
35989,5,53.47
35990,7,283.14
35991,9,478.29
35992,5,181.67
35993,4,365.74
35994,10,483.05
35995,2,316.69
35996,6,107.82
35997,5,14.58
35998,4,154.01
35999,5,289.33
36000,4,30.38
36001,9,42.34
36002,1,240.85
36003,10,295.71
36004,4,142.44
36005,7,185.26
36006,4,298.98
36007,1,420.59
36008,3,200.21
36009,5,428.02
36010,6,424.34
36011,4,311.27
36012,3,165.3
36013,10,300.72
36014,2,225.95
36015,9,422.82
36016,3,245.62
36017,6,101.15
36018,3,231.76
36019,8,429.15
36020,3,367.94
36021,7,107.8
36022,9,476.01
36023,2,468.12
36024,8,64.01
36025,9,41.0
36026,9,418.78
36027,6,267.51
36028,8,258.38
36029,1,391.31
36030,3,156.06
36031,6,16.1
36032,6,232.29
36033,9,113.69
36034,5,97.19
36035,2,468.14
36036,4,441.62
36037,6,241.99
36038,7,54.91
36039,5,155.41
36040,1,171.13
36041,10,288.81
36042,10,278.82
36043,4,50.57
36044,6,93.99
36045,8,358.32
36046,10,51.31
36047,1,342.52
36048,5,223.07
36049,6,469.37
36050,7,191.05
36051,4,14.75
36052,1,22.5
36053,9,377.0
36054,6,329.3
36055,4,86.67
36056,5,76.61
36057,1,324.47
36058,3,82.58
36059,5,237.81
36060,1,138.19
36061,9,469.69
36062,5,255.52
36063,6,33.8
36064,2,108.57
36065,8,77.52
36066,6,19.81
36067,10,126.15
36068,1,424.56
36069,9,165.44
36070,9,343.06
36071,8,168.29
36072,2,441.46
36073,4,88.42
36074,10,155.83
36075,7,160.14
36076,2,19.61
36077,10,66.88
36078,3,23.21
36079,8,223.49
36080,6,460.05
36081,4,318.87
36082,8,65.89
36083,8,446.01
36084,7,76.64
36085,9,372.85
36086,3,233.96
36087,10,252.47
36088,4,132.87
36089,4,95.4
36090,5,264.62
36091,8,139.93
36092,7,256.37
36093,1,68.48
36094,6,39.89
36095,8,244.14
36096,5,231.2
36097,6,25.87
36098,2,498.05
36099,9,70.05
36100,8,103.73
36101,7,162.41
36102,1,338.03
36103,10,371.58
36104,9,13.27
36105,3,22.71
36106,4,287.45
36107,9,328.93
36108,2,354.0
36109,8,367.35
36110,5,227.1
36111,6,481.31
36112,6,155.43
36113,5,448.77
36114,9,274.76
36115,9,174.29
36116,1,106.61
36117,8,89.65
36118,10,110.43
36119,5,432.84
36120,9,396.1
36121,9,330.1
36122,9,74.94
36123,7,18.4
36124,5,215.74
36125,1,407.91
36126,9,254.67
36127,9,159.39
36128,3,92.3
36129,6,384.67
36130,4,396.72
36131,5,447.88
36132,10,441.83
36133,8,216.13
36134,9,79.89
36135,6,72.9
36136,4,258.43
36137,6,385.6
36138,8,160.47
36139,4,354.94
36140,10,303.71
36141,6,405.72
36142,6,163.33
36143,9,122.28
36144,1,223.43
36145,6,350.41
36146,5,45.24
36147,10,409.2
36148,8,323.59
36149,5,437.14
36150,4,72.48
36151,8,288.66
36152,1,101.02
36153,3,468.55
36154,2,388.45
36155,4,342.35
36156,8,447.4
36157,1,332.08
36158,3,320.98
36159,3,267.4
36160,9,307.75
36161,8,399.75
36162,3,497.77
36163,7,24.86
36164,6,78.08
36165,7,424.84
36166,2,24.94
36167,9,150.75
36168,1,406.65
36169,7,382.9
36170,8,242.23
36171,8,175.25
36172,3,128.69
36173,7,103.93
36174,8,240.56
36175,7,368.27
36176,3,67.0
36177,9,173.97
36178,8,88.62
36179,3,262.26
36180,1,408.56
36181,5,355.05
36182,4,204.04
36183,2,225.11
36184,5,478.0
36185,3,371.62
36186,9,455.11
36187,9,223.55
36188,2,294.84
36189,2,266.03
36190,10,440.88
36191,2,455.6
36192,5,166.37
36193,3,359.8
36194,6,322.66
36195,8,431.54
36196,1,133.17
36197,2,459.25
36198,3,370.07
36199,4,424.62
36200,3,285.13
36201,5,469.72
36202,2,202.13
36203,10,71.69
36204,8,329.45
36205,4,473.54
36206,10,124.11
36207,2,338.39
36208,7,331.39
36209,10,20.13
36210,4,221.59
36211,6,230.73
36212,7,268.57
36213,10,249.8
36214,10,328.76
36215,2,304.4
36216,2,29.11
36217,2,275.68
36218,6,143.06
36219,6,381.26
36220,5,150.37
36221,8,436.55
36222,4,448.99
36223,2,350.68
36224,8,57.78
36225,5,246.95
36226,10,442.5
36227,1,400.1
36228,8,310.12
36229,4,79.85
36230,6,109.41
36231,8,131.73
36232,3,107.41
36233,6,382.24
36234,7,83.96
36235,1,354.47
36236,8,91.64
36237,7,411.0
36238,10,128.84
36239,9,361.3
36240,9,389.21
36241,3,476.07
36242,2,470.69
36243,7,79.59
36244,4,304.75
36245,7,114.73
36246,5,471.39
36247,9,251.08
36248,3,75.55
36249,4,367.01
36250,10,38.11
36251,4,401.35
36252,3,199.22
36253,10,389.79
36254,7,118.6
36255,5,134.79
36256,9,113.05
36257,5,64.64
36258,1,425.01
36259,5,175.27
36260,9,309.43
36261,1,44.38
36262,4,322.08
36263,8,394.52
36264,3,280.12
36265,8,165.31
36266,7,208.04
36267,9,499.92
36268,8,105.38
36269,6,351.39
36270,8,417.66
36271,1,237.42
36272,8,261.28
36273,7,498.02
36274,6,424.76
36275,3,219.43
36276,8,75.74
36277,4,47.63
36278,7,343.64
36279,3,32.6
36280,1,458.73
36281,7,185.58
36282,8,291.07
36283,7,380.4
36284,6,265.88
36285,4,156.72
36286,5,349.65
36287,8,469.57
36288,8,418.98
36289,7,375.94
36290,4,204.4
36291,10,198.55
36292,4,228.76
36293,7,68.65
36294,1,421.3
36295,6,492.59
36296,8,253.56
36297,7,246.14
36298,5,37.94
36299,10,180.82
36300,1,203.99
36301,10,91.65
36302,2,377.19
36303,10,469.53
36304,2,52.56
36305,6,220.12
36306,3,312.03
36307,3,233.01
36308,9,70.98
36309,4,208.58
36310,5,343.8
36311,1,388.32
36312,5,222.4
36313,8,460.45
36314,4,451.6
36315,9,125.99
36316,6,395.94
36317,1,83.97
36318,8,284.6
36319,3,340.93
36320,7,108.86
36321,2,139.47
36322,2,121.97
36323,1,104.56
36324,10,230.86
36325,6,49.88
36326,2,96.55
36327,2,46.26
36328,10,21.96
36329,8,475.07
36330,4,438.74
36331,9,166.45
36332,4,232.84
36333,5,464.45
36334,8,213.67
36335,2,173.77
36336,9,369.78
36337,10,478.71
36338,8,386.43
36339,9,438.22
36340,1,11.57
36341,2,46.74
36342,1,184.67
36343,3,54.63
36344,5,20.21
36345,8,217.33
36346,7,246.11
36347,7,353.73
36348,2,310.81
36349,7,382.63
36350,7,151.93
36351,4,129.3
36352,4,233.33
36353,4,70.18
36354,8,413.13
36355,5,224.59
36356,1,492.91
36357,2,29.6
36358,8,234.34
36359,6,130.8
36360,10,210.63
36361,2,142.34
36362,5,54.34
36363,8,397.5
36364,6,245.13
36365,10,272.59
36366,1,95.94
36367,3,37.98
36368,10,424.88
36369,4,172.22
36370,6,45.2
36371,1,477.62
36372,9,232.34
36373,6,176.91
36374,7,254.31
36375,1,15.14
36376,8,183.36
36377,9,235.19
36378,2,497.15
36379,9,19.47
36380,9,234.83
36381,4,144.39
36382,2,202.02
36383,9,215.22
36384,1,54.62
36385,9,108.02
36386,2,192.03
36387,6,378.71
36388,3,433.85
36389,8,487.6
36390,1,32.19
36391,6,210.19
36392,1,259.32
36393,7,104.43
36394,9,476.75
36395,5,51.92
36396,7,78.74
36397,9,162.79
36398,2,406.9
36399,5,138.8
36400,5,200.64
36401,1,364.12
36402,8,293.87
36403,4,92.33
36404,2,387.66
36405,4,289.94
36406,8,213.51
36407,9,445.24
36408,6,106.24
36409,10,123.66
36410,6,193.83
36411,5,65.15
36412,6,50.54
36413,9,206.83
36414,2,276.51
36415,10,462.19
36416,8,263.98
36417,10,386.02
36418,6,212.07
36419,8,364.09
36420,10,198.33
36421,8,353.93
36422,8,347.2
36423,10,187.61
36424,9,265.11
36425,1,368.02
36426,9,167.96
36427,10,332.76
36428,7,223.87
36429,3,68.04
36430,7,428.55
36431,4,493.21
36432,5,267.6
36433,9,495.37
36434,7,376.93
36435,9,21.67
36436,1,171.6
36437,2,328.41
36438,9,149.43
36439,3,334.11
36440,7,462.28
36441,2,373.06
36442,3,81.75
36443,1,189.2
36444,4,167.82
36445,6,321.59
36446,9,266.38
36447,9,119.45
36448,3,194.44
36449,3,365.9
36450,8,129.71
36451,9,98.31
36452,7,485.91
36453,1,223.8
36454,8,27.65
36455,3,189.42
36456,1,465.7
36457,2,438.72
36458,8,367.56
36459,10,92.2
36460,7,486.16
36461,2,312.94
36462,9,357.17
36463,1,308.43
36464,6,456.66
36465,1,395.69
36466,10,308.63
36467,3,130.09
36468,4,221.31
36469,4,205.89
36470,6,346.51
36471,1,50.16
36472,10,495.75
36473,8,114.87
36474,2,53.99
36475,3,21.07
36476,3,436.93
36477,3,97.15
36478,7,128.62
36479,2,249.37
36480,2,313.0
36481,4,499.09
36482,10,72.82
36483,8,128.86
36484,5,454.5
36485,1,306.99
36486,6,274.13
36487,4,166.91
36488,7,296.87
36489,4,393.2
36490,7,392.64
36491,7,78.15
36492,3,294.93
36493,10,495.28
36494,7,489.1
36495,7,411.54
36496,10,18.42
36497,8,145.84
36498,7,217.33
36499,4,255.88
36500,10,51.22
36501,3,268.59
36502,1,14.55
36503,4,324.81
36504,1,319.85
36505,7,20.46
36506,4,44.95
36507,2,234.55
36508,4,348.28
36509,4,200.89
36510,3,124.77
36511,4,108.9
36512,2,278.51
36513,5,178.22
36514,5,337.19
36515,10,465.65
36516,6,411.73
36517,6,87.31
36518,9,343.79
36519,9,291.72
36520,3,180.55
36521,7,233.93
36522,2,120.08
36523,3,434.85
36524,4,230.72
36525,1,293.89
36526,4,61.26
36527,5,465.18
36528,5,152.88
36529,4,305.78
36530,2,171.22
36531,4,118.57
36532,6,284.65
36533,4,349.17
36534,7,186.8
36535,10,16.4
36536,3,499.83
36537,2,257.59
36538,9,310.14
36539,7,156.83
36540,10,435.71
36541,1,130.97
36542,1,384.73
36543,7,238.22
36544,10,300.36
36545,4,149.17
36546,9,371.34
36547,7,317.67
36548,1,198.13
36549,7,41.64
36550,2,339.6
36551,8,422.37
36552,8,77.97
36553,7,247.65
36554,4,158.85
36555,1,490.94
36556,9,277.77
36557,8,253.12
36558,8,389.68
36559,6,461.48
36560,4,278.55
36561,7,279.2
36562,8,356.68
36563,8,111.99
36564,5,326.91
36565,3,60.08
36566,1,366.36
36567,9,310.62
36568,4,63.24
36569,10,257.49
36570,4,363.11
36571,10,473.66
36572,10,373.93
36573,4,484.77
36574,5,75.55
36575,1,171.44
36576,7,256.24
36577,8,119.86
36578,6,407.81
36579,3,204.04
36580,6,480.99
36581,6,441.78
36582,10,451.61
36583,9,466.34
36584,6,128.99
36585,1,401.47
36586,7,68.05
36587,1,447.2
36588,7,470.21
36589,1,414.65
36590,6,63.41
36591,1,57.63
36592,10,362.08
36593,6,11.6
36594,10,403.92
36595,9,375.55
36596,3,203.68
36597,7,80.26
36598,2,214.66
36599,8,181.99
36600,3,425.45
36601,6,291.07
36602,6,419.78
36603,2,190.92
36604,8,368.27
36605,4,293.77
36606,5,100.68
36607,8,496.55
36608,3,328.53
36609,9,298.23
36610,10,430.25
36611,6,311.13
36612,8,379.53
36613,7,495.86
36614,2,291.42
36615,5,217.45
36616,6,195.55
36617,2,395.41
36618,1,398.75
36619,3,325.05
36620,9,260.61
36621,5,338.8
36622,10,246.91
36623,10,158.45
36624,8,71.93
36625,4,348.96
36626,6,75.45
36627,9,77.39
36628,9,15.1
36629,9,88.72
36630,4,57.73
36631,4,496.35
36632,1,334.83
36633,3,181.19
36634,1,15.68
36635,3,389.95
36636,10,379.49
36637,9,315.66
36638,5,89.23
36639,7,291.21
36640,9,32.24
36641,8,276.25
36642,6,125.88
36643,7,252.62
36644,1,297.41
36645,8,441.74
36646,9,376.79
36647,1,379.62
36648,2,197.73
36649,4,67.72
36650,3,470.35
36651,8,463.64
36652,9,334.53
36653,9,361.9
36654,2,222.93
36655,3,202.24
36656,7,309.58
36657,8,141.58
36658,3,88.5
36659,4,439.79
36660,4,460.77
36661,9,463.04
36662,5,159.22
36663,5,205.88
36664,2,235.64
36665,6,157.93
36666,6,462.27
36667,8,410.15
36668,2,226.13
36669,1,154.33
36670,5,325.38
36671,5,328.54
36672,2,188.07
36673,4,199.22
36674,2,136.26
36675,2,346.82
36676,9,441.82
36677,4,46.3
36678,4,84.05
36679,9,63.79
36680,7,403.39
36681,1,157.85
36682,10,60.93
36683,6,202.66
36684,2,15.48
36685,1,462.93
36686,3,221.6
36687,8,470.57
36688,9,344.31
36689,6,44.69
36690,5,497.95
36691,1,323.99
36692,7,151.09
36693,1,174.89
36694,5,478.55
36695,6,60.49
36696,3,256.29
36697,3,496.52
36698,3,314.81
36699,3,447.86
36700,10,276.69
36701,2,423.89
36702,7,405.69
36703,5,407.39
36704,10,243.09
36705,5,267.15
36706,4,399.68
36707,6,400.19
36708,6,252.7
36709,9,189.23
36710,2,379.07
36711,4,111.0
36712,8,182.33
36713,10,388.23
36714,4,135.26
36715,9,101.64
36716,4,278.67
36717,2,256.04
36718,2,204.68
36719,5,197.79
36720,8,385.36
36721,7,285.33
36722,10,337.26
36723,3,377.69
36724,3,161.87
36725,8,209.19
36726,1,241.49
36727,6,239.72
36728,10,226.83
36729,2,102.98
36730,6,375.46
36731,7,101.94
36732,8,331.13
36733,3,60.93
36734,7,410.12
36735,7,82.3
36736,5,412.32
36737,10,145.05
36738,5,237.9
36739,3,396.14
36740,3,162.57
36741,6,336.79
36742,7,303.76
36743,10,271.79
36744,8,163.15
36745,2,315.93
36746,9,300.14
36747,4,340.5
36748,4,204.77
36749,4,312.33
36750,7,498.64
36751,2,162.83
36752,5,251.39
36753,6,477.08
36754,10,291.03
36755,8,252.9
36756,2,291.94
36757,5,170.87
36758,6,498.34
36759,10,202.39
36760,5,28.94
36761,10,447.6
36762,8,232.31
36763,5,51.27
36764,9,147.93
36765,3,460.23
36766,5,413.01
36767,6,426.29
36768,4,482.17
36769,3,489.96
36770,4,422.91
36771,3,497.13
36772,7,297.63
36773,8,103.33
36774,1,169.53
36775,8,98.48
36776,9,221.07
36777,6,409.43
36778,4,73.41
36779,7,55.21
36780,7,312.83
36781,8,490.8
36782,5,290.63
36783,4,323.23
36784,10,146.19
36785,3,91.39
36786,10,399.66
36787,9,402.56
36788,6,163.89
36789,5,430.55
36790,1,37.26
36791,7,463.92
36792,9,269.31
36793,4,403.28
36794,1,316.36
36795,10,214.5
36796,3,22.2
36797,6,370.81
36798,4,123.95
36799,7,429.97
36800,1,388.06
36801,8,209.99
36802,9,436.34
36803,8,51.73
36804,3,375.81
36805,9,279.36
36806,7,129.91
36807,1,368.69
36808,7,379.31
36809,8,454.82
36810,6,478.09
36811,5,32.8
36812,8,387.25
36813,5,274.11
36814,9,364.07
36815,2,480.93
36816,7,433.34
36817,3,466.45
36818,5,115.8
36819,9,54.92
36820,8,247.82
36821,2,380.58
36822,8,155.06
36823,3,342.12
36824,9,306.19
36825,5,102.77
36826,9,343.61
36827,8,88.42
36828,3,236.0
36829,9,392.88
36830,5,22.26
36831,7,170.56
36832,1,364.81
36833,9,13.94
36834,10,322.75
36835,4,62.67
36836,5,226.19
36837,6,309.34
36838,5,279.45
36839,9,432.08
36840,8,175.81
36841,5,27.59
36842,4,98.23
36843,5,179.0
36844,9,260.64
36845,10,125.24
36846,3,422.86
36847,9,41.96
36848,8,52.69
36849,1,278.83
36850,3,468.58
36851,9,68.67
36852,5,37.5
36853,4,135.86
36854,8,234.16
36855,10,398.32
36856,4,113.41
36857,8,391.56
36858,4,185.0
36859,9,426.52
36860,6,144.21
36861,1,339.6
36862,7,249.17
36863,9,56.23
36864,9,341.12
36865,3,377.8
36866,2,434.95
36867,2,309.94
36868,8,390.66
36869,7,339.04
36870,8,164.55
36871,9,372.96
36872,4,445.19
36873,6,195.13
36874,4,264.05
36875,3,453.57
36876,3,98.67
36877,1,497.06
36878,10,453.83
36879,8,233.46
36880,4,26.26
36881,5,489.05
36882,10,394.77
36883,6,454.87
36884,8,417.08
36885,1,321.81
36886,4,221.9
36887,2,339.35
36888,5,436.16
36889,4,199.73
36890,4,79.32
36891,1,53.02
36892,6,408.73
36893,7,44.92
36894,2,135.42
36895,10,424.81
36896,2,369.59
36897,3,272.91
36898,7,341.62
36899,4,60.91
36900,10,137.48
36901,2,419.67
36902,10,437.8
36903,10,479.48
36904,7,461.27
36905,6,342.83
36906,2,270.47
36907,9,37.22
36908,3,13.08
36909,4,55.15
36910,3,59.74
36911,9,16.41
36912,7,44.22
36913,5,462.97
36914,3,40.26
36915,2,279.19
36916,5,374.21
36917,6,369.82
36918,10,242.55
36919,4,15.89
36920,10,265.16
36921,7,166.49
36922,3,246.52
36923,4,264.65
36924,2,213.95
36925,6,280.8
36926,6,215.06
36927,3,344.69
36928,6,151.21
36929,1,371.56
36930,4,221.74
36931,7,170.33
36932,9,59.12
36933,6,137.81
36934,1,416.93
36935,9,485.61
36936,6,345.3
36937,2,230.62
36938,8,99.14
36939,10,223.96
36940,3,293.38
36941,4,364.03
36942,5,376.04
36943,7,245.51
36944,9,157.41
36945,7,46.38
36946,8,102.92
36947,8,155.84
36948,1,332.92
36949,7,365.76
36950,7,228.6
36951,5,318.96
36952,1,58.77
36953,9,362.73
36954,5,237.47
36955,7,456.24
36956,10,303.13
36957,6,103.62
36958,10,194.12
36959,8,480.77
36960,3,144.1
36961,1,279.51
36962,5,338.84
36963,7,185.75
36964,3,440.46
36965,6,196.95
36966,3,346.27
36967,8,71.24
36968,1,101.88
36969,9,268.65
36970,2,405.0
36971,5,319.56
36972,4,233.58
36973,1,452.17
36974,6,324.99
36975,3,196.12
36976,10,207.03
36977,1,438.89
36978,1,366.56
36979,6,36.94
36980,10,232.48
36981,3,88.86
36982,2,233.29
36983,1,212.24
36984,8,227.51
36985,5,426.94
36986,2,260.66
36987,4,15.55
36988,2,205.42
36989,7,256.13
36990,5,71.45
36991,7,440.88
36992,4,464.34
36993,7,50.2
36994,10,56.38
36995,4,165.18
36996,10,448.13
36997,7,188.28
36998,3,238.03
36999,9,251.3
37000,9,65.08
37001,9,396.8
37002,5,340.3
37003,5,429.12
37004,7,100.6
37005,4,259.57
37006,3,202.58
37007,8,38.4
37008,10,151.81
37009,2,283.02
37010,8,342.36
37011,2,440.55
37012,7,441.7
37013,5,45.6
37014,2,138.76
37015,7,35.46
37016,10,293.53
37017,3,297.15
37018,4,220.31
37019,4,387.16
37020,3,264.16
37021,3,307.31
37022,10,405.0
37023,1,394.49
37024,2,114.12
37025,5,248.03
37026,1,470.0
37027,7,250.12
37028,4,273.73
37029,7,199.79
37030,6,43.08
37031,7,193.44
37032,8,410.3
37033,8,496.43
37034,4,437.61
37035,3,245.68
37036,10,478.08
37037,2,155.49
37038,9,126.05
37039,8,340.31
37040,1,177.96
37041,4,16.81
37042,4,114.2
37043,7,383.2
37044,1,453.41
37045,5,220.42
37046,8,460.02
37047,6,47.11
37048,9,341.57
37049,9,282.65
37050,3,439.94
37051,1,128.01
37052,3,155.36
37053,9,309.92
37054,4,194.53
37055,5,444.95
37056,8,141.18
37057,6,230.03
37058,7,223.78
37059,4,289.15
37060,5,18.73
37061,2,289.81
37062,3,253.43
37063,9,395.28
37064,5,357.35
37065,3,249.47
37066,6,300.5
37067,8,305.76
37068,3,237.5
37069,1,50.71
37070,10,83.91
37071,7,237.02
37072,10,164.19
37073,10,319.08
37074,4,130.56
37075,2,489.36
37076,2,304.32
37077,6,67.96
37078,8,25.04
37079,9,233.33
37080,2,213.99
37081,1,268.86
37082,2,239.2
37083,4,403.11
37084,8,203.76
37085,4,170.3
37086,5,84.81
37087,2,219.73
37088,5,171.46
37089,9,136.86
37090,6,155.77
37091,8,75.43
37092,5,323.38
37093,8,179.44
37094,4,398.01
37095,9,229.37
37096,10,347.36
37097,3,333.81
37098,2,148.35
37099,9,82.6
37100,10,92.28
37101,8,309.08
37102,3,189.91
37103,10,368.37
37104,10,196.76
37105,7,485.95
37106,6,14.08
37107,7,22.52
37108,2,206.99
37109,6,267.78
37110,7,183.39
37111,2,179.67
37112,1,126.55
37113,6,191.28
37114,2,402.75
37115,9,341.98
37116,1,213.84
37117,1,184.19
37118,8,245.23
37119,3,323.38
37120,4,482.18
37121,1,29.67
37122,5,369.36
37123,4,274.57
37124,1,453.14
37125,7,488.3
37126,10,305.28
37127,4,252.08
37128,3,391.48
37129,4,216.73
37130,2,16.58
37131,10,365.43
37132,8,334.63
37133,8,92.75
37134,2,292.47
37135,7,106.99
37136,1,347.18
37137,10,443.83
37138,7,171.93
37139,7,276.35
37140,1,142.2
37141,8,100.2
37142,6,107.55
37143,8,445.93
37144,1,19.99
37145,4,171.86
37146,8,439.43
37147,8,453.98
37148,3,14.85
37149,6,469.9
37150,6,16.96
37151,2,377.32
37152,8,471.93
37153,10,15.79
37154,1,329.71
37155,3,298.81
37156,5,80.82
37157,3,184.09
37158,5,441.07
37159,4,326.67
37160,5,308.49
37161,4,95.32
37162,2,462.09
37163,5,107.56
37164,1,79.12
37165,9,332.23
37166,4,130.61
37167,1,116.84
37168,2,127.05
37169,3,491.16
37170,7,369.66
37171,1,446.51
37172,8,474.43
37173,5,156.07
37174,4,15.86
37175,9,59.94
37176,1,421.47
37177,8,455.6
37178,9,16.53
37179,9,249.13
37180,7,245.44
37181,5,176.38
37182,4,152.22
37183,4,367.27
37184,6,342.31
37185,8,261.05
37186,4,233.24
37187,2,342.64
37188,9,382.32
37189,1,107.61
37190,7,435.1
37191,4,201.93
37192,8,355.7
37193,6,21.78
37194,1,163.3
37195,4,129.23
37196,6,57.78
37197,2,203.59
37198,8,282.62
37199,5,490.43
37200,6,343.41
37201,8,316.34
37202,4,212.13
37203,3,182.08
37204,4,16.28
37205,5,334.44
37206,3,405.41
37207,1,92.72
37208,4,101.41
37209,3,206.71
37210,10,308.34
37211,8,76.13
37212,9,237.35
37213,3,100.37
37214,5,375.06
37215,1,297.85
37216,8,171.84
37217,2,11.81
37218,3,288.59
37219,10,318.89
37220,5,492.08
37221,10,391.38
37222,10,212.3
37223,7,239.25
37224,9,288.44
37225,6,319.5
37226,5,449.79
37227,6,307.12
37228,9,333.07
37229,8,41.39
37230,1,118.88
37231,10,81.08
37232,9,153.0
37233,3,362.85
37234,2,113.89
37235,5,370.85
37236,4,72.62
37237,4,440.38
37238,4,384.94
37239,1,326.79
37240,5,368.67
37241,3,314.44
37242,7,10.72
37243,1,378.51
37244,10,107.39
37245,1,294.86
37246,9,250.28
37247,3,22.93
37248,1,387.2
37249,6,85.07
37250,1,420.84
37251,3,169.54
37252,7,301.06
37253,2,260.61
37254,7,13.46
37255,3,119.18
37256,2,140.18
37257,9,245.13
37258,5,123.19
37259,4,13.43
37260,4,487.77
37261,10,215.67
37262,8,212.69
37263,1,27.14
37264,10,494.27
37265,8,197.16
37266,4,465.84
37267,3,169.4
37268,8,331.87
37269,10,225.55
37270,7,248.03
37271,5,279.18
37272,2,123.44
37273,10,56.36
37274,3,437.77
37275,4,486.3
37276,6,390.05
37277,10,473.26
37278,2,399.66
37279,4,44.27
37280,5,24.22
37281,4,298.76
37282,9,241.12
37283,9,161.27
37284,10,190.29
37285,4,363.1
37286,8,60.62
37287,10,135.24
37288,3,272.49
37289,5,15.83
37290,9,352.01
37291,9,383.98
37292,9,189.74
37293,4,255.84
37294,3,332.78
37295,6,82.8
37296,3,382.09
37297,1,414.02
37298,2,208.02
37299,9,445.84
37300,6,357.46
37301,6,182.46
37302,7,138.22
37303,8,415.44
37304,4,436.22
37305,3,466.35
37306,9,236.98
37307,4,310.64
37308,1,365.87
37309,9,393.01
37310,9,278.28
37311,5,90.68
37312,4,337.06
37313,6,312.67
37314,1,76.25
37315,2,211.79
37316,9,350.16
37317,7,280.38
37318,4,177.83
37319,7,109.98
37320,7,431.67
37321,3,142.46
37322,5,222.04
37323,3,478.61
37324,6,188.26
37325,2,188.82
37326,8,331.83
37327,3,411.95
37328,4,175.63
37329,6,426.89
37330,8,74.73
37331,5,476.04
37332,9,155.3
37333,10,344.24
37334,8,31.02
37335,6,293.74
37336,5,462.87
37337,5,195.16
37338,8,119.62
37339,4,206.71
37340,7,356.12
37341,5,472.68
37342,8,369.56
37343,1,216.9
37344,8,160.59
37345,10,372.8
37346,3,198.95
37347,3,321.52
37348,8,459.24
37349,1,21.45
37350,8,380.84
37351,2,22.67
37352,5,259.25
37353,3,390.49
37354,3,473.97
37355,9,204.48
37356,10,405.14
37357,9,469.13
37358,1,389.03
37359,9,468.16
37360,2,149.47
37361,5,275.12
37362,10,162.31
37363,6,138.45
37364,2,98.34
37365,3,482.32
37366,10,211.47
37367,1,218.0
37368,10,50.35
37369,9,98.79
37370,2,242.26
37371,3,373.5
37372,10,163.3
37373,3,346.9
37374,9,211.81
37375,8,263.4
37376,3,113.82
37377,10,209.22
37378,6,220.69
37379,8,211.85
37380,6,296.54
37381,9,204.66
37382,8,282.94
37383,9,181.31
37384,10,364.65
37385,2,447.27
37386,2,387.32
37387,10,453.77
37388,3,148.3
37389,9,449.89
37390,9,368.59
37391,1,464.7
37392,4,116.65
37393,9,420.87
37394,5,475.85
37395,3,357.19
37396,8,363.46
37397,3,418.8
37398,9,63.63
37399,7,42.16
37400,10,118.88
37401,5,33.22
37402,7,75.36
37403,3,474.27
37404,9,85.77
37405,1,245.99
37406,10,494.08
37407,6,357.89
37408,7,98.99
37409,5,53.66
37410,4,461.51
37411,3,147.05
37412,10,461.17
37413,2,365.51
37414,4,341.94
37415,2,149.93
37416,2,142.09
37417,2,407.67
37418,9,82.61
37419,5,479.2
37420,6,370.6
37421,2,133.01
37422,5,116.72
37423,3,179.2
37424,1,268.33
37425,7,474.0
37426,10,450.95
37427,10,72.2
37428,1,180.84
37429,1,104.71
37430,2,186.31
37431,5,378.44
37432,10,392.69
37433,3,361.84
37434,9,101.99
37435,10,148.85
37436,9,130.99
37437,3,226.84
37438,7,15.3
37439,8,327.04
37440,2,144.77
37441,8,204.08
37442,3,123.52
37443,10,62.34
37444,1,124.93
37445,3,163.12
37446,3,121.08
37447,2,494.83
37448,8,297.75
37449,3,383.83
37450,2,479.65
37451,2,234.39
37452,1,188.92
37453,5,163.97
37454,10,202.78
37455,10,21.78
37456,3,378.84
37457,2,245.88
37458,1,285.89
37459,9,151.31
37460,1,86.65
37461,1,325.07
37462,10,142.82
37463,2,182.16
37464,2,55.33
37465,10,409.59
37466,10,416.03
37467,2,241.39
37468,9,409.15
37469,3,179.06
37470,7,350.61
37471,2,190.38
37472,4,217.15
37473,9,476.94
37474,5,493.98
37475,7,321.41
37476,6,327.14
37477,5,382.09
37478,7,291.68
37479,1,385.18
37480,7,465.99
37481,3,263.73
37482,4,199.22
37483,8,411.85
37484,10,93.41
37485,2,269.01
37486,8,482.6
37487,2,409.51
37488,4,458.42
37489,7,124.37
37490,5,103.65
37491,2,123.89
37492,2,55.16
37493,3,346.53
37494,8,375.29
37495,7,363.16
37496,5,166.81
37497,8,443.05
37498,9,396.75
37499,4,449.54
37500,10,375.32
37501,10,420.86
37502,5,425.77
37503,8,307.47
37504,2,18.87
37505,1,368.39
37506,4,416.09
37507,10,308.56
37508,7,44.78
37509,9,174.1
37510,1,88.81
37511,8,205.39
37512,1,392.42
37513,5,148.47
37514,1,302.78
37515,1,353.96
37516,6,245.78
37517,7,423.31
37518,2,152.59
37519,1,197.77
37520,3,201.98
37521,1,178.68
37522,3,283.4
37523,4,180.35
37524,8,147.59
37525,9,256.75
37526,6,62.37
37527,5,140.11
37528,5,481.03
37529,4,492.44
37530,9,466.0
37531,3,164.84
37532,3,362.19
37533,6,178.23
37534,7,121.75
37535,4,130.21
37536,1,495.28
37537,7,384.47
37538,8,244.6
37539,10,261.11
37540,1,148.39
37541,4,271.8
37542,2,457.56
37543,1,204.36
37544,2,11.31
37545,10,319.83
37546,6,23.69
37547,7,70.97
37548,1,338.86
37549,9,220.21
37550,8,65.27
37551,7,302.11
37552,8,470.44
37553,4,497.21
37554,4,282.62
37555,2,37.87
37556,3,36.14
37557,10,62.72
37558,5,305.43
37559,9,304.84
37560,2,346.27
37561,9,181.02
37562,1,291.24
37563,9,421.61
37564,5,236.79
37565,4,310.82
37566,4,339.13
37567,5,453.01
37568,10,15.47
37569,7,320.83
37570,1,310.47
37571,1,118.25
37572,4,264.71
37573,3,460.66
37574,3,344.9
37575,4,280.81
37576,3,99.53
37577,6,113.83
37578,6,169.67
37579,8,491.02
37580,8,349.08
37581,6,309.97
37582,6,23.79
37583,2,475.19
37584,9,227.7
37585,1,210.51
37586,7,186.38
37587,8,253.19
37588,8,471.86
37589,8,277.92
37590,9,241.06
37591,4,428.27
37592,9,316.97
37593,9,113.34
37594,8,74.22
37595,1,201.99
37596,7,114.23
37597,10,173.96
37598,9,286.05
37599,7,183.35
37600,5,255.68
37601,10,383.17
37602,4,206.35
37603,1,221.45
37604,2,287.97
37605,8,459.8
37606,1,11.18
37607,9,47.66
37608,5,327.57
37609,5,110.46
37610,9,275.03
37611,2,183.24
37612,4,44.36
37613,1,15.1
37614,6,349.87
37615,4,191.72
37616,4,158.22
37617,9,167.2
37618,9,153.73
37619,3,171.91
37620,7,43.7
37621,2,498.97
37622,8,473.78
37623,5,117.09
37624,8,201.09
37625,2,389.29
37626,4,101.59
37627,6,244.12
37628,10,260.63
37629,2,483.1
37630,7,302.23
37631,4,325.9
37632,6,83.23
37633,7,382.63
37634,10,103.17
37635,7,35.36
37636,3,170.75
37637,10,20.45
37638,1,43.79
37639,4,461.38
37640,6,366.14
37641,9,291.51
37642,2,356.36
37643,9,366.6
37644,4,360.45
37645,5,409.61
37646,5,445.98
37647,6,253.19
37648,5,415.13
37649,5,328.09
37650,6,299.53
37651,2,87.26
37652,3,282.91
37653,10,173.57
37654,10,384.37
37655,4,438.6
37656,9,88.62
37657,1,223.27
37658,9,197.09
37659,6,76.45
37660,1,29.44
37661,8,119.79
37662,10,25.91
37663,4,99.85
37664,6,425.88
37665,8,21.16
37666,5,150.65
37667,2,399.53
37668,9,80.19
37669,5,380.22
37670,1,99.8
37671,6,311.09
37672,9,265.87
37673,6,441.26
37674,6,451.48
37675,4,301.06
37676,4,306.72
37677,5,92.45
37678,7,13.67
37679,6,183.92
37680,3,491.73
37681,7,87.15
37682,6,398.29
37683,10,309.75
37684,5,381.93
37685,4,422.86
37686,6,116.69
37687,10,411.05
37688,10,403.37
37689,7,305.02
37690,2,237.81
37691,3,474.62
37692,8,40.17
37693,7,354.11
37694,10,283.04
37695,9,303.97
37696,4,242.37
37697,7,117.85
37698,1,57.14
37699,3,241.15
37700,8,488.68
37701,8,148.64
37702,9,398.31
37703,2,70.23
37704,5,144.76
37705,8,271.62
37706,1,185.11
37707,10,59.39
37708,5,151.82
37709,10,21.09
37710,3,177.62
37711,6,465.18
37712,8,260.15
37713,6,434.87
37714,4,488.35
37715,4,20.89
37716,3,433.94
37717,1,478.7
37718,8,382.24
37719,4,466.17
37720,6,157.73
37721,6,323.65
37722,4,346.29
37723,5,391.12
37724,1,403.16
37725,2,214.59
37726,8,276.12
37727,6,335.51
37728,7,468.05
37729,10,447.98
37730,4,107.01
37731,2,313.99
37732,7,183.01
37733,6,44.76
37734,3,357.92
37735,2,408.54
37736,5,206.34
37737,5,273.45
37738,2,286.3
37739,4,94.97
37740,3,438.26
37741,1,397.34
37742,7,467.75
37743,2,182.95
37744,6,431.32
37745,2,303.84
37746,2,224.45
37747,10,463.05
37748,8,286.41
37749,1,424.96
37750,5,238.38
37751,1,15.6
37752,7,99.89
37753,6,408.96
37754,1,47.23
37755,8,408.86
37756,6,309.53
37757,8,345.98
37758,9,326.04
37759,1,489.19
37760,3,107.62
37761,10,394.98
37762,4,210.3
37763,1,353.33
37764,5,247.55
37765,8,486.56
37766,1,215.53
37767,1,366.4
37768,8,312.18
37769,6,72.72
37770,4,293.04
37771,9,130.71
37772,2,368.14
37773,3,368.46
37774,6,300.38
37775,3,78.22
37776,2,262.55
37777,10,272.59
37778,1,63.87
37779,3,344.9
37780,5,141.63
37781,2,203.94
37782,7,50.36
37783,8,17.12
37784,5,24.5
37785,9,337.89
37786,10,242.71
37787,6,120.12
37788,6,359.74
37789,3,487.67
37790,8,321.7
37791,4,285.96
37792,10,359.83
37793,2,429.95
37794,2,345.0
37795,7,182.67
37796,6,299.91
37797,9,21.66
37798,3,36.84
37799,6,401.41
37800,8,310.55
37801,9,469.46
37802,7,39.13
37803,3,183.36
37804,10,103.11
37805,4,396.27
37806,1,82.73
37807,7,387.51
37808,3,401.03
37809,1,167.4
37810,9,148.46
37811,3,282.29
37812,4,132.63
37813,8,262.09
37814,8,465.38
37815,3,421.67
37816,4,80.96
37817,7,52.05
37818,1,112.81
37819,3,65.35
37820,9,212.31
37821,1,384.53
37822,1,339.26
37823,6,398.62
37824,6,42.25
37825,1,441.12
37826,10,314.22
37827,3,308.39
37828,3,393.62
37829,7,152.47
37830,10,254.12
37831,8,18.11
37832,1,117.19
37833,6,195.15
37834,2,184.42
37835,6,76.97
37836,5,85.07
37837,2,205.71
37838,2,296.24
37839,6,381.79
37840,6,410.62
37841,5,66.17
37842,10,367.49
37843,5,168.15
37844,10,34.06
37845,6,157.53
37846,8,267.8
37847,3,308.37
37848,5,37.47
37849,10,255.88
37850,7,401.64
37851,7,46.16
37852,2,434.46
37853,8,437.68
37854,1,224.77
37855,10,388.74
37856,9,307.53
37857,1,16.56
37858,2,279.7
37859,3,437.89
37860,4,66.29
37861,6,221.66
37862,8,236.32
37863,6,100.96
37864,7,105.74
37865,10,402.09
37866,3,316.66
37867,5,157.59
37868,6,452.51
37869,1,230.79
37870,6,160.21
37871,9,498.04
37872,9,292.93
37873,6,398.59
37874,10,128.16
37875,9,296.59
37876,8,472.64
37877,2,432.6
37878,3,166.37
37879,9,20.31
37880,5,81.07
37881,2,89.12
37882,4,494.83
37883,8,374.23
37884,7,15.96
37885,2,157.97
37886,3,466.75
37887,3,129.68
37888,10,63.49
37889,5,75.53
37890,1,139.4
37891,2,248.87
37892,4,362.08
37893,6,117.61
37894,5,104.18
37895,8,44.68
37896,9,158.86
37897,7,15.7
37898,1,129.42
37899,6,63.94
37900,5,302.71
37901,4,117.02
37902,4,490.33
37903,4,288.9
37904,7,372.29
37905,6,351.84
37906,3,368.29
37907,1,343.04
37908,4,53.48
37909,6,420.38
37910,7,249.92
37911,7,344.99
37912,4,256.39
37913,7,185.86
37914,3,208.48
37915,1,396.12
37916,7,432.65
37917,9,37.75
37918,1,489.11
37919,4,266.62
37920,10,383.17
37921,5,87.25
37922,4,340.61
37923,5,13.75
37924,6,154.48
37925,8,185.29
37926,2,173.0
37927,7,314.71
37928,4,499.17
37929,3,101.82
37930,10,45.4
37931,9,447.41
37932,3,258.38
37933,1,308.2
37934,2,406.25
37935,10,499.72
37936,8,240.22
37937,1,49.26
37938,9,101.59
37939,8,236.9
37940,2,233.71
37941,6,208.15
37942,9,171.47
37943,9,224.44
37944,7,224.06
37945,3,49.3
37946,8,249.74
37947,5,496.84
37948,5,162.19
37949,6,420.69
37950,6,230.37
37951,4,474.28
37952,8,447.26
37953,6,497.33
37954,10,268.68
37955,5,470.48
37956,2,115.67
37957,9,396.33
37958,2,257.81
37959,1,393.92
37960,3,311.81
37961,6,182.36
37962,5,337.08
37963,6,229.25
37964,4,169.12
37965,7,139.17
37966,8,62.97
37967,5,426.81
37968,10,51.06
37969,2,30.34
37970,7,462.06
37971,6,80.12
37972,5,37.14
37973,5,184.36
37974,5,167.27
37975,4,42.93
37976,3,291.74
37977,4,268.79
37978,3,216.93
37979,2,85.01
37980,10,135.08
37981,3,290.74
37982,3,208.64
37983,4,105.59
37984,1,452.32
37985,1,303.54
37986,2,44.03
37987,10,433.44
37988,2,342.79
37989,3,420.95
37990,3,225.64
37991,7,58.43
37992,9,134.69
37993,3,180.1
37994,2,52.67
37995,9,378.09
37996,8,349.57
37997,3,87.11
37998,2,284.57
37999,9,115.77
38000,2,473.34
38001,4,93.95
38002,8,181.82
38003,1,107.91
38004,1,315.28
38005,2,367.37
38006,9,55.79
38007,9,191.03
38008,4,475.12
38009,3,322.85
38010,8,478.36
38011,5,265.06
38012,2,285.01
38013,4,66.82
38014,9,438.5
38015,6,76.07
38016,8,221.72
38017,3,409.93
38018,9,134.04
38019,7,279.47
38020,2,299.46
38021,7,42.23
38022,6,346.23
38023,7,417.85
38024,3,230.76
38025,5,88.77
38026,10,34.5
38027,1,120.0
38028,2,202.24
38029,1,77.61
38030,2,63.06
38031,2,473.35
38032,8,26.45
38033,1,151.96
38034,8,276.63
38035,8,122.78
38036,5,260.11
38037,6,76.48
38038,8,366.82
38039,3,32.78
38040,4,286.9
38041,8,386.33
38042,1,317.94
38043,7,342.67
38044,2,217.24
38045,10,164.61
38046,2,460.24
38047,8,244.56
38048,10,203.83
38049,8,222.79
38050,5,42.49
38051,7,198.52
38052,1,208.51
38053,9,175.76
38054,9,490.01
38055,9,275.08
38056,5,395.29
38057,5,140.23
38058,3,150.57
38059,1,451.7
38060,10,375.87
38061,9,207.98
38062,6,118.85
38063,7,283.91
38064,5,164.93
38065,3,214.27
38066,3,251.8
38067,7,216.58
38068,8,470.95
38069,4,474.65
38070,6,190.74
38071,6,420.6
38072,2,350.65
38073,9,496.29
38074,3,53.42
38075,3,196.13
38076,9,476.72
38077,9,212.05
38078,6,21.7
38079,7,115.15
38080,6,482.42
38081,9,341.01
38082,7,375.86
38083,10,250.88
38084,8,41.06
38085,5,189.96
38086,7,257.38
38087,9,99.96
38088,4,158.34
38089,5,99.56
38090,6,311.98
38091,9,438.64
38092,8,15.67
38093,1,172.63
38094,6,50.22
38095,4,203.23
38096,8,461.2
38097,3,170.47
38098,7,67.53
38099,3,58.28
38100,5,15.11
38101,9,143.89
38102,9,238.95
38103,3,212.31
38104,6,319.73
38105,5,239.16
38106,3,43.61
38107,7,470.11
38108,8,193.35
38109,4,128.14
38110,3,488.53
38111,1,215.8
38112,2,434.0
38113,10,396.53
38114,7,281.31
38115,6,467.79
38116,10,350.35
38117,8,391.21
38118,9,14.8
38119,4,123.19
38120,6,88.4
38121,6,433.43
38122,5,343.99
38123,10,222.26
38124,9,115.12
38125,9,160.93
38126,1,230.69
38127,10,485.7
38128,7,376.31
38129,10,265.89
38130,2,165.24
38131,6,223.46
38132,4,397.96
38133,7,378.82
38134,1,399.13
38135,5,241.51
38136,6,456.52
38137,2,428.52
38138,1,152.24
38139,5,398.28
38140,6,480.98
38141,5,202.76
38142,9,474.09
38143,10,112.5
38144,4,398.13
38145,6,243.66
38146,8,463.53
38147,9,393.58
38148,6,104.21
38149,5,299.24
38150,5,20.77
38151,5,373.16
38152,8,486.56
38153,8,311.12
38154,8,85.52
38155,1,314.23
38156,3,253.78
38157,8,375.1
38158,2,155.53
38159,1,474.67
38160,5,399.05
38161,5,35.74
38162,8,304.74
38163,2,477.71
38164,4,221.7
38165,9,488.81
38166,9,175.17
38167,6,82.94
38168,6,89.05
38169,2,201.36
38170,3,327.84
38171,2,64.33
38172,9,34.69
38173,3,389.05
38174,10,169.74
38175,9,470.46
38176,6,75.47
38177,2,328.8
38178,2,481.53
38179,6,292.51
38180,5,395.44
38181,4,102.25
38182,9,62.57
38183,8,484.46
38184,9,133.67
38185,8,488.53
38186,10,454.7
38187,2,238.8
38188,1,444.64
38189,10,325.26
38190,6,469.23
38191,4,239.06
38192,2,303.72
38193,4,195.79
38194,10,385.8
38195,10,266.18
38196,7,369.95
38197,2,447.32
38198,4,209.91
38199,7,100.08
38200,7,359.39
38201,10,37.23
38202,5,361.85
38203,3,46.57
38204,1,393.35
38205,3,203.82
38206,2,101.49
38207,6,273.16
38208,5,15.53
38209,8,213.22
38210,1,258.59
38211,4,407.27
38212,1,224.51
38213,6,452.41
38214,7,33.47
38215,8,294.81
38216,5,39.11
38217,8,396.54
38218,7,262.88
38219,7,142.19
38220,10,348.53
38221,6,399.24
38222,10,123.11
38223,5,270.88
38224,9,196.72
38225,6,161.08
38226,9,39.56
38227,3,96.78
38228,1,336.02
38229,8,216.74
38230,7,187.91
38231,2,356.95
38232,8,450.39
38233,6,347.07
38234,10,175.64
38235,7,75.21
38236,8,139.44
38237,4,123.55
38238,2,448.12
38239,3,277.41
38240,4,150.9
38241,4,322.03
38242,8,21.48
38243,8,176.91
38244,7,435.05
38245,7,261.21
38246,8,184.59
38247,10,41.77
38248,10,60.82
38249,10,138.81
38250,9,393.25
38251,4,125.21
38252,8,201.77
38253,2,194.39
38254,4,315.07
38255,5,266.51
38256,2,234.68
38257,3,175.69
38258,3,402.16
38259,8,159.41
38260,2,431.88
38261,4,98.0
38262,7,320.61
38263,7,429.27
38264,10,261.71
38265,9,12.76
38266,6,181.96
38267,3,27.21
38268,7,11.13
38269,10,359.87
38270,10,401.8
38271,7,36.07
38272,8,278.38
38273,5,292.57
38274,4,175.95
38275,1,206.62
38276,8,232.04
38277,4,449.16
38278,3,25.53
38279,6,45.46
38280,4,156.97
38281,7,176.35
38282,8,299.64
38283,9,65.09
38284,4,101.33
38285,3,89.98
38286,1,58.54
38287,4,342.68
38288,9,50.61
38289,10,347.11
38290,6,381.38
38291,5,112.43
38292,2,79.9
38293,7,249.37
38294,1,352.92
38295,10,151.42
38296,5,129.6
38297,9,59.47
38298,5,44.33
38299,10,193.46
38300,8,361.73
38301,4,215.49
38302,1,439.89
38303,7,351.97
38304,4,139.54
38305,6,489.2
38306,2,445.44
38307,1,32.61
38308,8,101.21
38309,10,193.08
38310,3,231.57
38311,10,65.9
38312,3,121.11
38313,2,210.38
38314,2,215.11
38315,3,302.91
38316,10,213.43
38317,9,42.09
38318,8,389.47
38319,5,282.32
38320,2,150.72
38321,3,328.36
38322,4,117.59
38323,3,336.37
38324,6,208.7
38325,3,116.41
38326,3,157.46
38327,8,160.25
38328,7,475.36
38329,9,472.64
38330,8,485.54
38331,3,476.92
38332,2,279.92
38333,6,370.99
38334,4,238.88
38335,4,354.35
38336,10,231.37
38337,10,234.0
38338,9,491.85
38339,1,283.83
38340,9,320.71
38341,5,59.06
38342,9,493.25
38343,8,312.44
38344,4,311.77
38345,4,223.33
38346,4,289.82
38347,10,297.31
38348,6,406.95
38349,3,24.61
38350,1,110.91
38351,6,90.09
38352,1,158.14
38353,2,68.11
38354,5,466.63
38355,9,319.85
38356,4,443.05
38357,10,365.99
38358,4,129.48
38359,4,266.56
38360,4,345.86
38361,5,291.66
38362,4,398.31
38363,3,374.71
38364,10,106.45
38365,2,31.76
38366,5,58.73
38367,7,101.36
38368,9,459.96
38369,2,438.34
38370,4,328.4
38371,2,211.77
38372,1,372.12
38373,1,121.63
38374,10,352.51
38375,7,73.4
38376,2,268.86
38377,9,19.94
38378,10,28.12
38379,4,422.95
38380,9,298.15
38381,2,158.98
38382,9,82.07
38383,10,452.53
38384,2,93.11
38385,7,81.86
38386,5,466.63
38387,2,268.79
38388,1,43.89
38389,7,392.21
38390,5,488.72
38391,2,176.57
38392,1,306.57
38393,6,472.08
38394,6,199.06
38395,2,46.25
38396,4,133.82
38397,2,175.73
38398,3,304.54
38399,2,137.0
38400,4,306.21
38401,9,326.63
38402,3,111.84
38403,10,426.44
38404,4,145.89
38405,8,414.72
38406,3,388.59
38407,7,91.5
38408,5,420.16
38409,2,448.8
38410,4,290.16
38411,7,165.74
38412,3,227.48
38413,8,430.02
38414,4,12.68
38415,8,353.74
38416,5,439.99
38417,4,204.04
38418,9,377.96
38419,1,16.08
38420,3,335.64
38421,6,413.4
38422,5,14.51
38423,5,452.03
38424,7,337.95
38425,8,217.01
38426,2,251.07
38427,8,374.31
38428,6,380.14
38429,3,293.27
38430,3,109.56
38431,7,169.0
38432,6,223.35
38433,5,63.16
38434,10,106.12
38435,1,45.45
38436,6,312.29
38437,4,464.68
38438,3,134.45
38439,1,126.63
38440,10,90.44
38441,9,119.71
38442,5,108.67
38443,5,482.18
38444,6,198.01
38445,4,21.44
38446,1,195.64
38447,10,163.29
38448,1,466.67
38449,5,388.93
38450,5,19.26
38451,7,481.76
38452,5,162.54
38453,6,42.64
38454,8,56.07
38455,10,84.58
38456,4,491.42
38457,1,492.68
38458,9,256.66
38459,5,293.28
38460,3,456.81
38461,5,404.97
38462,6,170.7
38463,1,242.9
38464,3,410.72
38465,9,79.39
38466,9,19.93
38467,8,484.32
38468,5,141.32
38469,1,14.97
38470,1,443.19
38471,6,222.36
38472,10,466.96
38473,8,302.62
38474,4,469.91
38475,7,417.2
38476,10,194.55
38477,5,75.83
38478,3,419.19
38479,2,413.48
38480,10,209.26
38481,9,307.39
38482,3,350.59
38483,7,286.24
38484,10,406.81
38485,10,124.64
38486,5,255.01
38487,6,313.66
38488,4,428.08
38489,8,71.37
38490,4,365.13
38491,6,72.07
38492,7,26.33
38493,8,300.86
38494,9,43.68
38495,8,166.3
38496,2,497.61
38497,1,47.89
38498,6,160.31
38499,8,186.29
38500,3,137.95
38501,6,250.22
38502,8,342.48
38503,9,141.43
38504,1,354.95
38505,3,403.26
38506,4,92.36
38507,9,252.15
38508,1,226.49
38509,9,389.43
38510,7,360.08
38511,8,268.05
38512,4,400.65
38513,3,192.8
38514,1,303.11
38515,2,395.53
38516,6,231.66
38517,3,97.09
38518,3,100.28
38519,3,206.89
38520,1,54.15
38521,6,150.21
38522,7,315.34
38523,9,265.1
38524,4,91.87
38525,10,291.51
38526,2,76.66
38527,3,112.05
38528,9,102.31
38529,10,327.63
38530,1,362.35
38531,2,354.8
38532,5,387.3
38533,7,350.72
38534,8,80.4
38535,9,181.6
38536,4,21.34
38537,4,333.98
38538,10,415.28
38539,9,152.72
38540,8,48.96
38541,7,240.69
38542,4,325.99
38543,1,315.16
38544,2,128.96
38545,8,29.45
38546,9,114.06
38547,3,248.05
38548,1,455.77
38549,4,487.82
38550,7,299.25
38551,8,401.18
38552,4,137.56
38553,9,270.07
38554,6,435.53
38555,8,329.32
38556,6,487.77
38557,6,452.44
38558,3,57.41
38559,7,473.34
38560,6,308.01
38561,3,52.12
38562,5,67.34
38563,2,242.9
38564,4,260.7
38565,2,280.39
38566,10,23.28
38567,6,157.54
38568,1,319.06
38569,4,444.32
38570,4,80.3
38571,6,118.74
38572,6,171.7
38573,10,364.69
38574,4,302.76
38575,3,15.42
38576,6,409.91
38577,1,11.51
38578,7,357.21
38579,5,426.44
38580,1,307.07
38581,3,425.46
38582,10,250.99
38583,4,312.89
38584,7,237.27
38585,1,228.41
38586,2,30.92
38587,1,469.01
38588,2,354.59
38589,1,119.74
38590,3,113.44
38591,3,132.38
38592,5,119.65
38593,8,363.17
38594,5,166.13
38595,7,353.84
38596,6,205.56
38597,3,201.2
38598,5,442.31
38599,3,49.59
38600,7,118.04
38601,9,90.99
38602,6,296.05
38603,7,460.65
38604,3,477.26
38605,4,457.0
38606,8,80.12
38607,9,410.19
38608,4,290.35
38609,1,302.67
38610,10,196.15
38611,1,399.77
38612,10,103.23
38613,2,12.0
38614,2,183.07
38615,1,373.3
38616,2,317.53
38617,1,468.93
38618,9,415.62
38619,7,381.16
38620,6,108.03
38621,6,291.76
38622,9,187.41
38623,2,389.12
38624,4,316.43
38625,3,40.36
38626,10,93.62
38627,4,330.51
38628,4,143.37
38629,5,323.34
38630,6,14.4
38631,2,166.43
38632,3,361.13
38633,9,481.11
38634,1,366.35
38635,7,138.88
38636,9,461.53
38637,2,476.19
38638,6,228.97
38639,8,399.1
38640,10,113.72
38641,3,141.35
38642,10,329.57
38643,5,306.49
38644,3,475.15
38645,10,222.4
38646,9,312.78
38647,10,292.93
38648,9,15.31
38649,3,358.11
38650,7,289.37
38651,10,104.4
38652,1,26.63
38653,5,228.57
38654,5,484.53
38655,3,372.32
38656,10,143.28
38657,3,373.56
38658,3,421.77
38659,2,449.71
38660,4,85.74
38661,6,50.36
38662,3,193.98
38663,10,42.14
38664,9,99.17
38665,8,87.04
38666,8,432.63
38667,2,127.18
38668,10,348.44
38669,9,203.08
38670,1,92.51
38671,3,297.2
38672,4,46.31
38673,6,424.07
38674,2,358.84
38675,5,416.05
38676,5,489.97
38677,1,377.28
38678,4,162.93
38679,2,444.92
38680,7,11.98
38681,10,249.19
38682,4,459.47
38683,8,245.37
38684,10,116.11
38685,7,155.85
38686,5,238.19
38687,1,143.14
38688,3,31.23
38689,9,473.13
38690,7,402.63
38691,5,251.87
38692,9,215.11
38693,6,352.4
38694,5,132.14
38695,2,399.86
38696,3,199.94
38697,5,67.75
38698,4,332.43
38699,5,408.17
38700,2,257.17
38701,1,326.67
38702,6,378.73
38703,10,279.31
38704,3,453.58
38705,2,379.49
38706,3,364.44
38707,10,434.36
38708,3,432.6
38709,5,14.27
38710,9,421.29
38711,5,321.03
38712,8,154.35
38713,4,270.09
38714,5,445.18
38715,7,78.63
38716,4,425.26
38717,3,166.98
38718,3,259.83
38719,5,161.03
38720,1,78.7
38721,2,474.6
38722,4,76.64
38723,8,217.26
38724,1,432.11
38725,10,479.0
38726,2,285.72
38727,7,401.93
38728,9,379.26
38729,7,136.41
38730,4,453.93
38731,9,191.95
38732,6,372.74
38733,3,310.54
38734,9,217.89
38735,4,428.85
38736,9,344.5
38737,6,259.16
38738,4,402.7
38739,1,310.8
38740,7,296.43
38741,5,469.82
38742,4,419.94
38743,1,253.99
38744,4,479.52
38745,2,278.3
38746,9,175.55
38747,10,125.6
38748,8,235.11
38749,4,116.85
38750,10,337.86
38751,5,322.21
38752,10,490.43
38753,6,497.97
38754,4,498.7
38755,4,455.93
38756,5,342.89
38757,4,492.77
38758,4,427.17
38759,6,437.68
38760,7,292.17
38761,9,388.85
38762,5,129.19
38763,9,313.4
38764,3,168.73
38765,5,254.51
38766,2,335.33
38767,3,241.94
38768,9,12.34
38769,7,195.06
38770,5,280.43
38771,7,407.18
38772,9,347.94
38773,7,262.43
38774,3,205.15
38775,9,184.78
38776,6,63.97
38777,8,385.65
38778,1,372.58
38779,2,268.45
38780,4,216.33
38781,7,494.01
38782,4,401.61
38783,8,15.88
38784,6,175.04
38785,6,210.67
38786,6,60.92
38787,5,316.25
38788,5,96.2
38789,4,352.19
38790,9,214.85
38791,5,164.37
38792,10,159.4
38793,4,322.6
38794,9,93.36
38795,6,388.35
38796,2,140.96
38797,1,51.53
38798,1,487.65
38799,2,292.79
38800,6,27.02
38801,5,366.34
38802,3,337.55
38803,2,215.63
38804,6,256.98
38805,1,327.91
38806,9,63.41
38807,7,353.13
38808,6,184.7
38809,10,250.48
38810,3,205.43
38811,5,357.38
38812,6,166.03
38813,6,421.25
38814,3,152.27
38815,7,283.03
38816,6,468.14
38817,5,184.95
38818,8,75.17
38819,1,191.56
38820,2,346.67
38821,7,20.62
38822,3,219.66
38823,5,340.53
38824,7,243.11
38825,8,222.16
38826,2,296.2
38827,1,74.99
38828,8,206.87
38829,8,228.74
38830,6,418.14
38831,8,315.18
38832,5,364.56
38833,2,343.22
38834,10,102.83
38835,7,490.15
38836,8,441.09
38837,2,206.13
38838,6,109.39
38839,3,76.26
38840,10,412.33
38841,9,204.92
38842,10,328.68
38843,9,243.4
38844,10,108.46
38845,8,176.59
38846,4,493.05
38847,8,321.02
38848,8,183.64
38849,2,116.16
38850,6,264.87
38851,7,79.91
38852,1,241.18
38853,4,428.4
38854,10,456.95
38855,8,336.4
38856,9,174.67
38857,1,227.55
38858,5,455.36
38859,4,311.43
38860,5,51.53
38861,3,475.38
38862,7,156.89
38863,7,349.62
38864,9,168.87
38865,7,290.95
38866,8,347.66
38867,1,204.66
38868,5,235.68
38869,1,358.74
38870,6,356.96
38871,4,243.13
38872,1,70.79
38873,7,10.03
38874,6,249.75
38875,1,146.03
38876,8,259.09
38877,8,337.38
38878,3,123.76
38879,3,282.39
38880,4,187.2
38881,7,417.93
38882,9,185.31
38883,5,84.25
38884,7,180.3
38885,10,428.91
38886,10,40.1
38887,6,149.11
38888,2,253.37
38889,8,402.75
38890,2,217.13
38891,7,249.1
38892,5,267.49
38893,10,203.29
38894,6,424.68
38895,7,16.96
38896,9,15.76
38897,5,474.72
38898,6,370.84
38899,4,432.94
38900,2,10.92
38901,7,337.93
38902,8,26.37
38903,8,317.4
38904,1,130.71
38905,5,381.76
38906,6,118.83
38907,1,330.89
38908,8,321.97
38909,5,52.95
38910,3,245.14
38911,3,372.8
38912,3,273.33
38913,4,108.4
38914,1,308.45
38915,5,128.1
38916,9,36.84
38917,9,434.28
38918,9,490.76
38919,6,387.63
38920,8,486.74
38921,2,440.92
38922,3,365.3
38923,1,22.04
38924,3,485.16
38925,7,319.96
38926,8,140.58
38927,9,199.11
38928,9,289.2
38929,5,74.05
38930,1,197.7
38931,5,272.65
38932,8,256.01
38933,1,421.27
38934,9,80.16
38935,4,391.31
38936,7,180.39
38937,6,83.16
38938,1,163.68
38939,9,150.68
38940,9,40.45
38941,1,95.29
38942,6,60.18
38943,8,390.52
38944,7,415.84
38945,2,305.16
38946,5,210.96
38947,3,102.91
38948,1,382.88
38949,5,479.03
38950,2,277.78
38951,1,227.67
38952,2,111.64
38953,4,421.07
38954,6,42.71
38955,7,130.92
38956,5,498.95
38957,7,190.12
38958,5,273.02
38959,9,393.04
38960,6,444.51
38961,8,210.45
38962,1,218.56
38963,10,414.66
38964,5,392.04
38965,7,467.88
38966,4,233.26
38967,3,63.21
38968,10,243.94
38969,2,244.47
38970,5,108.2
38971,7,158.66
38972,2,245.52
38973,3,186.43
38974,2,153.46
38975,9,406.57
38976,9,170.81
38977,2,275.88
38978,10,296.75
38979,1,309.66
38980,1,466.06
38981,1,93.61
38982,4,435.98
38983,10,343.44
38984,1,336.97
38985,2,304.93
38986,1,229.62
38987,4,288.05
38988,5,284.87
38989,9,131.1
38990,1,432.34
38991,10,27.84
38992,1,231.79
38993,8,419.56
38994,2,453.24
38995,8,96.24
38996,10,248.26
38997,4,137.31
38998,1,341.32
38999,9,473.51
39000,9,371.44
39001,1,94.0
39002,5,454.32
39003,10,149.29
39004,4,310.54
39005,8,152.35
39006,3,168.94
39007,8,300.82
39008,9,118.4
39009,5,429.77
39010,3,61.1
39011,6,110.39
39012,3,464.89
39013,4,127.56
39014,2,115.89
39015,1,43.59
39016,10,117.02
39017,7,446.86
39018,9,389.72
39019,3,204.66
39020,3,130.99
39021,7,59.21
39022,10,438.06
39023,4,211.21
39024,5,250.42
39025,6,200.17
39026,10,229.32
39027,9,83.38
39028,6,176.2
39029,4,481.68
39030,9,467.96
39031,5,153.34
39032,5,356.08
39033,7,303.84
39034,5,262.13
39035,4,174.6
39036,4,474.74
39037,8,58.39
39038,7,281.05
39039,9,38.63
39040,8,234.26
39041,1,481.21
39042,7,494.97
39043,7,189.73
39044,1,203.84
39045,1,35.36
39046,4,191.24
39047,5,392.5
39048,5,383.77
39049,8,232.21
39050,5,429.56
39051,2,358.13
39052,1,165.7
39053,4,172.15
39054,2,103.72
39055,2,258.42
39056,5,446.73
39057,10,318.41
39058,10,290.77
39059,3,309.48
39060,1,362.14
39061,9,437.91
39062,8,228.57
39063,6,446.06
39064,9,474.74
39065,6,308.7
39066,10,51.97
39067,10,95.39
39068,10,340.91
39069,3,67.71
39070,8,222.47
39071,10,423.24
39072,1,469.29
39073,4,485.49
39074,4,138.2
39075,9,220.92
39076,7,144.47
39077,2,363.44
39078,2,172.63
39079,1,42.68
39080,7,20.55
39081,1,126.19
39082,1,443.08
39083,10,16.41
39084,8,271.77
39085,7,43.55
39086,2,351.91
39087,5,20.62
39088,8,221.1
39089,1,123.39
39090,8,20.06
39091,9,74.3
39092,4,246.81
39093,5,339.43
39094,5,193.82
39095,3,334.78
39096,6,31.19
39097,8,137.61
39098,7,92.25
39099,10,278.35
39100,10,371.34
39101,9,373.14
39102,6,289.52
39103,1,46.73
39104,9,393.8
39105,10,227.09
39106,8,42.36
39107,10,72.9
39108,8,170.27
39109,2,234.34
39110,5,154.87
39111,1,437.96
39112,5,97.21
39113,8,166.41
39114,7,226.65
39115,2,367.93
39116,1,71.21
39117,7,198.92
39118,3,225.64
39119,2,343.99
39120,7,47.06
39121,5,28.0
39122,10,261.49
39123,6,206.39
39124,2,12.46
39125,10,441.51
39126,5,284.14
39127,1,38.91
39128,4,162.93
39129,6,112.95
39130,10,102.59
39131,8,161.86
39132,3,80.77
39133,7,187.38
39134,10,255.49
39135,2,186.94
39136,8,390.39
39137,10,380.23
39138,4,199.64
39139,8,336.34
39140,9,330.3
39141,6,131.12
39142,8,307.36
39143,9,39.15
39144,4,312.86
39145,7,338.12
39146,3,137.92
39147,2,251.18
39148,3,310.44
39149,2,116.66
39150,2,343.5
39151,9,408.52
39152,6,34.44
39153,5,401.5
39154,5,335.99
39155,2,432.24
39156,2,486.7
39157,2,349.3
39158,3,273.54
39159,3,297.74
39160,5,181.38
39161,8,31.47
39162,6,461.44
39163,5,457.5
39164,4,97.05
39165,3,167.14
39166,6,330.53
39167,5,104.22
39168,5,153.08
39169,4,372.46
39170,3,95.19
39171,8,262.08
39172,2,410.35
39173,6,364.69
39174,1,420.9
39175,10,283.06
39176,10,358.09
39177,1,374.66
39178,2,208.61
39179,8,88.72
39180,4,206.91
39181,4,192.38
39182,1,237.39
39183,9,193.27
39184,6,406.74
39185,4,151.44
39186,4,187.1
39187,8,445.61
39188,10,149.88
39189,6,150.99
39190,1,445.87
39191,5,215.26
39192,8,145.67
39193,6,210.85
39194,8,282.25
39195,1,69.01
39196,8,485.39
39197,6,53.91
39198,1,12.58
39199,4,155.41
39200,10,214.91
39201,2,95.66
39202,10,474.25
39203,3,194.71
39204,3,345.04
39205,4,384.31
39206,7,63.97
39207,2,189.24
39208,10,238.71
39209,7,471.75
39210,3,108.74
39211,9,360.26
39212,6,28.12
39213,10,356.08
39214,5,235.8
39215,6,86.71
39216,1,392.66
39217,4,349.21
39218,6,319.79
39219,1,61.62
39220,4,91.91
39221,1,414.46
39222,2,379.29
39223,3,405.31
39224,10,125.54
39225,2,318.68
39226,6,346.0
39227,3,78.14
39228,3,433.42
39229,6,47.26
39230,1,280.31
39231,1,353.37
39232,9,287.08
39233,1,200.07
39234,6,304.57
39235,4,177.56
39236,2,358.32
39237,1,21.95
39238,2,157.64
39239,6,73.17
39240,9,202.26
39241,7,272.53
39242,3,405.53
39243,8,372.02
39244,5,251.15
39245,1,463.88
39246,5,304.06
39247,6,94.77
39248,5,307.63
39249,10,139.35
39250,10,327.18
39251,10,226.99
39252,4,288.85
39253,7,24.59
39254,8,203.58
39255,5,50.39
39256,7,169.69
39257,9,237.61
39258,2,180.66
39259,10,180.55
39260,7,129.95
39261,6,155.47
39262,7,227.35
39263,6,119.06
39264,5,159.14
39265,7,238.01
39266,6,325.86
39267,9,469.37
39268,2,281.88
39269,7,129.46
39270,3,323.57
39271,4,490.3
39272,6,14.29
39273,9,465.41
39274,6,54.0
39275,2,72.27
39276,8,137.33
39277,9,462.59
39278,2,197.91
39279,7,375.12
39280,10,269.77
39281,3,457.28
39282,1,176.47
39283,7,13.38
39284,10,286.33
39285,4,81.68
39286,2,292.38
39287,5,206.69
39288,7,111.24
39289,9,82.51
39290,7,303.55
39291,3,388.95
39292,8,322.5
39293,2,405.5
39294,10,225.11
39295,7,398.55
39296,2,118.41
39297,10,499.99
39298,2,20.54
39299,1,276.95
39300,5,25.95
39301,9,298.84
39302,4,420.5
39303,6,325.84
39304,1,30.7
39305,4,41.52
39306,1,270.68
39307,8,282.64
39308,9,87.98
39309,9,142.83
39310,3,100.28
39311,9,462.21
39312,7,184.23
39313,1,232.49
39314,5,419.31
39315,7,33.66
39316,6,377.84
39317,4,242.79
39318,9,476.46
39319,2,417.36
39320,7,498.68
39321,1,345.41
39322,8,82.95
39323,8,129.08
39324,9,191.71
39325,8,379.88
39326,10,439.66
39327,5,282.41
39328,5,375.72
39329,1,265.91
39330,3,377.73
39331,3,266.77
39332,2,485.5
39333,9,71.45
39334,3,210.2
39335,1,194.94
39336,8,222.49
39337,3,386.29
39338,10,454.39
39339,7,240.6
39340,9,97.3
39341,5,61.24
39342,10,235.9
39343,7,258.18
39344,1,138.95
39345,9,274.11
39346,9,344.18
39347,3,170.31
39348,10,267.22
39349,8,348.65
39350,5,69.66
39351,10,185.2
39352,2,316.28
39353,8,43.99
39354,7,93.45
39355,10,196.39
39356,3,405.26
39357,10,77.15
39358,8,219.74
39359,6,172.81
39360,6,453.96
39361,5,221.14
39362,6,307.24
39363,9,122.4
39364,5,108.0
39365,1,301.4
39366,10,484.11
39367,4,87.57
39368,9,292.47
39369,4,61.91
39370,6,499.33
39371,4,32.89
39372,9,363.63
39373,7,385.38
39374,6,138.85
39375,4,408.24
39376,9,285.26
39377,7,254.73
39378,10,60.82
39379,5,94.98
39380,2,261.56
39381,7,315.76
39382,6,336.6
39383,7,337.41
39384,8,59.59
39385,8,331.39
39386,3,157.11
39387,1,310.52
39388,6,263.33
39389,2,478.95
39390,4,330.78
39391,10,122.74
39392,8,137.36
39393,10,188.38
39394,1,494.2
39395,5,159.86
39396,2,274.37
39397,6,319.81
39398,1,372.19
39399,7,27.79
39400,1,482.86
39401,10,264.47
39402,4,380.5
39403,4,421.58
39404,9,205.74
39405,6,362.94
39406,6,277.22
39407,8,305.08
39408,4,153.08
39409,1,451.03
39410,5,281.49
39411,10,463.3
39412,4,275.96
39413,5,45.01
39414,8,18.06
39415,9,240.61
39416,4,433.6
39417,4,412.08
39418,2,147.02
39419,2,258.11
39420,7,319.45
39421,7,349.67
39422,7,268.41
39423,2,242.16
39424,8,449.9
39425,5,418.61
39426,7,254.91
39427,6,440.24
39428,5,451.11
39429,1,178.62
39430,1,271.21
39431,1,479.0
39432,2,268.89
39433,3,214.99
39434,1,347.64
39435,3,40.48
39436,2,69.59
39437,10,13.84
39438,7,418.07
39439,9,245.22
39440,1,377.48
39441,10,29.66
39442,1,400.5
39443,3,130.52
39444,7,370.54
39445,7,119.46
39446,5,181.1
39447,5,176.03
39448,5,389.41
39449,8,300.01
39450,5,404.09
39451,6,425.22
39452,3,71.63
39453,3,40.67
39454,4,316.18
39455,6,393.77
39456,1,241.48
39457,7,451.73
39458,4,178.39
39459,4,84.49
39460,7,465.04
39461,9,392.87
39462,4,347.42
39463,8,29.61
39464,6,232.51
39465,8,159.96
39466,2,323.08
39467,7,84.55
39468,5,353.03
39469,10,262.15
39470,9,412.05
39471,5,245.13
39472,2,218.91
39473,10,349.24
39474,7,482.17
39475,2,251.96
39476,6,194.04
39477,3,339.23
39478,7,272.07
39479,2,440.62
39480,5,337.81
39481,6,170.92
39482,1,459.91
39483,5,174.3
39484,8,16.8
39485,5,340.53
39486,2,247.72
39487,4,324.04
39488,8,173.71
39489,2,60.57
39490,3,268.33
39491,7,352.73
39492,4,68.64
39493,9,262.76
39494,10,176.18
39495,8,27.56
39496,7,24.03
39497,7,52.32
39498,10,314.04
39499,6,413.05
39500,5,473.49
39501,6,349.73
39502,6,378.43
39503,6,126.13
39504,1,310.44
39505,3,24.1
39506,7,185.17
39507,10,297.42
39508,6,329.17
39509,5,480.19
39510,1,279.13
39511,1,368.22
39512,10,165.33
39513,10,86.27
39514,9,78.66
39515,2,325.92
39516,5,430.13
39517,10,388.81
39518,7,102.64
39519,1,257.29
39520,10,351.35
39521,8,499.17
39522,3,331.99
39523,6,65.6
39524,9,456.32
39525,4,104.78
39526,10,174.41
39527,5,410.34
39528,2,494.98
39529,3,402.69
39530,4,302.71
39531,7,151.03
39532,4,190.4
39533,5,300.69
39534,8,15.97
39535,6,433.03
39536,5,187.09
39537,9,277.82
39538,3,86.35
39539,5,24.79
39540,2,228.49
39541,9,489.47
39542,10,167.12
39543,8,494.29
39544,5,451.86
39545,9,80.66
39546,8,269.12
39547,9,87.93
39548,6,294.47
39549,9,465.63
39550,7,266.97
39551,1,238.23
39552,9,383.71
39553,1,420.37
39554,2,349.52
39555,2,160.33
39556,10,408.42
39557,10,416.99
39558,4,109.64
39559,9,194.6
39560,4,139.86
39561,9,247.86
39562,4,198.46
39563,4,330.36
39564,3,267.31
39565,9,150.88
39566,10,276.96
39567,2,412.2
39568,5,423.21
39569,8,186.91
39570,8,119.47
39571,9,443.23
39572,9,267.71
39573,6,33.73
39574,8,157.76
39575,2,70.4
39576,3,153.73
39577,2,486.1
39578,8,376.39
39579,1,330.28
39580,1,381.76
39581,1,450.84
39582,4,177.07
39583,3,430.19
39584,8,169.04
39585,2,237.26
39586,3,269.67
39587,4,73.15
39588,10,159.88
39589,9,251.24
39590,9,495.05
39591,4,217.84
39592,1,361.65
39593,1,449.13
39594,10,257.56
39595,6,326.24
39596,9,99.98
39597,9,44.66
39598,7,318.24
39599,8,438.24
39600,3,421.33
39601,8,25.22
39602,9,289.2
39603,4,261.91
39604,8,392.35
39605,3,65.52
39606,3,345.81
39607,4,207.36
39608,7,307.44
39609,7,425.88
39610,9,378.17
39611,5,392.63
39612,9,251.54
39613,5,308.8
39614,2,231.43
39615,4,465.29
39616,3,24.26
39617,3,146.59
39618,9,25.1
39619,3,439.1
39620,5,116.28
39621,9,342.56
39622,7,289.63
39623,3,256.31
39624,8,374.29
39625,5,478.28
39626,4,446.96
39627,5,77.06
39628,1,483.03
39629,6,18.24
39630,5,37.13
39631,10,417.31
39632,6,30.12
39633,4,358.28
39634,5,180.46
39635,4,429.24
39636,8,407.26
39637,6,16.06
39638,3,443.15
39639,7,456.27
39640,10,94.55
39641,3,218.68
39642,8,192.04
39643,6,425.66
39644,2,266.34
39645,9,328.92
39646,3,467.16
39647,9,231.26
39648,1,79.97
39649,4,220.35
39650,2,115.87
39651,10,288.35
39652,3,112.1
39653,4,297.43
39654,9,360.0
39655,5,490.33
39656,5,170.85
39657,3,81.76
39658,7,329.04
39659,1,482.82
39660,8,408.29
39661,7,220.36
39662,8,465.13
39663,7,152.42
39664,3,383.31
39665,8,28.42
39666,8,60.43
39667,6,340.63
39668,10,86.43
39669,4,455.1
39670,2,95.72
39671,10,295.89
39672,6,67.29
39673,9,372.43
39674,1,180.11
39675,3,107.77
39676,2,440.06
39677,3,194.79
39678,3,183.19
39679,8,142.6
39680,9,485.23
39681,5,203.75
39682,8,159.68
39683,6,177.63
39684,6,231.18
39685,2,288.72
39686,4,134.71
39687,6,145.64
39688,3,320.57
39689,1,473.75
39690,6,373.58
39691,2,48.88
39692,5,398.78
39693,5,230.67
39694,6,431.82
39695,1,346.46
39696,7,459.41
39697,6,115.63
39698,3,177.07
39699,3,491.62
39700,9,285.18
39701,4,355.9
39702,7,11.4
39703,10,245.17
39704,5,389.65
39705,1,408.97
39706,8,301.09
39707,9,230.32
39708,4,464.87
39709,6,89.89
39710,2,264.65
39711,10,232.57
39712,2,51.72
39713,10,228.94
39714,7,486.71
39715,1,90.13
39716,9,448.65
39717,7,218.07
39718,6,129.43
39719,9,47.55
39720,10,415.35
39721,6,411.47
39722,8,313.37
39723,2,332.33
39724,3,49.44
39725,9,206.11
39726,9,90.64
39727,4,282.71
39728,6,178.98
39729,6,59.87
39730,10,130.09
39731,5,208.03
39732,8,125.67
39733,9,408.54
39734,1,137.37
39735,1,269.08
39736,3,368.1
39737,3,425.69
39738,5,220.98
39739,1,49.24
39740,2,53.66
39741,7,462.13
39742,7,125.37
39743,2,487.46
39744,2,22.91
39745,9,141.09
39746,6,177.1
39747,10,326.91
39748,4,432.03
39749,4,418.39
39750,9,59.65
39751,3,132.52
39752,2,400.33
39753,8,208.88
39754,10,490.46
39755,5,278.61
39756,7,52.66
39757,6,311.32
39758,1,65.87
39759,6,92.53
39760,10,465.34
39761,2,233.34
39762,4,372.17
39763,5,101.94
39764,2,465.39
39765,2,103.06
39766,8,440.09
39767,1,454.7
39768,4,45.66
39769,1,369.69
39770,2,495.22
39771,4,177.01
39772,6,335.67
39773,10,312.3
39774,2,441.77
39775,8,226.43
39776,2,220.11
39777,5,38.95
39778,2,405.55
39779,3,167.01
39780,6,105.98
39781,5,186.17
39782,8,309.86
39783,8,78.22
39784,1,255.92
39785,10,380.58
39786,4,252.53
39787,6,291.98
39788,7,62.31
39789,9,303.21
39790,9,108.49
39791,8,338.24
39792,1,61.88
39793,9,463.92
39794,1,457.61
39795,3,253.62
39796,4,204.6
39797,5,360.58
39798,6,493.95
39799,8,205.01
39800,1,186.43
39801,3,408.94
39802,3,102.88
39803,8,409.68
39804,5,458.01
39805,6,159.88
39806,8,282.19
39807,1,68.32
39808,3,221.22
39809,1,250.19
39810,9,198.59
39811,10,115.79
39812,9,456.58
39813,4,289.52
39814,9,380.21
39815,8,303.56
39816,7,450.9
39817,6,289.84
39818,2,148.83
39819,5,182.8
39820,4,97.62
39821,4,70.51
39822,5,320.89
39823,10,492.18
39824,5,413.33
39825,8,139.57
39826,6,257.64
39827,2,186.34
39828,10,196.2
39829,5,172.07
39830,9,83.8
39831,8,472.46
39832,8,354.0
39833,1,136.48
39834,7,258.72
39835,10,108.15
39836,5,92.23
39837,2,266.68
39838,6,467.21
39839,5,267.28
39840,1,15.6
39841,1,203.33
39842,1,429.65
39843,8,493.72
39844,3,141.34
39845,9,499.47
39846,9,115.35
39847,4,320.02
39848,1,25.15
39849,10,99.52
39850,4,123.32
39851,6,85.06
39852,10,421.75
39853,6,252.04
39854,3,359.46
39855,7,342.04
39856,3,42.78
39857,3,182.75
39858,2,402.16
39859,8,250.68
39860,2,477.25
39861,6,127.92
39862,7,121.16
39863,8,274.12
39864,7,331.17
39865,1,118.1
39866,2,408.13
39867,9,438.42
39868,4,310.75
39869,7,272.5
39870,3,403.83
39871,9,330.92
39872,4,211.74
39873,2,297.3
39874,8,62.9
39875,9,474.58
39876,4,15.03
39877,4,23.81
39878,6,195.67
39879,5,49.95
39880,9,301.3
39881,9,294.02
39882,8,424.46
39883,9,82.87
39884,9,232.17
39885,9,371.05
39886,4,498.43
39887,2,499.12
39888,4,338.8
39889,1,375.38
39890,3,454.19
39891,2,170.05
39892,8,127.41
39893,3,470.84
39894,1,271.85
39895,4,353.96
39896,2,428.68
39897,7,354.34
39898,3,256.65
39899,10,151.61
39900,4,488.81
39901,2,430.95
39902,10,257.53
39903,3,38.72
39904,5,265.12
39905,2,209.15
39906,2,102.65
39907,7,494.44
39908,9,279.16
39909,6,244.47
39910,1,60.53
39911,9,377.07
39912,10,495.19
39913,7,241.49
39914,10,213.69
39915,3,325.63
39916,4,427.6
39917,1,91.14
39918,7,450.79
39919,7,311.09
39920,1,397.82
39921,3,324.83
39922,8,362.76
39923,4,285.86
39924,10,381.66
39925,7,198.31
39926,10,20.09
39927,2,109.64
39928,5,42.95
39929,3,277.11
39930,4,362.76
39931,2,331.8
39932,6,337.26
39933,7,247.92
39934,6,32.64
39935,9,95.71
39936,1,422.74
39937,5,252.01
39938,4,20.82
39939,10,74.0
39940,10,339.63
39941,8,147.03
39942,9,488.45
39943,3,146.37
39944,9,489.61
39945,4,182.75
39946,8,82.08
39947,8,342.86
39948,2,404.54
39949,10,19.04
39950,5,357.48
39951,4,369.11
39952,3,239.17
39953,3,34.34
39954,10,407.21
39955,9,346.29
39956,10,22.63
39957,2,186.77
39958,2,237.24
39959,5,334.52
39960,10,257.27
39961,3,72.35
39962,7,272.83
39963,7,245.5
39964,7,498.2
39965,4,317.14
39966,10,140.25
39967,6,89.98
39968,6,298.41
39969,3,491.4
39970,1,438.08
39971,10,320.09
39972,2,496.0
39973,7,190.5
39974,2,187.78
39975,8,138.74
39976,8,483.82
39977,3,128.98
39978,5,112.48
39979,7,202.57
39980,7,148.41
39981,10,267.62
39982,5,319.99
39983,6,401.4
39984,1,116.49
39985,6,19.37
39986,7,257.56
39987,1,354.44
39988,2,167.17
39989,3,229.61
39990,7,181.17
39991,10,402.2
39992,1,130.74
39993,8,414.5
39994,6,439.6
39995,9,178.09
39996,10,336.08
39997,4,416.35
39998,10,324.09
39999,4,444.71
40000,3,410.31
40001,3,298.19
40002,2,307.95
40003,6,349.03
40004,7,125.47
40005,5,117.09
40006,4,303.13
40007,8,44.0
40008,4,212.83
40009,1,223.77
40010,10,119.57
40011,8,360.45
40012,8,326.24
40013,1,204.28
40014,10,257.44
40015,8,436.22
40016,1,468.98
40017,2,278.97
40018,2,211.62
40019,7,330.75
40020,10,481.58
40021,5,328.43
40022,1,171.61
40023,6,197.11
40024,3,139.34
40025,8,407.19
40026,3,27.04
40027,8,440.12
40028,9,451.88
40029,3,320.49
40030,2,383.32
40031,2,104.15
40032,6,441.55
40033,7,407.64
40034,9,486.46
40035,8,375.67
40036,2,139.19
40037,4,212.3
40038,9,291.43
40039,4,423.4
40040,2,491.11
40041,6,449.3
40042,10,471.64
40043,9,261.35
40044,8,347.94
40045,1,39.19
40046,3,190.65
40047,9,282.36
40048,3,283.38
40049,7,32.19
40050,6,456.83
40051,4,138.42
40052,2,426.84
40053,2,479.87
40054,3,95.55
40055,2,119.67
40056,3,45.0
40057,1,319.77
40058,10,465.93
40059,3,460.35
40060,10,467.19
40061,8,10.86
40062,10,368.07
40063,8,464.07
40064,7,129.91
40065,3,286.74
40066,4,335.85
40067,1,451.88
40068,1,84.91
40069,4,93.41
40070,6,89.88
40071,3,141.14
40072,1,200.7
40073,3,73.93
40074,2,246.78
40075,5,373.77
40076,7,31.44
40077,7,141.74
40078,10,345.36
40079,9,371.83
40080,5,232.09
40081,7,308.47
40082,3,300.03
40083,3,237.17
40084,10,356.58
40085,10,20.65
40086,5,449.78
40087,1,339.48
40088,9,101.36
40089,3,389.14
40090,7,363.65
40091,10,74.88
40092,9,90.91
40093,10,250.62
40094,6,114.79
40095,9,102.73
40096,8,151.89
40097,4,227.49
40098,1,46.8
40099,3,198.45
40100,5,379.17
40101,1,457.83
40102,9,178.65
40103,5,107.16
40104,1,211.56
40105,6,478.68
40106,4,67.66
40107,5,264.05
40108,9,445.77
40109,3,486.02
40110,10,34.25
40111,6,485.95
40112,5,175.19
40113,4,139.13
40114,9,373.61
40115,5,67.86
40116,3,124.33
40117,7,468.97
40118,2,214.25
40119,6,99.27
40120,1,471.11
40121,9,43.13
40122,8,116.53
40123,4,487.05
40124,5,311.41
40125,6,80.96
40126,1,133.38
40127,3,147.32
40128,1,183.52
40129,7,344.48
40130,4,263.99
40131,9,309.45
40132,1,326.04
40133,7,364.84
40134,4,69.03
40135,9,387.43
40136,7,121.96
40137,10,175.72
40138,1,21.86
40139,3,410.17
40140,1,356.22
40141,7,387.3
40142,9,493.43
40143,7,296.63
40144,2,87.0
40145,1,423.57
40146,8,24.06
40147,3,246.63
40148,1,387.63
40149,4,264.52
40150,3,491.94
40151,1,36.61
40152,1,116.77
40153,1,422.32
40154,2,39.92
40155,1,34.77
40156,3,411.13
40157,3,65.06
40158,1,106.68
40159,9,423.33
40160,9,245.72
40161,2,173.78
40162,5,61.5
40163,9,294.46
40164,3,218.47
40165,5,488.31
40166,2,437.67
40167,7,96.33
40168,5,433.99
40169,10,183.99
40170,6,190.47
40171,4,259.97
40172,1,289.54
40173,10,53.74
40174,5,87.87
40175,3,460.87
40176,1,186.18
40177,4,473.43
40178,9,121.13
40179,2,351.31
40180,9,458.39
40181,6,162.9
40182,10,208.55
40183,3,140.14
40184,3,498.82
40185,7,208.44
40186,5,247.82
40187,10,135.6
40188,5,85.36
40189,1,420.37
40190,1,17.13
40191,5,119.67
40192,2,477.56
40193,2,222.61
40194,1,305.72
40195,1,371.34
40196,8,328.19
40197,5,362.37
40198,1,88.67
40199,2,474.92
40200,10,115.54
40201,6,25.34
40202,1,191.78
40203,3,110.38
40204,6,254.93
40205,2,184.46
40206,9,381.69
40207,2,377.57
40208,5,477.25
40209,9,323.08
40210,2,187.53
40211,5,226.38
40212,4,287.9
40213,10,14.57
40214,4,237.51
40215,10,288.95
40216,6,332.71
40217,6,413.8
40218,3,280.57
40219,8,199.58
40220,5,327.71
40221,2,265.69
40222,2,217.66
40223,9,101.72
40224,2,406.17
40225,4,429.04
40226,3,137.59
40227,5,335.12
40228,10,51.48
40229,4,354.18
40230,10,166.61
40231,4,84.42
40232,6,439.78
40233,5,365.38
40234,1,174.17
40235,6,141.34
40236,7,125.83
40237,3,52.52
40238,3,227.35
40239,1,431.81
40240,7,390.12
40241,3,220.35
40242,7,56.43
40243,1,283.53
40244,5,155.6
40245,8,215.19
40246,1,323.39
40247,8,304.62
40248,10,485.58
40249,10,198.83
40250,3,265.1
40251,8,470.48
40252,4,123.47
40253,10,324.92
40254,9,373.84
40255,9,403.08
40256,3,166.95
40257,9,260.77
40258,5,289.55
40259,7,348.82
40260,6,91.69
40261,6,442.0
40262,1,437.88
40263,2,394.43
40264,4,306.01
40265,6,403.34
40266,2,489.52
40267,4,46.17
40268,6,425.05
40269,2,158.3
40270,9,173.65
40271,8,488.74
40272,2,230.53
40273,4,387.28
40274,2,307.16
40275,3,465.6
40276,7,73.16
40277,10,471.22
40278,4,61.21
40279,6,231.41
40280,7,328.63
40281,5,101.28
40282,9,332.46
40283,7,11.51
40284,2,289.33
40285,5,485.83
40286,2,69.18
40287,1,273.82
40288,1,247.45
40289,6,454.18
40290,6,159.11
40291,9,469.54
40292,7,67.69
40293,6,30.35
40294,9,186.98
40295,2,55.27
40296,9,460.35
40297,4,17.31
40298,2,179.89
40299,8,55.83
40300,6,236.83
40301,8,481.81
40302,1,131.43
40303,8,61.22
40304,2,53.3
40305,10,161.37
40306,3,455.21
40307,8,47.76
40308,1,106.92
40309,7,490.31
40310,1,222.71
40311,3,282.24
40312,8,313.52
40313,9,41.95
40314,6,296.2
40315,6,220.05
40316,1,203.21
40317,6,476.96
40318,10,288.42
40319,2,171.88
40320,5,98.37
40321,6,336.21
40322,10,25.01
40323,7,404.24
40324,2,174.98
40325,7,135.59
40326,4,384.23
40327,7,90.43
40328,1,493.01
40329,4,13.13
40330,5,340.41
40331,3,434.79
40332,1,268.1
40333,3,109.35
40334,1,433.73
40335,10,195.58
40336,9,477.91
40337,9,346.06
40338,9,367.72
40339,4,42.68
40340,5,300.25
40341,4,347.61
40342,7,252.78
40343,9,135.18
40344,5,144.42
40345,3,65.06
40346,10,398.1
40347,8,384.71
40348,7,82.42
40349,3,316.55
40350,8,275.87
40351,10,160.89
40352,7,369.55
40353,4,84.03
40354,1,379.87
40355,4,334.6
40356,1,88.15
40357,2,173.88
40358,3,182.37
40359,5,353.12
40360,9,131.38
40361,10,352.15
40362,2,63.98
40363,2,26.24
40364,10,251.49
40365,1,451.19
40366,2,101.39
40367,5,340.63
40368,3,354.37
40369,4,204.35
40370,3,166.33
40371,8,125.29
40372,3,351.73
40373,10,70.22
40374,2,90.42
40375,3,35.73
40376,10,496.48
40377,6,415.48
40378,5,10.89
40379,4,147.03
40380,7,360.91
40381,9,496.09
40382,10,61.71
40383,9,37.15
40384,1,202.19
40385,7,192.35
40386,7,346.64
40387,4,19.68
40388,1,364.95
40389,10,28.91
40390,9,340.24
40391,6,324.16
40392,7,404.64
40393,8,198.38
40394,2,124.79
40395,3,282.65
40396,4,104.57
40397,5,424.39
40398,5,125.32
40399,1,350.27
40400,8,54.16
40401,3,247.78
40402,1,179.94
40403,4,305.68
40404,6,149.71
40405,2,152.45
40406,2,380.87
40407,2,325.49
40408,2,48.77
40409,9,135.13
40410,6,460.82
40411,7,324.47
40412,10,203.46
40413,3,447.3
40414,3,321.31
40415,9,214.97
40416,6,53.82
40417,4,239.26
40418,3,242.24
40419,10,12.13
40420,6,185.15
40421,1,435.88
40422,5,333.38
40423,4,62.7
40424,4,429.66
40425,5,210.82
40426,5,115.51
40427,8,148.24
40428,10,470.12
40429,9,419.77
40430,3,33.15
40431,8,389.41
40432,7,256.15
40433,3,239.65
40434,9,263.01
40435,10,419.43
40436,1,447.5
40437,2,324.55
40438,3,208.7
40439,10,287.06
40440,2,472.84
40441,10,34.96
40442,7,93.24
40443,5,158.14
40444,1,191.43
40445,1,411.63
40446,1,216.77
40447,6,441.73
40448,2,397.8
40449,9,254.29
40450,4,117.18
40451,5,257.92
40452,9,388.28
40453,2,106.2
40454,7,402.07
40455,5,410.73
40456,5,252.73
40457,3,68.84
40458,3,174.88
40459,9,98.97
40460,2,284.3
40461,10,282.73
40462,5,166.55
40463,7,295.99
40464,3,286.85
40465,3,184.58
40466,9,352.89
40467,5,383.2
40468,1,245.73
40469,3,66.7
40470,7,408.62
40471,10,350.62
40472,6,315.96
40473,6,120.68
40474,5,141.32
40475,4,387.09
40476,2,324.89
40477,10,239.37
40478,1,202.63
40479,10,186.6
40480,1,245.01
40481,1,440.23
40482,10,227.77
40483,5,40.24
40484,4,127.37
40485,8,116.55
40486,2,390.84
40487,10,13.58
40488,10,108.08
40489,4,494.34
40490,9,214.51
40491,9,422.82
40492,10,266.56
40493,6,291.96
40494,5,348.69
40495,10,129.29
40496,7,194.41
40497,7,123.4
40498,2,342.07
40499,10,34.47
40500,10,67.63
40501,1,445.26
40502,4,317.71
40503,2,264.35
40504,6,70.74
40505,2,310.72
40506,4,146.05
40507,9,202.32
40508,8,344.88
40509,2,232.81
40510,8,163.27
40511,6,389.23
40512,1,247.43
40513,6,466.66
40514,7,256.58
40515,7,278.82
40516,5,391.32
40517,8,467.54
40518,10,36.13
40519,1,52.45
40520,4,284.43
40521,9,187.81
40522,8,339.27
40523,8,466.78
40524,10,444.14
40525,2,132.48
40526,3,41.48
40527,8,36.97
40528,6,294.65
40529,5,200.72
40530,10,201.08
40531,5,475.76
40532,8,293.73
40533,8,337.92
40534,4,440.41
40535,10,77.95
40536,10,140.67
40537,2,120.75
40538,4,368.43
40539,3,298.91
40540,6,371.43
40541,5,319.38
40542,1,181.29
40543,5,171.75
40544,1,161.5
40545,2,149.74
40546,4,411.74
40547,7,376.43
40548,6,66.06
40549,10,441.95
40550,10,134.67
40551,4,204.82
40552,5,32.06
40553,10,275.09
40554,2,222.27
40555,8,455.72
40556,9,322.91
40557,4,101.43
40558,3,69.98
40559,1,120.33
40560,9,175.08
40561,10,140.53
40562,3,287.17
40563,6,191.76
40564,6,335.7
40565,2,298.35
40566,4,209.98
40567,3,114.78
40568,1,272.52
40569,8,79.26
40570,7,18.57
40571,8,220.72
40572,3,145.34
40573,1,161.28
40574,2,173.04
40575,9,346.87
40576,1,401.03
40577,3,247.13
40578,10,288.77
40579,10,153.97
40580,10,146.28
40581,1,400.42
40582,2,359.5
40583,10,411.44
40584,10,427.72
40585,7,217.82
40586,10,121.89
40587,7,230.42
40588,1,258.34
40589,7,190.21
40590,1,25.26
40591,3,435.21
40592,3,295.48
40593,8,22.19
40594,5,299.34
40595,4,179.85
40596,6,113.92
40597,2,242.75
40598,1,245.39
40599,9,250.88
40600,8,301.67
40601,4,445.16
40602,9,385.74
40603,2,464.03
40604,6,101.7
40605,10,425.3
40606,5,194.35
40607,4,468.86
40608,8,227.97
40609,5,61.41
40610,5,380.08
40611,7,438.68
40612,4,158.23
40613,5,467.32
40614,2,310.06
40615,2,96.71
40616,1,495.75
40617,10,42.5
40618,4,415.97
40619,5,480.04
40620,3,386.1
40621,8,136.72
40622,1,43.45
40623,6,304.79
40624,3,37.76
40625,7,164.07
40626,3,233.02
40627,2,306.27
40628,7,318.58
40629,1,237.39
40630,1,330.47
40631,10,495.13
40632,8,12.08
40633,4,447.52
40634,9,268.49
40635,9,14.52
40636,10,401.27
40637,4,389.5
40638,4,269.46
40639,9,246.68
40640,10,322.49
40641,10,341.54
40642,8,83.93
40643,6,484.92
40644,9,373.99
40645,2,184.31
40646,2,103.28
40647,10,390.04
40648,3,257.87
40649,2,487.68
40650,1,21.52
40651,4,423.93
40652,10,393.04
40653,8,418.95
40654,5,118.32
40655,4,152.97
40656,6,40.97
40657,4,269.69
40658,9,379.72
40659,3,256.96
40660,10,226.69
40661,2,29.86
40662,8,167.61
40663,10,277.39
40664,2,66.68
40665,9,16.79
40666,9,54.2
40667,7,411.04
40668,1,364.81
40669,9,289.13
40670,10,491.01
40671,2,86.11
40672,2,156.79
40673,8,58.28
40674,4,280.36
40675,5,486.49
40676,2,394.1
40677,2,176.12
40678,5,24.28
40679,4,106.46
40680,6,310.19
40681,7,421.5
40682,1,39.72
40683,8,29.21
40684,6,109.76
40685,10,219.94
40686,3,367.83
40687,8,493.44
40688,9,215.5
40689,9,211.06
40690,4,39.16
40691,8,252.3
40692,3,208.78
40693,10,339.76
40694,10,81.4
40695,8,342.23
40696,6,130.47
40697,10,191.99
40698,7,312.83
40699,7,279.49
40700,7,405.66
40701,1,357.3
40702,10,80.77
40703,1,160.38
40704,8,312.42
40705,6,282.38
40706,4,30.46
40707,4,177.35
40708,1,478.69
40709,8,198.26
40710,1,26.54
40711,9,435.3
40712,6,39.59
40713,9,437.53
40714,5,342.46
40715,2,13.2
40716,7,262.9
40717,10,473.89
40718,4,390.97
40719,8,131.33
40720,8,418.66
40721,3,132.04
40722,2,38.51
40723,2,358.94
40724,10,151.79
40725,6,419.3
40726,10,237.7
40727,2,132.22
40728,2,91.16
40729,8,119.57
40730,9,48.11
40731,4,484.61
40732,9,66.05
40733,1,383.83
40734,1,75.91
40735,8,384.87
40736,6,327.06
40737,8,482.4
40738,3,222.42
40739,10,165.94
40740,5,391.86
40741,7,65.07
40742,3,483.68
40743,4,452.21
40744,9,185.48
40745,9,331.94
40746,5,105.46
40747,9,436.47
40748,3,267.14
40749,1,430.21
40750,9,172.62
40751,7,477.95
40752,3,334.22
40753,4,198.59
40754,4,292.27
40755,7,360.85
40756,4,499.92
40757,6,401.7
40758,3,162.13
40759,6,471.93
40760,6,393.27
40761,3,174.95
40762,7,261.93
40763,8,470.26
40764,1,267.43
40765,1,202.02
40766,4,181.47
40767,8,394.42
40768,10,256.74
40769,10,279.21
40770,1,399.34
40771,5,55.81
40772,8,466.39
40773,3,496.95
40774,3,311.4
40775,3,224.87
40776,7,464.52
40777,4,64.19
40778,7,314.07
40779,9,464.3
40780,1,393.97
40781,9,139.86
40782,2,404.41
40783,7,26.73
40784,3,318.32
40785,2,92.74
40786,2,380.56
40787,6,274.32
40788,5,395.2
40789,8,385.98
40790,4,266.57
40791,5,262.33
40792,5,258.11
40793,4,383.31
40794,7,289.48
40795,9,17.6
40796,3,91.8
40797,1,285.65
40798,4,193.05
40799,8,356.08
40800,9,392.04
40801,4,240.27
40802,5,99.0
40803,2,159.16
40804,2,165.2
40805,8,21.14
40806,10,193.52
40807,2,39.84
40808,5,207.72
40809,1,178.12
40810,9,300.72
40811,3,208.13
40812,2,21.96
40813,5,416.7
40814,8,374.55
40815,7,337.8
40816,2,354.42
40817,5,290.42
40818,5,107.8
40819,1,180.17
40820,2,123.18
40821,7,466.59
40822,2,417.34
40823,5,429.49
40824,6,232.69
40825,6,406.67
40826,6,92.33
40827,6,191.38
40828,9,304.95
40829,3,295.48
40830,6,188.87
40831,6,411.62
40832,3,147.36
40833,2,11.57
40834,8,324.91
40835,2,168.95
40836,1,395.87
40837,10,286.4
40838,3,312.56
40839,4,151.8
40840,7,92.27
40841,8,88.2
40842,5,281.31
40843,6,144.51
40844,6,360.9
40845,10,165.2
40846,3,221.44
40847,5,264.48
40848,6,407.89
40849,6,333.69
40850,1,85.74
40851,1,308.28
40852,8,471.41
40853,10,459.74
40854,8,389.9
40855,3,275.47
40856,7,48.87
40857,9,77.03
40858,9,170.54
40859,1,141.79
40860,7,72.6
40861,10,323.01
40862,4,401.16
40863,2,15.16
40864,3,415.16
40865,1,61.9
40866,4,34.99
40867,2,400.31
40868,4,77.96
40869,4,131.06
40870,9,280.61
40871,9,156.27
40872,7,218.78
40873,9,208.24
40874,4,483.55
40875,5,370.22
40876,2,435.94
40877,4,452.13
40878,2,99.61
40879,2,303.87
40880,5,104.38
40881,7,25.89
40882,6,215.55
40883,1,141.18
40884,4,212.38
40885,5,352.45
40886,5,136.06
40887,7,378.9
40888,5,158.22
40889,2,360.65
40890,1,211.03
40891,1,311.54
40892,1,476.13
40893,4,320.28
40894,1,122.36
40895,7,389.46
40896,2,434.05
40897,2,319.83
40898,9,235.93
40899,1,136.06
40900,5,145.74
40901,7,138.2
40902,7,122.14
40903,10,284.09
40904,3,79.03
40905,5,28.86
40906,2,475.53
40907,5,371.64
40908,10,430.73
40909,8,289.98
40910,6,320.69
40911,4,169.77
40912,1,172.85
40913,5,63.71
40914,4,61.24
40915,10,360.82
40916,8,462.79
40917,1,384.38
40918,7,332.66
40919,10,421.89
40920,3,60.28
40921,4,309.13
40922,1,344.45
40923,1,477.43
40924,1,356.58
40925,8,359.4
40926,5,386.06
40927,2,389.48
40928,8,310.88
40929,9,357.48
40930,1,108.79
40931,4,466.92
40932,4,442.09
40933,4,246.49
40934,9,61.52
40935,4,354.33
40936,2,421.48
40937,2,235.1
40938,10,296.96
40939,5,148.83
40940,6,439.85
40941,2,274.14
40942,4,134.81
40943,1,100.4
40944,10,23.29
40945,2,450.46
40946,10,58.24
40947,9,384.42
40948,6,114.28
40949,2,37.96
40950,8,23.87
40951,7,437.01
40952,7,245.69
40953,1,100.71
40954,9,314.78
40955,3,242.68
40956,2,240.38
40957,4,477.23
40958,3,204.97
40959,6,359.4
40960,8,271.84
40961,2,39.59
40962,6,370.35
40963,9,300.73
40964,2,210.57
40965,9,403.07
40966,4,46.09
40967,9,480.84
40968,6,192.04
40969,6,213.4
40970,7,354.99
40971,9,224.88
40972,1,167.43
40973,5,461.97
40974,2,456.09
40975,7,336.27
40976,7,302.12
40977,2,52.35
40978,6,111.62
40979,1,481.97
40980,6,80.84
40981,5,78.02
40982,10,386.57
40983,7,334.24
40984,10,396.24
40985,10,473.47
40986,8,211.47
40987,7,311.56
40988,10,409.75
40989,1,493.33
40990,9,95.62
40991,2,206.13
40992,1,138.13
40993,4,253.08
40994,7,142.72
40995,1,152.12
40996,10,482.51
40997,8,30.9
40998,9,125.11
40999,2,11.38
41000,2,439.06
41001,2,191.11
41002,8,378.63
41003,8,36.59
41004,9,118.95
41005,8,258.8
41006,10,459.95
41007,9,98.62
41008,5,496.19
41009,7,16.7
41010,10,151.93
41011,4,461.17
41012,1,68.46
41013,4,490.2
41014,3,396.7
41015,3,106.4
41016,4,328.27
41017,5,35.21
41018,6,230.96
41019,4,429.25
41020,9,137.61
41021,5,248.26
41022,8,280.51
41023,3,400.25
41024,10,201.09
41025,6,492.7
41026,8,123.76
41027,6,457.93
41028,6,331.89
41029,5,490.94
41030,7,33.57
41031,7,222.38
41032,8,355.08
41033,7,210.94
41034,8,54.18
41035,5,112.54
41036,7,324.48
41037,9,118.1
41038,9,170.22
41039,10,233.32
41040,2,346.19
41041,8,302.09
41042,1,22.18
41043,9,123.68
41044,7,324.25
41045,8,321.73
41046,7,35.84
41047,4,485.49
41048,1,44.51
41049,10,264.7
41050,3,411.33
41051,2,377.08
41052,10,174.94
41053,3,254.72
41054,4,444.74
41055,4,98.04
41056,6,315.96
41057,7,413.83
41058,4,447.76
41059,6,66.95
41060,7,424.14
41061,2,351.17
41062,7,179.48
41063,6,330.49
41064,4,262.44
41065,3,90.77
41066,3,311.24
41067,4,195.68
41068,6,260.36
41069,4,410.15
41070,10,463.26
41071,7,424.59
41072,6,83.64
41073,1,363.94
41074,5,277.95
41075,3,445.09
41076,3,196.22
41077,8,343.96
41078,2,371.21
41079,9,255.51
41080,2,183.74
41081,7,292.64
41082,1,310.35
41083,9,435.36
41084,8,443.11
41085,9,270.18
41086,3,301.67
41087,2,321.1
41088,9,12.91
41089,8,446.02
41090,7,58.47
41091,6,134.54
41092,9,371.24
41093,7,61.62
41094,9,226.14
41095,1,491.42
41096,4,212.54
41097,2,82.18
41098,1,41.07
41099,4,186.91
41100,7,305.49
41101,4,208.39
41102,8,99.4
41103,6,300.6
41104,6,197.13
41105,5,96.65
41106,2,362.11
41107,3,260.9
41108,10,269.52
41109,4,385.36
41110,5,410.93
41111,5,129.97
41112,2,322.85
41113,10,132.72
41114,7,443.05
41115,8,457.69
41116,7,104.47
41117,3,169.76
41118,2,183.63
41119,2,31.49
41120,5,327.05
41121,1,275.66
41122,5,167.03
41123,2,26.4
41124,1,93.63
41125,10,32.14
41126,8,192.31
41127,8,223.75
41128,2,238.21
41129,4,179.0
41130,6,43.06
41131,9,485.35
41132,7,414.18
41133,2,241.92
41134,9,157.62
41135,2,80.52
41136,2,308.7
41137,10,84.38
41138,3,396.52
41139,2,306.4
41140,9,354.66
41141,9,423.14
41142,4,124.61
41143,1,217.48
41144,6,482.91
41145,10,461.95
41146,8,387.81
41147,2,128.55
41148,6,74.19
41149,3,12.23
41150,3,456.67
41151,8,314.0
41152,2,332.8
41153,8,475.89
41154,1,26.62
41155,3,271.61
41156,9,178.74
41157,6,348.57
41158,8,99.07
41159,10,142.72
41160,9,358.61
41161,9,131.1
41162,2,54.99
41163,9,290.27
41164,9,130.48
41165,5,26.51
41166,3,342.0
41167,7,395.15
41168,1,373.43
41169,7,21.79
41170,6,204.22
41171,4,456.53
41172,10,15.29
41173,9,279.26
41174,6,474.27
41175,10,43.88
41176,8,345.12
41177,8,467.49
41178,1,384.95
41179,7,354.46
41180,7,93.41
41181,10,273.0
41182,3,434.01
41183,3,171.05
41184,6,129.71
41185,7,166.71
41186,4,55.76
41187,4,164.9
41188,5,264.29
41189,5,85.38
41190,1,290.13
41191,2,266.57
41192,5,145.31
41193,7,358.8
41194,3,489.55
41195,1,141.19
41196,3,160.78
41197,8,321.3
41198,10,239.47
41199,8,104.17
41200,2,401.23
41201,10,474.55
41202,2,62.75
41203,9,26.45
41204,3,335.41
41205,4,432.53
41206,9,27.68
41207,5,115.05
41208,6,385.33
41209,8,418.75
41210,10,32.11
41211,3,497.15
41212,7,173.78
41213,2,474.01
41214,6,441.33
41215,7,323.82
41216,8,126.1
41217,4,225.04
41218,2,33.76
41219,3,397.78
41220,8,332.99
41221,9,438.48
41222,8,366.82
41223,6,481.6
41224,10,489.33
41225,4,84.35
41226,7,23.17
41227,8,378.23
41228,1,181.25
41229,3,349.35
41230,2,303.19
41231,6,15.15
41232,6,260.42
41233,4,204.22
41234,9,433.99
41235,6,387.47
41236,8,387.35
41237,3,147.04
41238,6,331.39
41239,6,328.01
41240,3,193.91
41241,8,457.62
41242,7,288.13
41243,4,481.19
41244,5,102.93
41245,3,496.51
41246,9,104.06
41247,3,415.72
41248,4,13.92
41249,8,112.92
41250,3,393.4
41251,5,158.43
41252,5,14.59
41253,1,15.91
41254,6,116.22
41255,5,144.43
41256,3,412.0
41257,8,481.58
41258,10,423.33
41259,9,44.94
41260,3,247.22
41261,5,388.87
41262,4,138.57
41263,8,92.01
41264,1,140.15
41265,9,398.44
41266,5,150.55
41267,8,497.43
41268,3,322.62
41269,3,174.87
41270,6,289.92
41271,5,400.94
41272,5,283.85
41273,8,181.18
41274,7,188.61
41275,10,280.13
41276,7,388.98
41277,10,132.63
41278,2,482.96
41279,1,11.52
41280,8,55.7
41281,7,81.93
41282,6,386.14
41283,2,203.19
41284,4,384.72
41285,9,100.08
41286,5,374.79
41287,5,419.54
41288,7,340.11
41289,10,167.89
41290,7,442.37
41291,7,339.04
41292,6,206.96
41293,7,15.51
41294,1,252.09
41295,3,147.05
41296,6,48.96
41297,4,367.83
41298,10,210.0
41299,3,235.57
41300,4,153.36
41301,9,419.73
41302,8,404.6
41303,5,495.36
41304,5,46.63
41305,9,151.57
41306,5,91.26
41307,6,341.15
41308,10,322.19
41309,4,225.59
41310,1,190.39
41311,6,143.15
41312,5,50.35
41313,9,236.17
41314,5,302.21
41315,6,336.38
41316,3,78.91
41317,10,171.34
41318,9,372.02
41319,9,302.83
41320,7,262.3
41321,2,196.21
41322,6,182.29
41323,9,307.65
41324,5,301.81
41325,9,226.2
41326,10,286.49
41327,6,237.92
41328,9,380.0
41329,1,39.35
41330,9,339.17
41331,7,469.29
41332,10,31.49
41333,1,433.79
41334,3,194.67
41335,8,366.93
41336,3,88.84
41337,10,17.63
41338,10,390.94
41339,4,162.0
41340,8,141.83
41341,10,230.34
41342,9,154.86
41343,6,93.62
41344,9,397.0
41345,6,175.37
41346,6,209.0
41347,5,310.96
41348,4,372.41
41349,3,300.19
41350,6,403.64
41351,3,26.91
41352,4,26.73
41353,7,38.13
41354,3,417.93
41355,4,376.79
41356,8,191.4
41357,10,323.4
41358,8,348.55
41359,3,487.52
41360,9,159.93
41361,9,455.05
41362,9,405.8
41363,6,234.14
41364,1,191.79
41365,6,240.38
41366,10,383.41
41367,10,241.04
41368,4,370.4
41369,3,410.28
41370,2,271.11
41371,2,314.61
41372,1,178.56
41373,9,494.45
41374,5,212.68
41375,6,460.5
41376,10,463.65
41377,9,296.77
41378,4,186.82
41379,1,189.0
41380,4,34.72
41381,7,408.68
41382,3,342.39
41383,1,452.99
41384,5,432.53
41385,7,21.58
41386,5,145.05
41387,2,55.62
41388,4,377.79
41389,9,147.97
41390,7,85.46
41391,8,138.44
41392,7,284.22
41393,5,275.41
41394,1,226.95
41395,2,127.42
41396,5,78.14
41397,3,121.63
41398,6,375.4
41399,5,160.17
41400,1,192.02
41401,2,480.11
41402,7,73.29
41403,9,442.89
41404,1,84.85
41405,2,328.38
41406,1,135.79
41407,3,478.08
41408,9,471.99
41409,9,455.09
41410,1,153.05
41411,7,10.12
41412,3,163.52
41413,10,91.89
41414,1,70.86
41415,10,275.52
41416,6,174.65
41417,7,51.67
41418,3,263.0
41419,3,249.91
41420,3,360.98
41421,2,73.34
41422,10,72.29
41423,8,294.46
41424,7,465.27
41425,5,32.3
41426,8,63.76
41427,4,391.6
41428,2,15.43
41429,9,337.96
41430,5,490.04
41431,6,81.78
41432,5,29.06
41433,1,375.5
41434,4,188.58
41435,2,387.75
41436,9,259.76
41437,10,113.87
41438,6,251.44
41439,5,286.45
41440,8,257.77
41441,10,460.11
41442,10,85.95
41443,10,320.06
41444,2,208.58
41445,2,211.17
41446,5,200.72
41447,7,338.52
41448,4,100.27
41449,7,119.37
41450,2,261.33
41451,3,302.33
41452,8,256.68
41453,8,197.25
41454,3,153.45
41455,9,322.81
41456,9,423.43
41457,2,203.02
41458,3,468.82
41459,7,119.24
41460,8,393.85
41461,5,349.22
41462,5,171.74
41463,5,24.9
41464,6,493.97
41465,2,212.39
41466,9,106.55
41467,4,68.89
41468,5,97.11
41469,5,239.03
41470,4,401.77
41471,1,434.22
41472,3,230.72
41473,6,172.72
41474,5,14.18
41475,8,473.29
41476,2,453.85
41477,3,132.51
41478,3,497.05
41479,6,269.03
41480,3,24.36
41481,8,308.68
41482,1,326.25
41483,3,198.58
41484,7,57.33
41485,4,195.9
41486,8,213.8
41487,4,160.34
41488,9,187.41
41489,9,169.44
41490,3,308.29
41491,6,435.54
41492,1,111.73
41493,2,465.56
41494,1,63.91
41495,3,373.74
41496,10,204.83
41497,6,190.59
41498,10,407.86
41499,6,319.37
41500,2,372.64
41501,8,462.55
41502,9,420.94
41503,1,92.02
41504,2,433.97
41505,6,486.94
41506,4,306.25
41507,4,36.72
41508,5,402.81
41509,2,194.52
41510,1,90.85
41511,2,157.74
41512,3,404.16
41513,10,36.83
41514,8,261.46
41515,4,145.17
41516,2,19.64
41517,8,338.04
41518,6,341.5
41519,3,69.8
41520,1,296.66
41521,6,296.06
41522,1,320.55
41523,1,433.02
41524,5,106.52
41525,3,416.47
41526,2,129.43
41527,4,393.78
41528,5,491.59
41529,2,345.32
41530,2,261.36
41531,8,79.98
41532,5,95.25
41533,10,104.94
41534,2,237.9
41535,7,409.18
41536,4,221.61
41537,4,429.15
41538,2,187.94
41539,7,327.35
41540,6,317.26
41541,5,453.96
41542,2,369.88
41543,8,279.55
41544,9,281.63
41545,6,251.98
41546,4,138.24
41547,7,100.12
41548,4,64.49
41549,7,140.3
41550,3,352.08
41551,8,123.88
41552,4,480.35
41553,1,362.72
41554,6,359.57
41555,8,484.15
41556,5,57.54
41557,3,311.37
41558,9,219.99
41559,4,242.58
41560,10,380.45
41561,6,136.94
41562,6,393.53
41563,2,243.32
41564,1,477.09
41565,8,236.89
41566,8,491.71
41567,2,469.43
41568,8,336.77
41569,9,330.98
41570,8,365.84
41571,9,391.41
41572,9,476.46
41573,7,176.73
41574,1,430.68
41575,4,48.59
41576,3,467.04
41577,6,436.53
41578,9,493.08
41579,4,223.11
41580,3,166.02
41581,10,194.23
41582,2,279.47
41583,4,480.97
41584,4,298.3
41585,4,12.63
41586,2,177.39
41587,10,180.78
41588,3,114.55
41589,10,434.87
41590,4,469.59
41591,6,302.79
41592,2,481.31
41593,6,351.55
41594,9,367.09
41595,6,30.58
41596,8,481.94
41597,10,246.38
41598,3,90.33
41599,2,34.29
41600,9,293.75
41601,9,350.18
41602,8,14.05
41603,9,304.06
41604,6,33.8
41605,1,118.14
41606,9,419.28
41607,10,59.13
41608,4,72.98
41609,1,123.46
41610,1,285.72
41611,1,103.68
41612,8,145.19
41613,7,432.1
41614,3,206.96
41615,1,230.75
41616,9,39.55
41617,8,305.75
41618,5,420.49
41619,7,306.74
41620,10,11.08
41621,10,65.38
41622,3,115.9
41623,10,383.84
41624,8,294.75
41625,9,462.31
41626,1,142.59
41627,7,11.02
41628,8,492.46
41629,2,441.39
41630,5,297.28
41631,4,171.87
41632,3,39.45
41633,8,436.84
41634,1,397.1
41635,10,379.19
41636,8,269.51
41637,1,170.81
41638,1,62.19
41639,5,117.42
41640,2,61.15
41641,2,316.88
41642,7,248.45
41643,6,443.5
41644,3,346.14
41645,1,242.33
41646,4,473.06
41647,4,183.63
41648,5,344.32
41649,3,374.76
41650,7,191.41
41651,4,464.8
41652,8,180.44
41653,9,139.77
41654,2,71.47
41655,9,97.85
41656,5,99.93
41657,10,50.0
41658,9,173.73
41659,10,205.32
41660,9,311.58
41661,7,167.95
41662,9,175.77
41663,8,490.5
41664,10,485.85
41665,10,128.62
41666,1,51.04
41667,7,68.27
41668,3,477.64
41669,10,79.64
41670,3,195.26
41671,9,426.93
41672,2,414.63
41673,1,230.11
41674,7,270.47
41675,3,480.21
41676,3,389.37
41677,2,448.4
41678,2,51.36
41679,7,463.86
41680,6,112.59
41681,1,54.72
41682,6,391.46
41683,1,171.77
41684,8,371.11
41685,2,144.89
41686,1,81.59
41687,8,418.62
41688,7,231.68
41689,10,332.22
41690,10,71.24
41691,9,72.24
41692,5,13.93
41693,3,363.07
41694,4,72.97
41695,3,493.26
41696,1,306.62
41697,5,49.96
41698,9,402.86
41699,5,71.91
41700,10,239.38
41701,7,242.18
41702,5,78.29
41703,4,363.95
41704,4,485.6
41705,4,87.33
41706,7,414.21
41707,2,441.54
41708,8,144.57
41709,5,16.65
41710,6,190.69
41711,7,461.14
41712,3,375.82
41713,8,238.91
41714,3,310.31
41715,7,70.62
41716,7,298.3
41717,5,291.96
41718,7,52.75
41719,5,204.04
41720,9,231.2
41721,9,101.43
41722,8,423.75
41723,10,429.55
41724,3,488.95
41725,8,175.81
41726,1,140.26
41727,7,144.76
41728,4,442.8
41729,8,49.39
41730,6,113.01
41731,1,104.4
41732,7,103.22
41733,2,248.6
41734,5,406.34
41735,2,488.99
41736,7,234.64
41737,4,60.63
41738,3,69.35
41739,9,98.33
41740,3,181.12
41741,7,232.74
41742,5,335.76
41743,6,435.37
41744,2,244.75
41745,9,154.04
41746,2,486.95
41747,7,330.12
41748,5,236.03
41749,6,371.35
41750,1,420.98
41751,10,463.93
41752,6,239.45
41753,6,145.5
41754,2,192.96
41755,10,220.18
41756,5,380.18
41757,9,468.71
41758,4,144.74
41759,9,92.9
41760,10,224.48
41761,9,217.11
41762,3,496.95
41763,4,340.19
41764,4,429.07
41765,3,83.43
41766,4,451.68
41767,3,358.36
41768,7,462.18
41769,8,349.82
41770,8,117.07
41771,6,288.34
41772,9,321.1
41773,7,35.33
41774,10,395.35
41775,4,435.7
41776,10,147.94
41777,6,277.92
41778,10,258.34
41779,10,129.92
41780,5,126.96
41781,9,31.41
41782,2,301.96
41783,1,313.0
41784,6,46.11
41785,8,300.01
41786,2,249.76
41787,6,382.01
41788,9,296.76
41789,10,428.44
41790,6,36.5
41791,4,345.18
41792,7,71.86
41793,4,221.28
41794,1,226.46
41795,7,282.24
41796,7,121.69
41797,5,472.82
41798,1,197.05
41799,6,289.31
41800,5,212.66
41801,3,407.95
41802,2,170.98
41803,8,441.1
41804,5,273.51
41805,6,196.64
41806,7,169.39
41807,5,216.87
41808,4,302.76
41809,9,455.17
41810,10,296.79
41811,10,116.44
41812,8,463.3
41813,1,147.79
41814,7,214.44
41815,6,343.99
41816,3,352.94
41817,7,369.9
41818,3,406.41
41819,8,64.56
41820,1,171.89
41821,1,203.5
41822,1,477.74
41823,10,493.06
41824,10,326.84
41825,8,371.89
41826,1,205.19
41827,10,122.04
41828,5,498.06
41829,10,62.3
41830,1,433.91
41831,2,426.16
41832,5,368.89
41833,10,52.23
41834,6,398.57
41835,2,206.5
41836,4,266.3
41837,4,304.63
41838,10,451.8
41839,1,421.23
41840,5,310.53
41841,9,105.48
41842,7,426.75
41843,4,100.33
41844,8,33.13
41845,7,44.16
41846,10,118.06
41847,9,257.81
41848,8,177.36
41849,3,165.31
41850,7,435.06
41851,9,409.57
41852,6,466.36
41853,3,208.84
41854,4,224.43
41855,10,343.04
41856,10,250.93
41857,6,77.37
41858,5,73.96
41859,8,54.27
41860,10,418.8
41861,2,213.58
41862,5,358.42
41863,6,288.71
41864,3,428.73
41865,7,116.76
41866,5,349.51
41867,5,329.93
41868,6,409.82
41869,1,169.63
41870,4,434.69
41871,6,394.79
41872,5,285.8
41873,1,145.02
41874,6,355.08
41875,2,358.13
41876,2,448.47
41877,2,13.34
41878,10,369.45
41879,8,408.98
41880,3,194.2
41881,1,182.03
41882,10,394.9
41883,8,57.6
41884,8,104.29
41885,3,436.31
41886,7,218.56
41887,10,193.25
41888,10,259.44
41889,9,108.15
41890,8,361.43
41891,4,294.0
41892,8,371.78
41893,2,389.7
41894,3,378.24
41895,6,415.08
41896,10,492.96
41897,1,252.84
41898,2,154.36
41899,8,215.52
41900,5,39.42
41901,3,271.2
41902,8,132.53
41903,2,213.45
41904,1,463.28
41905,4,382.85
41906,10,462.51
41907,9,186.31
41908,5,449.41
41909,8,270.49
41910,3,426.8
41911,6,198.87
41912,7,61.37
41913,9,318.15
41914,3,381.56
41915,5,34.09
41916,9,82.91
41917,8,368.64
41918,3,226.47
41919,5,442.76
41920,1,195.19
41921,8,407.02
41922,1,271.0
41923,8,26.5
41924,5,290.53
41925,7,335.7
41926,8,353.88
41927,1,406.98
41928,8,351.18
41929,6,324.61
41930,8,297.72
41931,4,440.8
41932,3,373.6
41933,6,32.75
41934,1,391.64
41935,10,397.73
41936,5,338.31
41937,7,174.64
41938,7,374.7
41939,8,175.29
41940,6,139.17
41941,3,95.13
41942,4,431.42
41943,1,214.12
41944,10,132.71
41945,5,227.27
41946,10,341.47
41947,10,346.96
41948,4,87.15
41949,2,433.84
41950,3,291.3
41951,10,186.79
41952,7,48.7
41953,8,316.87
41954,9,266.63
41955,5,276.27
41956,2,284.29
41957,3,221.75
41958,10,401.92
41959,1,462.53
41960,10,132.81
41961,3,191.82
41962,5,247.04
41963,5,218.38
41964,4,26.42
41965,4,158.23
41966,9,349.63
41967,5,417.56
41968,10,332.35
41969,5,103.83
41970,9,289.55
41971,5,130.98
41972,7,433.09
41973,7,357.84
41974,8,431.79
41975,1,173.04
41976,8,57.68
41977,10,289.83
41978,2,120.2
41979,1,223.96
41980,6,245.61
41981,1,240.94
41982,4,19.29
41983,9,24.33
41984,3,332.89
41985,9,244.55
41986,6,88.2
41987,3,364.75
41988,5,479.58
41989,7,286.37
41990,4,438.92
41991,2,254.1
41992,8,71.09
41993,2,281.48
41994,3,80.06
41995,4,482.49
41996,2,227.45
41997,4,193.97
41998,2,110.05
41999,9,493.95
42000,1,20.41
42001,2,304.02
42002,10,440.83
42003,5,463.59
42004,9,322.82
42005,8,133.82
42006,6,24.97
42007,4,134.54
42008,8,24.26
42009,8,445.11
42010,4,202.59
42011,5,65.2
42012,5,39.49
42013,3,99.78
42014,10,180.67
42015,3,374.72
42016,10,143.11
42017,9,419.75
42018,7,49.19
42019,9,37.5
42020,9,260.07
42021,4,285.89
42022,9,384.37
42023,4,242.88
42024,3,480.42
42025,2,260.58
42026,2,281.89
42027,6,446.22
42028,8,163.48
42029,4,26.34
42030,10,324.67
42031,3,470.08
42032,1,136.79
42033,7,396.62
42034,9,58.06
42035,3,36.19
42036,5,455.91
42037,3,484.32
42038,10,370.66
42039,3,171.82
42040,7,426.1
42041,10,282.35
42042,4,97.09
42043,5,354.14
42044,5,189.01
42045,7,428.01
42046,9,324.02
42047,7,443.41
42048,2,161.69
42049,9,427.14
42050,1,145.25
42051,2,405.98
42052,6,69.23
42053,7,296.05
42054,6,107.6
42055,3,386.78
42056,9,58.34
42057,2,342.82
42058,5,417.55
42059,5,331.93
42060,9,33.18
42061,9,436.09
42062,10,315.82
42063,8,36.2
42064,8,251.34
42065,1,293.1
42066,4,313.15
42067,3,98.3
42068,3,69.22
42069,1,77.66
42070,6,465.48
42071,4,141.91
42072,9,159.31
42073,2,234.29
42074,2,287.45
42075,3,441.82
42076,3,172.26
42077,2,225.19
42078,10,55.48
42079,6,30.91
42080,5,63.56
42081,8,350.98
42082,4,73.93
42083,4,203.61
42084,8,451.94
42085,2,416.93
42086,10,357.05
42087,9,232.4
42088,4,231.69
42089,9,362.15
42090,5,193.04
42091,7,335.59
42092,7,341.79
42093,2,376.72
42094,2,354.44
42095,2,359.16
42096,3,312.42
42097,4,101.27
42098,4,296.71
42099,8,391.82
42100,9,27.64
42101,1,34.2
42102,1,458.52
42103,7,224.41
42104,6,417.28
42105,7,112.96
42106,9,351.47
42107,7,263.51
42108,1,398.72
42109,1,293.61
42110,10,425.48
42111,10,251.03
42112,4,138.97
42113,3,313.5
42114,5,186.57
42115,6,251.17
42116,3,371.77
42117,7,107.26
42118,6,213.71
42119,6,377.33
42120,8,82.43
42121,4,243.76
42122,10,391.62
42123,5,162.3
42124,9,262.79
42125,6,414.46
42126,4,55.76
42127,7,13.58
42128,10,200.06
42129,1,315.88
42130,4,110.04
42131,8,236.55
42132,7,370.05
42133,10,81.98
42134,8,180.65
42135,5,185.41
42136,3,449.33
42137,9,78.85
42138,5,452.21
42139,6,405.9
42140,9,460.55
42141,3,361.16
42142,8,208.18
42143,10,350.07
42144,6,261.2
42145,4,305.35
42146,8,85.87
42147,2,381.68
42148,9,303.03
42149,7,155.66
42150,8,93.21
42151,9,168.1
42152,6,453.24
42153,9,475.76
42154,6,330.19
42155,4,303.02
42156,5,179.72
42157,5,179.69
42158,4,414.83
42159,9,372.88
42160,3,63.85
42161,7,436.01
42162,2,459.76
42163,2,38.42
42164,6,179.98
42165,8,370.75
42166,5,100.53
42167,4,396.5
42168,2,130.49
42169,5,89.11
42170,3,259.03
42171,9,305.42
42172,4,194.17
42173,2,311.47
42174,7,168.19
42175,5,185.08
42176,7,484.69
42177,4,181.16
42178,7,70.0
42179,8,104.63
42180,10,194.38
42181,5,41.52
42182,7,331.9
42183,6,239.05
42184,1,246.98
42185,10,140.12
42186,2,94.28
42187,1,103.22
42188,6,445.42
42189,7,194.4
42190,8,25.23
42191,2,211.93
42192,10,362.17
42193,8,23.5
42194,2,493.1
42195,3,494.44
42196,7,214.58
42197,8,63.75
42198,8,116.45
42199,3,115.32
42200,8,306.11
42201,2,114.69
42202,1,393.52
42203,3,320.16
42204,8,44.7
42205,6,53.26
42206,4,81.43
42207,10,29.6
42208,9,249.62
42209,4,393.27
42210,4,253.95
42211,3,246.07
42212,5,88.76
42213,9,372.93
42214,1,28.4
42215,2,315.29
42216,3,344.44
42217,2,208.05
42218,5,495.1
42219,8,313.09
42220,7,434.0
42221,9,86.96
42222,9,304.1
42223,3,106.45
42224,2,229.19
42225,5,419.89
42226,5,344.55
42227,8,363.24
42228,2,193.66
42229,1,391.63
42230,2,493.8
42231,8,193.27
42232,5,342.15
42233,9,22.07
42234,7,51.77
42235,8,159.14
42236,4,262.08
42237,7,394.16
42238,10,149.47
42239,2,261.77
42240,4,454.07
42241,5,311.75
42242,9,183.08
42243,5,237.16
42244,6,189.88
42245,7,164.82
42246,6,163.87
42247,1,426.09
42248,10,379.51
42249,4,108.77
42250,10,370.75
42251,6,62.65
42252,10,70.05
42253,4,354.88
42254,1,213.95
42255,4,60.39
42256,3,301.22
42257,9,177.84
42258,4,135.22
42259,2,104.46
42260,6,311.44
42261,8,375.56
42262,7,237.82
42263,6,52.8
42264,3,431.75
42265,9,369.05
42266,3,65.46
42267,8,457.28
42268,1,17.28
42269,8,463.25
42270,9,43.15
42271,3,309.92
42272,2,56.03
42273,2,417.87
42274,9,442.09
42275,3,481.88
42276,8,306.84
42277,5,40.03
42278,9,78.56
42279,4,147.05
42280,6,305.11
42281,9,198.38
42282,10,278.92
42283,9,375.9
42284,10,463.33
42285,3,339.29
42286,9,184.49
42287,3,141.4
42288,6,400.79
42289,1,457.78
42290,2,221.41
42291,4,415.66
42292,8,474.2
42293,4,111.68
42294,10,374.81
42295,9,168.56
42296,6,45.43
42297,3,362.84
42298,6,413.76
42299,8,215.32
42300,10,440.99
42301,5,265.93
42302,9,81.21
42303,5,430.85
42304,1,351.15
42305,3,18.06
42306,8,55.02
42307,1,53.02
42308,6,215.26
42309,4,294.57
42310,9,372.86
42311,8,180.53
42312,8,481.2
42313,5,151.01
42314,4,334.88
42315,3,430.95
42316,4,102.17
42317,8,414.47
42318,3,446.99
42319,3,279.19
42320,4,53.66
42321,1,162.19
42322,9,275.25
42323,7,286.59
42324,5,28.16
42325,4,440.11
42326,3,47.92
42327,4,221.79
42328,2,371.73
42329,10,94.98
42330,9,89.6
42331,5,298.51
42332,4,265.71
42333,6,407.78
42334,10,226.12
42335,7,304.34
42336,2,232.21
42337,6,190.03
42338,5,409.37
42339,4,116.04
42340,9,63.02
42341,2,43.92
42342,4,25.13
42343,2,29.72
42344,6,280.42
42345,10,367.7
42346,2,62.76
42347,5,404.53
42348,4,156.63
42349,3,133.0
42350,5,43.21
42351,6,370.92
42352,2,104.7
42353,6,432.64
42354,7,194.63
42355,10,17.95
42356,4,409.02
42357,8,174.8
42358,6,341.4
42359,2,418.55
42360,10,45.43
42361,2,392.87
42362,10,154.34
42363,10,12.43
42364,1,45.18
42365,8,77.26
42366,5,345.86
42367,10,480.32
42368,8,183.05
42369,3,259.31
42370,8,107.04
42371,9,42.09
42372,5,181.26
42373,10,272.88
42374,6,212.55
42375,8,184.87
42376,8,485.81
42377,8,281.0
42378,4,92.33
42379,9,374.55
42380,8,445.08
42381,4,356.07
42382,3,196.09
42383,7,345.09
42384,4,231.31
42385,1,39.83
42386,6,41.84
42387,7,390.4
42388,6,413.12
42389,10,41.37
42390,2,239.71
42391,9,384.22
42392,3,225.45
42393,4,348.58
42394,6,36.15
42395,2,160.05
42396,2,247.35
42397,2,312.15
42398,9,456.23
42399,9,73.76
42400,8,77.07
42401,5,74.78
42402,3,106.33
42403,5,135.9
42404,3,314.81
42405,1,454.46
42406,2,95.42
42407,3,476.68
42408,4,25.06
42409,6,114.89
42410,1,467.73
42411,8,487.71
42412,4,404.39
42413,5,428.04
42414,5,141.86
42415,5,146.28
42416,6,59.75
42417,8,436.39
42418,9,274.04
42419,1,185.26
42420,5,400.24
42421,9,15.88
42422,6,239.43
42423,3,434.43
42424,3,410.42
42425,5,160.11
42426,4,35.79
42427,10,354.0
42428,9,354.34
42429,4,106.49
42430,3,446.11
42431,6,111.05
42432,3,263.82
42433,3,389.98
42434,4,129.28
42435,1,51.37
42436,7,359.05
42437,7,94.2
42438,5,182.04
42439,7,36.61
42440,9,30.84
42441,9,226.18
42442,2,474.22
42443,4,331.36
42444,9,485.21
42445,8,320.89
42446,1,160.49
42447,3,412.61
42448,3,249.16
42449,10,106.5
42450,1,419.13
42451,4,261.55
42452,3,399.22
42453,10,478.87
42454,6,443.25
42455,4,197.07
42456,4,49.01
42457,8,324.57
42458,4,233.41
42459,1,474.88
42460,9,359.92
42461,6,230.91
42462,3,331.13
42463,7,11.91
42464,4,115.26
42465,7,431.13
42466,1,217.23
42467,6,293.06
42468,10,306.54
42469,7,224.76
42470,1,76.94
42471,2,440.94
42472,6,32.01
42473,9,58.5
42474,6,129.63
42475,3,435.06
42476,7,496.7
42477,3,72.8
42478,10,209.89
42479,3,496.68
42480,2,398.69
42481,10,268.61
42482,7,163.09
42483,5,242.66
42484,4,489.14
42485,5,51.56
42486,2,88.03
42487,2,353.24
42488,7,381.9
42489,7,447.89
42490,7,98.67
42491,4,497.3
42492,2,423.8
42493,9,56.95
42494,9,142.45
42495,8,267.57
42496,7,254.72
42497,8,237.69
42498,2,24.8
42499,10,431.29
42500,10,128.84
42501,4,329.92
42502,3,15.2
42503,8,317.35
42504,3,188.45
42505,8,114.32
42506,7,305.86
42507,7,467.71
42508,3,281.37
42509,10,333.56
42510,2,451.82
42511,10,43.94
42512,9,330.88
42513,1,314.02
42514,1,452.53
42515,4,402.73
42516,7,221.67
42517,6,475.12
42518,1,320.75
42519,3,467.15
42520,4,117.69
42521,8,301.72
42522,8,391.39
42523,10,388.14
42524,4,44.52
42525,6,444.82
42526,10,363.24
42527,7,168.96
42528,5,324.55
42529,6,261.22
42530,9,176.42
42531,8,353.13
42532,3,189.02
42533,5,439.83
42534,4,119.0
42535,8,351.79
42536,3,480.23
42537,4,133.42
42538,2,381.65
42539,3,300.83
42540,10,310.71
42541,2,49.19
42542,7,367.8
42543,9,484.18
42544,7,101.35
42545,2,57.27
42546,4,249.74
42547,10,219.95
42548,9,274.44
42549,3,26.51
42550,8,307.33
42551,8,333.23
42552,4,285.31
42553,3,261.06
42554,2,261.59
42555,7,479.43
42556,10,326.92
42557,5,294.66
42558,1,39.73
42559,1,449.86
42560,4,454.72
42561,1,59.03
42562,2,479.46
42563,10,76.13
42564,5,319.75
42565,5,207.68
42566,4,107.62
42567,3,290.32
42568,4,416.85
42569,10,177.02
42570,10,317.77
42571,3,399.45
42572,5,32.88
42573,4,121.42
42574,10,87.94
42575,2,124.23
42576,9,111.95
42577,10,435.04
42578,1,211.01
42579,9,138.02
42580,1,489.43
42581,6,54.8
42582,7,110.32
42583,4,189.37
42584,4,488.85
42585,4,308.1
42586,5,415.54
42587,3,369.79
42588,2,102.83
42589,4,330.35
42590,4,400.02
42591,5,83.26
42592,9,291.12
42593,6,353.66
42594,2,281.14
42595,3,413.81
42596,4,71.7
42597,7,176.24
42598,10,149.74
42599,9,154.05
42600,5,399.14
42601,6,186.74
42602,10,299.68
42603,1,114.89
42604,4,205.38
42605,6,147.09
42606,4,71.03
42607,6,244.23
42608,4,157.32
42609,10,245.08
42610,7,154.16
42611,4,85.83
42612,4,106.64
42613,10,312.31
42614,7,36.84
42615,4,94.6
42616,7,67.8
42617,2,85.31
42618,8,362.31
42619,5,383.46
42620,8,291.26
42621,6,22.6
42622,9,148.16
42623,4,388.21
42624,3,132.73
42625,2,328.33
42626,8,160.7
42627,1,310.59
42628,8,279.54
42629,8,211.79
42630,9,58.78
42631,8,346.71
42632,2,331.84
42633,5,81.06
42634,8,133.81
42635,4,496.26
42636,6,344.02
42637,8,405.64
42638,8,250.49
42639,5,474.66
42640,3,189.2
42641,1,352.9
42642,2,222.05
42643,9,277.82
42644,9,227.92
42645,2,289.91
42646,8,137.34
42647,8,430.87
42648,8,177.1
42649,4,442.61
42650,7,82.35
42651,8,310.54
42652,1,221.16
42653,7,429.91
42654,10,301.99
42655,6,182.01
42656,6,394.73
42657,1,131.26
42658,3,279.99
42659,3,442.4
42660,3,152.67
42661,6,128.06
42662,7,472.4
42663,7,284.54
42664,1,89.76
42665,10,160.25
42666,2,349.6
42667,6,165.3
42668,6,428.9
42669,2,405.69
42670,8,386.19
42671,6,391.93
42672,6,262.54
42673,10,336.28
42674,9,84.33
42675,6,225.72
42676,10,453.47
42677,7,160.2
42678,3,355.62
42679,6,485.76
42680,8,100.3
42681,1,258.26
42682,6,145.13
42683,5,117.94
42684,7,389.12
42685,5,482.89
42686,10,120.75
42687,5,492.65
42688,8,293.5
42689,9,257.51
42690,8,374.21
42691,7,275.06
42692,4,261.62
42693,5,421.62
42694,2,220.22
42695,8,69.17
42696,6,224.38
42697,7,375.09
42698,3,447.0
42699,10,158.15
42700,1,205.05
42701,4,361.41
42702,6,366.21
42703,2,403.55
42704,9,216.2
42705,7,394.53
42706,8,404.62
42707,9,470.53
42708,1,291.45
42709,4,358.33
42710,7,401.84
42711,7,214.79
42712,8,233.85
42713,1,318.3
42714,1,91.55
42715,2,312.65
42716,10,32.18
42717,1,20.74
42718,2,400.19
42719,5,164.99
42720,2,413.59
42721,7,76.36
42722,5,425.46
42723,5,10.05
42724,1,312.46
42725,4,239.26
42726,3,158.59
42727,3,158.24
42728,5,119.99
42729,6,206.02
42730,10,214.44
42731,1,166.2
42732,9,40.28
42733,3,406.87
42734,1,24.23
42735,8,288.48
42736,3,344.02
42737,5,202.45
42738,10,452.1
42739,6,177.34
42740,5,414.56
42741,3,201.65
42742,9,66.29
42743,8,406.07
42744,10,236.33
42745,1,482.6
42746,2,475.52
42747,1,257.61
42748,5,484.8
42749,10,368.81
42750,5,294.51
42751,1,183.95
42752,6,264.94
42753,9,454.47
42754,9,73.69
42755,6,258.22
42756,2,445.34
42757,1,379.9
42758,3,476.51
42759,3,170.26
42760,9,453.73
42761,2,145.47
42762,7,262.05
42763,6,28.21
42764,7,181.49
42765,8,492.78
42766,2,122.49
42767,9,176.5
42768,6,193.65
42769,10,238.06
42770,3,264.98
42771,7,242.86
42772,2,325.74
42773,1,95.12
42774,4,425.14
42775,7,284.63
42776,9,393.05
42777,8,269.88
42778,1,278.12
42779,10,235.37
42780,8,322.03
42781,5,250.75
42782,1,178.08
42783,3,300.84
42784,8,237.22
42785,1,274.21
42786,4,415.45
42787,3,253.73
42788,7,299.21
42789,9,133.45
42790,4,70.81
42791,3,150.64
42792,1,309.65
42793,9,496.93
42794,7,406.89
42795,1,329.68
42796,4,205.48
42797,9,302.4
42798,6,251.88
42799,5,67.09
42800,9,190.28
42801,6,217.66
42802,3,121.9
42803,7,438.11
42804,5,96.63
42805,2,311.99
42806,7,128.89
42807,5,205.03
42808,2,380.76
42809,9,420.1
42810,6,346.03
42811,9,203.27
42812,8,273.18
42813,7,468.15
42814,9,404.82
42815,3,148.78
42816,6,245.18
42817,10,473.81
42818,7,280.08
42819,5,259.29
42820,8,396.53
42821,2,204.87
42822,7,356.16
42823,5,32.69
42824,4,431.89
42825,6,50.13
42826,6,230.88
42827,1,10.44
42828,8,153.35
42829,6,75.04
42830,9,123.65
42831,9,104.12
42832,2,49.69
42833,5,191.65
42834,7,161.77
42835,4,114.38
42836,10,362.6
42837,6,209.73
42838,3,472.89
42839,1,60.38
42840,9,481.3
42841,6,303.99
42842,9,478.57
42843,5,215.92
42844,5,265.25
42845,1,353.88
42846,6,454.73
42847,3,466.36
42848,3,276.52
42849,3,157.63
42850,8,153.57
42851,4,79.68
42852,7,438.31
42853,10,258.49
42854,3,163.54
42855,10,172.18
42856,6,51.17
42857,5,356.58
42858,1,194.34
42859,5,378.56
42860,1,16.77
42861,1,201.31
42862,10,149.51
42863,2,290.76
42864,2,476.8
42865,3,27.22
42866,2,42.79
42867,2,427.12
42868,3,416.17
42869,3,436.62
42870,1,370.39
42871,6,372.08
42872,5,66.79
42873,10,356.77
42874,1,329.39
42875,4,295.18
42876,8,14.71
42877,10,244.48
42878,1,479.12
42879,10,79.19
42880,2,17.06
42881,6,212.24
42882,3,59.19
42883,10,293.3
42884,6,458.51
42885,6,435.12
42886,8,339.03
42887,8,271.59
42888,4,188.43
42889,10,401.98
42890,5,143.37
42891,3,336.25
42892,2,457.2
42893,2,430.17
42894,1,279.65
42895,7,317.56
42896,6,353.08
42897,6,12.66
42898,10,16.73
42899,1,61.1
42900,5,113.6
42901,6,317.91
42902,9,158.51
42903,2,206.22
42904,5,136.61
42905,6,62.42
42906,4,476.08
42907,2,406.7
42908,3,363.69
42909,5,411.92
42910,4,218.42
42911,1,70.48
42912,3,240.17
42913,9,98.83
42914,1,303.03
42915,2,250.54
42916,1,90.6
42917,5,14.54
42918,7,125.74
42919,6,386.99
42920,9,489.4
42921,8,299.51
42922,6,177.07
42923,10,297.35
42924,1,37.87
42925,7,76.78
42926,10,499.22
42927,7,304.05
42928,7,245.54
42929,1,270.52
42930,3,494.57
42931,9,234.29
42932,3,422.88
42933,1,278.36
42934,5,26.1
42935,1,51.61
42936,8,32.92
42937,8,206.53
42938,1,15.95
42939,9,55.48
42940,1,194.16
42941,4,79.34
42942,2,431.2
42943,5,137.77
42944,4,472.76
42945,5,423.01
42946,6,215.66
42947,9,402.36
42948,7,468.17
42949,3,245.8
42950,4,478.63
42951,5,246.5
42952,8,78.26
42953,5,222.2
42954,6,314.8
42955,10,251.16
42956,9,286.94
42957,9,395.73
42958,3,428.99
42959,6,420.69
42960,6,25.3
42961,8,78.61
42962,3,123.1
42963,1,266.05
42964,6,478.4
42965,4,441.96
42966,10,50.13
42967,10,411.34
42968,9,493.42
42969,7,77.81
42970,8,356.56
42971,1,77.56
42972,8,134.78
42973,9,386.29
42974,10,384.44
42975,3,274.08
42976,3,128.93
42977,2,396.66
42978,2,493.69
42979,10,454.58
42980,10,309.45
42981,2,77.43
42982,1,223.04
42983,6,360.53
42984,4,106.8
42985,2,229.79
42986,5,295.97
42987,5,417.05
42988,9,161.51
42989,7,250.65
42990,10,149.63
42991,2,158.89
42992,4,332.97
42993,10,192.39
42994,7,66.83
42995,8,92.6
42996,1,164.84
42997,10,133.37
42998,8,81.34
42999,4,421.38
43000,4,121.18
43001,4,193.98
43002,5,476.36
43003,5,324.92
43004,7,453.35
43005,9,371.16
43006,7,252.36
43007,2,176.78
43008,10,192.59
43009,8,478.78
43010,1,483.02
43011,4,135.8
43012,2,196.6
43013,5,429.86
43014,7,91.88
43015,1,318.98
43016,1,305.98
43017,1,47.44
43018,5,78.34
43019,6,188.34
43020,3,208.19
43021,6,137.86
43022,6,254.0
43023,1,50.21
43024,4,211.33
43025,3,495.91
43026,10,120.95
43027,9,317.69
43028,5,353.78
43029,6,236.58
43030,6,295.59
43031,7,347.92
43032,10,49.03
43033,5,297.52
43034,3,177.38
43035,5,209.31
43036,7,61.95
43037,2,115.65
43038,8,438.23
43039,5,399.73
43040,8,62.91
43041,9,166.75
43042,4,482.12
43043,1,215.47
43044,1,209.81
43045,7,325.57
43046,4,57.22
43047,2,403.79
43048,10,282.6
43049,9,234.31
43050,5,214.79
43051,7,425.57
43052,4,168.11
43053,7,48.97
43054,4,148.58
43055,7,359.44
43056,2,291.78
43057,7,110.21
43058,10,381.92
43059,1,294.82
43060,7,453.04
43061,6,486.04
43062,3,84.39
43063,4,430.63
43064,1,13.15
43065,5,199.16
43066,5,457.11
43067,2,281.19
43068,10,185.86
43069,10,327.9
43070,7,466.04
43071,2,447.49
43072,9,345.69
43073,2,140.4
43074,10,30.68
43075,9,281.32
43076,10,480.16
43077,3,40.88
43078,1,108.67
43079,1,281.73
43080,3,345.78
43081,4,366.83
43082,7,410.37
43083,4,331.48
43084,7,175.74
43085,8,321.82
43086,7,297.9
43087,6,388.13
43088,3,25.46
43089,6,281.49
43090,3,89.82
43091,6,13.67
43092,5,150.79
43093,6,400.01
43094,7,230.46
43095,2,351.9
43096,3,338.57
43097,10,444.92
43098,9,357.41
43099,6,445.79
43100,5,311.78
43101,2,208.66
43102,6,266.45
43103,5,299.81
43104,5,152.18
43105,7,267.93
43106,7,18.9
43107,3,183.82
43108,8,117.94
43109,5,306.43
43110,9,474.97
43111,6,15.79
43112,1,264.25
43113,9,315.51
43114,5,142.0
43115,10,371.94
43116,1,14.09
43117,2,467.0
43118,5,86.57
43119,2,483.18
43120,5,106.76
43121,3,113.3
43122,1,240.89
43123,9,236.94
43124,6,101.97
43125,1,70.38
43126,8,328.17
43127,10,318.45
43128,1,82.05
43129,6,453.78
43130,4,350.84
43131,6,294.93
43132,3,275.02
43133,1,158.05
43134,7,210.52
43135,5,213.93
43136,5,306.63
43137,4,75.84
43138,2,194.5
43139,10,310.5
43140,9,246.8
43141,3,251.96
43142,1,447.17
43143,9,312.06
43144,3,406.91
43145,10,408.99
43146,9,462.05
43147,6,263.4
43148,10,448.01
43149,1,499.29
43150,7,210.54
43151,6,82.08
43152,9,285.51
43153,6,489.3
43154,1,130.59
43155,7,280.05
43156,7,410.63
43157,8,111.25
43158,5,420.98
43159,1,460.36
43160,1,35.47
43161,6,113.56
43162,6,413.19
43163,7,240.29
43164,8,101.79
43165,3,212.49
43166,8,198.74
43167,3,386.63
43168,9,142.0
43169,2,162.64
43170,6,123.05
43171,4,215.78
43172,3,454.92
43173,7,305.2
43174,9,260.72
43175,8,164.95
43176,8,270.47
43177,8,107.54
43178,6,300.91
43179,5,394.25
43180,5,211.45
43181,4,487.27
43182,3,255.73
43183,6,464.67
43184,6,240.94
43185,7,86.5
43186,1,484.41
43187,7,177.17
43188,8,121.0
43189,10,328.18
43190,6,184.52
43191,9,286.89
43192,1,384.75
43193,2,447.21
43194,7,295.1
43195,7,473.75
43196,7,431.74
43197,8,357.57
43198,2,167.17
43199,4,446.29
43200,8,445.78
43201,6,290.94
43202,6,400.64
43203,10,234.81
43204,7,196.54
43205,9,33.93
43206,1,400.16
43207,1,93.38
43208,4,387.82
43209,2,127.17
43210,3,384.97
43211,6,493.7
43212,3,484.78
43213,6,284.87
43214,8,313.11
43215,3,440.35
43216,3,130.69
43217,1,98.89
43218,2,69.09
43219,10,464.92
43220,1,206.2
43221,4,443.4
43222,7,316.11
43223,8,234.36
43224,10,149.59
43225,8,333.31
43226,8,150.48
43227,10,89.59
43228,1,437.35
43229,1,114.88
43230,9,381.96
43231,8,434.48
43232,7,293.6
43233,3,61.92
43234,2,347.89
43235,8,359.51
43236,8,50.63
43237,1,266.93
43238,7,422.86
43239,5,229.54
43240,4,460.96
43241,1,72.55
43242,4,298.83
43243,8,480.75
43244,9,60.29
43245,8,266.91
43246,6,339.39
43247,8,380.22
43248,7,450.53
43249,10,10.1
43250,4,24.94
43251,1,162.31
43252,2,93.95
43253,8,404.99
43254,10,59.97
43255,7,371.82
43256,8,55.54
43257,2,130.74
43258,1,60.17
43259,2,57.84
43260,8,108.75
43261,6,180.4
43262,3,423.07
43263,9,135.62
43264,2,80.24
43265,2,11.3
43266,4,338.68
43267,9,109.73
43268,10,342.05
43269,8,483.14
43270,8,277.34
43271,10,370.05
43272,2,180.04
43273,7,243.18
43274,8,344.13
43275,9,20.75
43276,7,278.73
43277,8,209.54
43278,6,351.16
43279,10,291.32
43280,8,91.05
43281,4,106.57
43282,7,431.78
43283,2,349.45
43284,9,289.07
43285,8,243.56
43286,1,430.23
43287,3,39.63
43288,8,271.84
43289,5,63.69
43290,2,275.88
43291,5,231.85
43292,8,48.19
43293,10,290.15
43294,9,269.86
43295,9,133.13
43296,8,482.33
43297,7,379.71
43298,9,88.98
43299,7,302.3
43300,8,54.32
43301,7,271.59
43302,6,42.61
43303,4,51.68
43304,8,320.26
43305,8,114.6
43306,6,418.81
43307,3,400.02
43308,9,52.25
43309,10,463.07
43310,5,420.25
43311,7,323.51
43312,3,300.87
43313,2,358.3
43314,2,342.28
43315,4,305.97
43316,5,176.78
43317,3,401.77
43318,6,351.45
43319,10,498.41
43320,4,382.66
43321,9,472.51
43322,10,263.2
43323,2,376.28
43324,10,491.99
43325,2,394.63
43326,6,307.53
43327,9,228.94
43328,5,481.46
43329,4,151.67
43330,1,423.59
43331,7,240.44
43332,5,42.03
43333,8,66.5
43334,4,300.73
43335,9,309.65
43336,4,356.56
43337,10,316.85
43338,10,254.42
43339,7,270.28
43340,8,260.81
43341,10,252.67
43342,3,395.83
43343,4,414.91
43344,3,161.8
43345,4,222.75
43346,8,458.51
43347,3,109.33
43348,6,399.98
43349,7,128.48
43350,8,59.27
43351,9,344.0
43352,8,103.49
43353,6,371.88
43354,2,393.04
43355,1,270.8
43356,3,152.82
43357,2,292.19
43358,4,181.74
43359,4,31.92
43360,8,230.37
43361,3,412.97
43362,2,261.74
43363,2,195.17
43364,4,153.12
43365,8,410.81
43366,9,140.1
43367,4,288.36
43368,8,152.1
43369,4,188.22
43370,2,406.92
43371,3,102.6
43372,5,209.62
43373,10,92.24
43374,10,250.31
43375,9,418.55
43376,4,227.01
43377,1,449.86
43378,3,147.27
43379,8,499.52
43380,1,420.71
43381,2,33.31
43382,4,259.77
43383,4,118.11
43384,2,86.88
43385,8,453.2
43386,8,326.41
43387,5,176.38
43388,8,412.1
43389,7,336.86
43390,7,463.01
43391,3,330.88
43392,5,83.52
43393,3,109.14
43394,7,207.13
43395,8,260.52
43396,4,53.44
43397,1,410.84
43398,7,216.34
43399,2,79.51
43400,4,349.7
43401,9,210.95
43402,10,132.75
43403,4,108.36
43404,4,382.98
43405,7,373.7
43406,5,419.08
43407,6,334.36
43408,9,84.11
43409,4,319.72
43410,6,136.66
43411,2,213.25
43412,2,146.05
43413,9,452.55
43414,2,23.34
43415,3,366.86
43416,7,257.49
43417,3,313.38
43418,5,327.91
43419,6,302.63
43420,10,141.31
43421,3,62.76
43422,6,427.37
43423,6,194.3
43424,3,427.59
43425,6,82.4
43426,9,359.43
43427,9,261.88
43428,9,73.75
43429,2,454.79
43430,5,39.14
43431,4,255.54
43432,5,20.85
43433,5,313.11
43434,1,302.29
43435,8,125.08
43436,4,109.03
43437,3,338.51
43438,6,498.54
43439,7,390.48
43440,9,11.78
43441,7,127.8
43442,5,256.19
43443,4,213.64
43444,6,292.26
43445,5,192.7
43446,6,447.24
43447,1,49.25
43448,8,91.34
43449,9,417.27
43450,4,492.05
43451,10,369.47
43452,9,358.45
43453,8,138.34
43454,6,349.87
43455,8,114.03
43456,7,140.7
43457,5,304.49
43458,9,207.71
43459,1,66.7
43460,2,18.21
43461,3,295.84
43462,1,100.67
43463,2,23.62
43464,10,214.32
43465,4,464.64
43466,7,307.63
43467,3,12.02
43468,2,16.66
43469,10,393.54
43470,4,100.45
43471,9,401.78
43472,2,96.71
43473,6,75.41
43474,6,185.7
43475,1,459.47
43476,3,392.81
43477,9,46.23
43478,4,174.28
43479,3,280.88
43480,4,130.52
43481,9,76.79
43482,6,166.19
43483,8,285.2
43484,7,244.09
43485,7,358.45
43486,1,88.12
43487,4,418.93
43488,6,292.84
43489,9,342.32
43490,7,10.77
43491,1,12.57
43492,5,335.68
43493,9,109.19
43494,3,358.06
43495,2,325.62
43496,1,233.87
43497,6,87.79
43498,4,372.87
43499,6,246.74
43500,2,294.21
43501,7,166.75
43502,10,77.19
43503,9,440.89
43504,1,207.89
43505,6,467.69
43506,2,181.74
43507,8,497.94
43508,1,56.15
43509,3,351.28
43510,5,10.6
43511,2,80.99
43512,10,464.02
43513,7,323.68
43514,8,496.89
43515,7,140.37
43516,5,303.22
43517,6,157.23
43518,8,212.32
43519,2,296.42
43520,3,414.75
43521,8,274.95
43522,3,91.14
43523,4,346.08
43524,6,277.12
43525,1,425.39
43526,7,57.13
43527,3,297.4
43528,3,437.3
43529,1,220.5
43530,6,390.38
43531,4,326.3
43532,7,61.59
43533,2,66.41
43534,3,115.92
43535,8,472.78
43536,10,84.77
43537,2,140.01
43538,9,33.31
43539,3,383.07
43540,10,261.27
43541,6,376.11
43542,8,139.21
43543,5,381.81
43544,2,331.21
43545,5,17.75
43546,4,270.54
43547,3,359.43
43548,9,477.23
43549,9,124.96
43550,6,375.73
43551,2,49.7
43552,9,331.03
43553,3,243.01
43554,1,86.91
43555,6,91.0
43556,6,286.12
43557,3,117.73
43558,5,216.15
43559,4,356.88
43560,4,94.07
43561,2,46.71
43562,5,245.87
43563,2,437.32
43564,2,252.49
43565,3,332.01
43566,4,449.24
43567,7,119.12
43568,2,359.54
43569,10,329.43
43570,2,350.23
43571,1,234.47
43572,7,84.84
43573,8,449.26
43574,6,179.4
43575,8,63.88
43576,4,329.34
43577,1,47.22
43578,8,486.37
43579,4,497.73
43580,3,483.12
43581,3,493.16
43582,7,207.86
43583,3,372.72
43584,8,453.83
43585,10,192.3
43586,9,315.13
43587,9,129.85
43588,3,264.86
43589,7,155.61
43590,7,142.64
43591,3,200.48
43592,4,23.67
43593,10,211.82
43594,4,390.51
43595,3,266.99
43596,4,117.83
43597,8,241.39
43598,4,221.72
43599,5,377.86
43600,4,113.01
43601,5,203.41
43602,2,241.89
43603,6,414.42
43604,6,242.79
43605,10,166.57
43606,8,328.37
43607,1,196.93
43608,9,330.74
43609,7,381.06
43610,10,426.44
43611,9,366.87
43612,1,247.03
43613,7,471.64
43614,7,112.81
43615,7,365.37
43616,4,105.63
43617,9,141.9
43618,1,334.89
43619,2,498.44
43620,10,468.45
43621,9,418.13
43622,5,306.72
43623,6,213.47
43624,7,35.96
43625,6,218.99
43626,3,445.82
43627,9,22.23
43628,6,390.77
43629,6,245.59
43630,9,52.35
43631,10,150.18
43632,7,104.63
43633,10,179.21
43634,5,333.48
43635,8,161.66
43636,1,329.54
43637,4,238.51
43638,7,439.84
43639,2,313.82
43640,1,498.09
43641,3,146.24
43642,7,71.88
43643,5,375.88
43644,2,218.68
43645,8,143.26
43646,8,144.96
43647,10,314.03
43648,9,122.84
43649,7,31.41
43650,5,440.99
43651,4,403.36
43652,2,261.46
43653,2,421.84
43654,9,415.83
43655,5,264.05
43656,6,25.58
43657,7,61.31
43658,9,224.72
43659,10,218.82
43660,5,332.91
43661,5,21.37
43662,1,370.13
43663,9,284.75
43664,5,240.31
43665,10,399.42
43666,3,330.13
43667,3,310.59
43668,8,270.82
43669,4,388.6
43670,10,483.34
43671,2,228.68
43672,10,95.82
43673,3,361.06
43674,4,366.35
43675,10,274.77
43676,1,375.36
43677,9,182.43
43678,6,428.44
43679,3,244.83
43680,8,242.13
43681,6,192.46
43682,1,458.42
43683,4,460.5
43684,2,455.28
43685,2,389.61
43686,10,197.17
43687,5,449.21
43688,8,219.51
43689,6,356.67
43690,1,175.84
43691,4,141.08
43692,10,328.89
43693,6,466.25
43694,5,152.55
43695,2,36.91
43696,6,289.11
43697,5,176.55
43698,6,133.18
43699,7,76.66
43700,3,417.26
43701,8,289.39
43702,5,349.01
43703,1,60.78
43704,9,327.09
43705,5,103.03
43706,6,363.31
43707,2,209.11
43708,8,17.28
43709,3,304.07
43710,8,387.09
43711,8,462.88
43712,1,422.07
43713,3,290.47
43714,6,447.64
43715,5,222.91
43716,8,94.31
43717,2,139.52
43718,5,161.09
43719,4,465.09
43720,5,58.93
43721,8,188.04
43722,8,88.6
43723,1,282.3
43724,7,42.8
43725,3,495.6
43726,7,455.44
43727,5,144.76
43728,7,180.66
43729,6,55.42
43730,4,241.45
43731,4,149.26
43732,4,498.29
43733,3,109.1
43734,10,85.73
43735,7,177.22
43736,5,221.57
43737,4,246.19
43738,7,353.32
43739,3,268.42
43740,5,447.74
43741,3,323.77
43742,6,457.79
43743,5,107.27
43744,4,375.11
43745,10,322.17
43746,9,41.21
43747,9,498.8
43748,9,386.97
43749,10,345.93
43750,10,438.56
43751,8,218.74
43752,7,317.47
43753,8,120.39
43754,8,74.08
43755,9,275.77
43756,4,166.65
43757,10,82.39
43758,2,419.72
43759,7,430.86
43760,10,493.9
43761,4,120.06
43762,6,335.7
43763,4,209.04
43764,2,140.52
43765,3,413.47
43766,10,375.27
43767,6,116.77
43768,7,260.93
43769,3,152.6
43770,10,372.61
43771,2,305.61
43772,5,317.26
43773,2,493.83
43774,3,295.28
43775,5,490.5
43776,1,129.02
43777,9,494.12
43778,10,307.9
43779,4,499.82
43780,2,297.72
43781,3,206.08
43782,5,312.15
43783,10,473.76
43784,3,281.05
43785,10,412.87
43786,9,88.87
43787,2,232.8
43788,5,313.43
43789,6,309.49
43790,9,483.83
43791,7,246.59
43792,10,71.28
43793,2,62.5
43794,2,290.76
43795,2,265.06
43796,3,374.56
43797,1,39.28
43798,1,77.36
43799,3,238.85
43800,9,77.08
43801,10,480.75
43802,10,393.69
43803,5,196.66
43804,8,178.63
43805,8,189.51
43806,5,207.75
43807,2,357.72
43808,3,133.68
43809,2,147.32
43810,2,206.19
43811,4,403.62
43812,10,318.84
43813,7,359.54
43814,6,31.46
43815,8,419.91
43816,2,477.74
43817,7,384.76
43818,2,492.63
43819,8,391.27
43820,7,460.13
43821,10,195.57
43822,4,315.19
43823,2,24.49
43824,9,388.79
43825,10,348.94
43826,9,106.16
43827,10,429.03
43828,4,288.03
43829,3,234.31
43830,7,245.44
43831,2,103.29
43832,5,386.52
43833,1,492.07
43834,8,134.05
43835,5,77.19
43836,5,103.09
43837,4,436.26
43838,4,296.17
43839,1,462.45
43840,2,465.65
43841,4,214.73
43842,6,389.05
43843,10,66.09
43844,1,481.79
43845,2,267.49
43846,6,393.59
43847,5,306.68
43848,7,436.25
43849,5,147.07
43850,2,11.49
43851,10,356.23
43852,3,409.99
43853,6,307.73
43854,6,68.32
43855,8,91.02
43856,5,330.8
43857,6,232.79
43858,1,91.77
43859,9,305.42
43860,10,81.11
43861,2,160.86
43862,7,73.59
43863,9,314.39
43864,9,289.45
43865,10,101.82
43866,5,95.26
43867,1,106.94
43868,2,326.37
43869,1,499.32
43870,9,151.21
43871,7,473.73
43872,8,180.74
43873,3,214.8
43874,6,288.96
43875,4,261.7
43876,8,323.8
43877,9,272.04
43878,9,452.01
43879,9,276.41
43880,3,277.89
43881,9,282.67
43882,7,197.89
43883,3,444.4
43884,2,262.89
43885,6,407.17
43886,9,355.32
43887,5,217.57
43888,6,379.46
43889,9,37.1
43890,1,188.34
43891,8,299.75
43892,7,110.94
43893,10,473.44
43894,9,90.77
43895,9,55.07
43896,9,200.02
43897,5,357.59
43898,9,20.58
43899,2,55.54
43900,9,34.8
43901,4,363.53
43902,7,174.27
43903,4,433.19
43904,7,321.46
43905,7,208.2
43906,6,330.04
43907,8,176.42
43908,9,466.13
43909,3,108.56
43910,2,160.32
43911,1,16.84
43912,7,447.11
43913,4,484.02
43914,3,73.79
43915,9,63.71
43916,7,12.33
43917,3,472.9
43918,4,432.32
43919,8,295.2
43920,10,139.41
43921,1,473.25
43922,5,451.32
43923,10,183.16
43924,3,74.36
43925,10,279.97
43926,7,482.8
43927,10,328.6
43928,3,79.32
43929,6,345.72
43930,6,497.72
43931,3,395.05
43932,8,390.75
43933,6,443.41
43934,2,123.73
43935,10,335.52
43936,8,478.75
43937,3,494.75
43938,10,241.44
43939,3,287.2
43940,2,359.01
43941,5,40.52
43942,3,337.2
43943,7,422.35
43944,1,274.38
43945,5,403.77
43946,4,478.59
43947,6,171.66
43948,1,442.81
43949,7,465.6
43950,7,490.17
43951,6,148.77
43952,8,298.37
43953,4,387.19
43954,8,475.74
43955,1,174.03
43956,2,69.05
43957,4,412.66
43958,8,328.99
43959,3,438.25
43960,6,457.4
43961,7,90.44
43962,6,235.79
43963,4,100.87
43964,2,382.34
43965,7,268.8
43966,5,180.96
43967,7,169.67
43968,3,35.6
43969,2,105.72
43970,3,11.01
43971,8,387.34
43972,4,487.59
43973,2,463.95
43974,10,416.04
43975,1,95.09
43976,1,438.85
43977,2,97.45
43978,8,253.19
43979,2,314.79
43980,1,58.11
43981,5,328.91
43982,1,269.1
43983,9,78.11
43984,2,340.73
43985,10,92.43
43986,3,453.18
43987,6,333.6
43988,8,174.6
43989,6,94.74
43990,4,323.48
43991,3,249.76
43992,8,126.58
43993,1,90.3
43994,3,288.22
43995,1,280.05
43996,9,403.57
43997,2,344.72
43998,2,49.43
43999,1,484.84
44000,9,194.62
44001,3,387.75
44002,2,222.67
44003,10,145.47
44004,3,19.45
44005,3,228.09
44006,9,44.72
44007,4,101.81
44008,3,163.0
44009,9,444.99
44010,6,496.48
44011,2,254.76
44012,3,219.15
44013,3,477.67
44014,2,181.69
44015,6,210.46
44016,2,294.19
44017,3,465.27
44018,2,98.99
44019,9,424.16
44020,5,65.83
44021,2,463.18
44022,6,150.55
44023,4,428.57
44024,7,42.34
44025,10,23.3
44026,9,103.27
44027,6,85.96
44028,5,286.45
44029,4,345.63
44030,8,362.42
44031,7,298.93
44032,6,58.43
44033,10,331.83
44034,2,445.38
44035,3,470.84
44036,1,173.19
44037,6,114.77
44038,8,138.41
44039,9,188.35
44040,1,138.56
44041,3,380.74
44042,8,204.59
44043,5,82.24
44044,4,331.63
44045,7,293.44
44046,10,11.94
44047,10,65.46
44048,8,97.69
44049,1,284.25
44050,1,313.41
44051,3,188.67
44052,4,253.51
44053,9,93.23
44054,1,171.57
44055,8,364.64
44056,4,113.39
44057,9,496.38
44058,1,215.7
44059,6,71.29
44060,7,372.39
44061,1,178.0
44062,6,476.33
44063,5,105.08
44064,4,187.64
44065,6,39.46
44066,7,247.08
44067,6,128.72
44068,5,365.27
44069,6,245.54
44070,5,13.4
44071,5,293.24
44072,3,245.65
44073,2,31.9
44074,9,395.88
44075,8,287.36
44076,9,231.96
44077,10,344.58
44078,9,28.62
44079,2,334.61
44080,9,210.97
44081,7,234.57
44082,9,488.12
44083,7,422.96
44084,5,489.35
44085,9,278.06
44086,1,495.42
44087,3,169.24
44088,4,309.89
44089,1,177.6
44090,4,101.56
44091,2,441.79
44092,10,402.0
44093,4,414.71
44094,1,399.43
44095,1,349.51
44096,3,479.49
44097,6,358.19
44098,2,498.5
44099,8,452.08
44100,10,471.32
44101,10,144.69
44102,6,74.37
44103,4,376.78
44104,2,171.31
44105,4,256.1
44106,7,15.45
44107,1,193.65
44108,9,71.38
44109,8,335.96
44110,4,145.19
44111,10,348.68
44112,6,413.74
44113,8,184.39
44114,8,434.86
44115,5,322.91
44116,7,482.1
44117,3,454.61
44118,3,405.07
44119,1,120.0
44120,5,478.14
44121,8,244.08
44122,2,254.95
44123,4,356.31
44124,3,408.33
44125,6,243.52
44126,2,154.91
44127,9,247.22
44128,5,376.85
44129,8,493.07
44130,8,262.53
44131,3,196.28
44132,10,236.17
44133,9,436.82
44134,5,121.24
44135,3,26.84
44136,8,447.52
44137,2,339.73
44138,2,46.56
44139,5,101.29
44140,1,374.3
44141,9,44.0
44142,4,363.81
44143,8,81.26
44144,7,39.54
44145,4,363.25
44146,7,398.8
44147,2,231.99
44148,10,11.38
44149,4,207.98
44150,8,128.78
44151,10,416.07
44152,7,402.94
44153,7,293.83
44154,7,307.95
44155,8,280.09
44156,1,18.41
44157,8,368.25
44158,6,109.19
44159,9,129.2
44160,3,459.27
44161,10,242.11
44162,5,10.08
44163,9,494.28
44164,4,47.6
44165,5,131.54
44166,4,182.27
44167,10,38.96
44168,9,45.06
44169,2,483.59
44170,3,473.2
44171,1,181.23
44172,3,167.0
44173,4,281.87
44174,3,344.96
44175,1,423.54
44176,5,214.22
44177,10,224.4
44178,10,183.71
44179,6,312.67
44180,7,351.18
44181,7,174.64
44182,6,168.18
44183,3,391.3
44184,9,345.01
44185,1,277.98
44186,6,445.31
44187,6,154.76
44188,5,265.74
44189,4,156.0
44190,8,40.89
44191,4,98.68
44192,6,499.86
44193,1,202.71
44194,1,462.7
44195,2,443.21
44196,1,487.56
44197,10,255.53
44198,6,96.24
44199,8,213.13
44200,10,372.86
44201,9,356.82
44202,9,14.78
44203,5,435.45
44204,3,459.04
44205,5,114.78
44206,2,373.15
44207,5,71.87
44208,5,116.85
44209,6,363.53
44210,5,260.86
44211,5,276.65
44212,4,303.79
44213,7,442.3
44214,4,50.21
44215,6,299.85
44216,5,312.51
44217,4,146.77
44218,4,457.49
44219,8,74.3
44220,8,227.57
44221,1,224.35
44222,9,193.08
44223,7,43.38
44224,10,432.24
44225,9,37.97
44226,4,319.72
44227,3,358.52
44228,9,242.17
44229,10,239.75
44230,3,194.57
44231,6,324.71
44232,8,213.67
44233,3,288.04
44234,8,255.78
44235,5,261.26
44236,2,279.58
44237,5,168.33
44238,6,121.31
44239,8,94.11
44240,3,29.03
44241,1,308.53
44242,10,303.53
44243,7,319.86
44244,10,178.98
44245,9,12.89
44246,1,246.43
44247,8,43.78
44248,9,55.08
44249,9,164.44
44250,3,82.39
44251,8,297.9
44252,4,187.21
44253,3,484.0
44254,6,299.3
44255,7,172.41
44256,5,103.83
44257,10,368.32
44258,7,236.59
44259,1,310.23
44260,8,122.32
44261,10,110.66
44262,10,56.66
44263,2,384.15
44264,3,404.64
44265,2,60.88
44266,2,284.55
44267,1,407.88
44268,4,425.46
44269,9,324.35
44270,1,187.4
44271,3,17.65
44272,4,176.59
44273,3,333.37
44274,5,131.27
44275,5,25.41
44276,9,285.65
44277,3,447.81
44278,8,418.78
44279,8,96.37
44280,8,148.35
44281,5,246.42
44282,3,242.24
44283,5,131.43
44284,2,64.59
44285,3,91.49
44286,4,385.68
44287,8,169.79
44288,10,474.54
44289,3,415.23
44290,9,383.3
44291,1,388.43
44292,5,269.05
44293,10,180.1
44294,4,268.19
44295,8,280.25
44296,8,84.07
44297,7,61.45
44298,7,454.09
44299,8,373.34
44300,2,362.95
44301,9,451.93
44302,8,439.69
44303,5,475.6
44304,2,52.02
44305,5,376.45
44306,8,204.21
44307,10,226.89
44308,5,290.78
44309,5,316.18
44310,10,55.52
44311,2,246.67
44312,2,388.03
44313,1,97.67
44314,8,220.58
44315,4,452.92
44316,1,299.14
44317,1,64.55
44318,6,248.93
44319,1,154.47
44320,3,102.01
44321,2,298.62
44322,4,135.57
44323,4,366.74
44324,6,410.47
44325,8,152.08
44326,8,416.68
44327,7,166.25
44328,5,81.47
44329,10,272.05
44330,7,201.94
44331,5,178.62
44332,1,225.33
44333,8,106.3
44334,9,491.08
44335,5,141.38
44336,3,45.09
44337,3,339.45
44338,10,369.9
44339,2,204.18
44340,5,408.26
44341,5,112.75
44342,2,312.96
44343,6,107.31
44344,6,261.18
44345,3,154.94
44346,7,264.99
44347,9,487.02
44348,10,329.37
44349,9,368.29
44350,4,173.74
44351,3,406.59
44352,5,206.41
44353,5,225.34
44354,1,100.92
44355,8,411.61
44356,8,38.38
44357,6,446.07
44358,4,277.1
44359,4,343.0
44360,10,253.9
44361,8,300.33
44362,1,302.96
44363,3,334.2
44364,3,426.96
44365,1,285.1
44366,7,290.42
44367,9,399.19
44368,3,434.84
44369,6,40.78
44370,5,314.58
44371,5,191.17
44372,10,396.35
44373,3,184.98
44374,5,214.17
44375,6,275.21
44376,2,56.3
44377,10,163.99
44378,4,364.66
44379,2,126.5
44380,8,164.95
44381,5,99.68
44382,6,418.61
44383,2,82.71
44384,6,398.73
44385,4,359.43
44386,9,178.68
44387,7,345.62
44388,4,104.32
44389,2,141.18
44390,6,397.86
44391,10,470.03
44392,10,350.0
44393,1,385.84
44394,8,244.28
44395,9,400.35
44396,10,188.49
44397,5,12.94
44398,4,168.1
44399,7,24.2
44400,9,458.8
44401,2,321.94
44402,5,496.37
44403,5,472.73
44404,4,35.65
44405,4,274.58
44406,1,370.03
44407,6,354.1
44408,2,79.65
44409,2,74.37
44410,9,143.24
44411,8,200.27
44412,8,132.32
44413,10,25.48
44414,10,458.58
44415,8,278.17
44416,3,159.59
44417,4,206.78
44418,2,457.22
44419,1,370.64
44420,4,40.55
44421,3,187.07
44422,4,458.98
44423,7,397.34
44424,3,339.6
44425,1,199.11
44426,4,371.95
44427,4,415.43
44428,7,482.71
44429,2,62.71
44430,5,462.4
44431,6,121.39
44432,8,207.89
44433,10,266.27
44434,10,230.97
44435,7,158.4
44436,4,123.06
44437,3,163.57
44438,8,340.54
44439,7,18.73
44440,1,20.16
44441,10,119.99
44442,8,204.0
44443,3,149.04
44444,5,457.16
44445,2,312.82
44446,2,368.42
44447,3,164.07
44448,8,393.34
44449,6,102.16
44450,4,359.3
44451,4,169.73
44452,3,386.34
44453,7,243.53
44454,3,418.53
44455,9,392.87
44456,8,269.16
44457,5,213.82
44458,7,389.21
44459,7,240.0
44460,5,288.19
44461,4,280.26
44462,5,488.72
44463,9,425.59
44464,8,265.16
44465,9,343.37
44466,8,356.07
44467,4,258.14
44468,3,287.77
44469,7,190.19
44470,8,430.5
44471,1,326.17
44472,3,143.88
44473,2,479.07
44474,5,210.17
44475,1,90.16
44476,10,334.13
44477,9,52.84
44478,7,158.2
44479,1,49.56
44480,5,278.38
44481,1,460.2
44482,1,66.49
44483,4,21.68
44484,3,468.63
44485,8,348.0
44486,9,451.08
44487,4,88.86
44488,1,401.69
44489,8,354.98
44490,2,160.67
44491,8,317.01
44492,1,480.98
44493,2,75.07
44494,7,386.06
44495,2,346.51
44496,3,69.86
44497,8,369.38
44498,3,498.39
44499,3,350.07
44500,5,435.81
44501,9,219.22
44502,3,431.01
44503,3,454.99
44504,2,483.98
44505,1,338.1
44506,1,226.64
44507,6,235.77
44508,9,13.86
44509,8,413.23
44510,10,142.85
44511,3,390.37
44512,5,72.6
44513,9,225.03
44514,8,35.29
44515,4,80.25
44516,9,387.73
44517,7,213.12
44518,10,39.74
44519,7,262.94
44520,7,348.54
44521,9,58.81
44522,5,239.34
44523,7,422.85
44524,3,92.33
44525,5,384.27
44526,8,339.82
44527,2,371.19
44528,10,185.4
44529,7,396.28
44530,6,101.91
44531,1,202.27
44532,8,433.51
44533,4,313.51
44534,6,452.49
44535,5,243.25
44536,6,183.96
44537,7,263.05
44538,3,442.24
44539,5,87.1
44540,8,435.41
44541,2,441.38
44542,9,383.19
44543,6,48.15
44544,9,338.77
44545,8,29.84
44546,2,405.53
44547,5,277.28
44548,6,220.84
44549,9,349.55
44550,4,191.01
44551,8,371.67
44552,2,46.23
44553,7,149.44
44554,1,165.27
44555,8,113.75
44556,3,89.52
44557,3,186.07
44558,4,496.48
44559,7,462.77
44560,2,488.83
44561,9,70.69
44562,8,386.65
44563,2,133.28
44564,4,35.28
44565,1,366.9
44566,1,487.61
44567,9,47.37
44568,4,219.65
44569,2,73.49
44570,9,315.71
44571,8,398.68
44572,4,383.98
44573,4,285.11
44574,8,348.75
44575,5,316.99
44576,1,396.47
44577,5,488.54
44578,3,135.95
44579,6,27.85
44580,5,291.99
44581,2,132.2
44582,9,33.27
44583,9,476.92
44584,9,48.86
44585,8,478.69
44586,8,344.1
44587,3,470.57
44588,2,450.58
44589,5,99.51
44590,3,335.43
44591,7,477.89
44592,6,133.87
44593,9,178.31
44594,1,62.32
44595,3,41.06
44596,2,399.32
44597,4,141.78
44598,1,230.68
44599,2,139.55
44600,3,220.53
44601,7,131.24
44602,8,163.86
44603,4,446.34
44604,5,261.37
44605,6,188.71
44606,4,477.94
44607,6,446.28
44608,8,274.33
44609,8,319.6
44610,10,296.54
44611,4,87.93
44612,4,265.61
44613,7,219.04
44614,5,94.24
44615,8,334.66
44616,5,318.69
44617,3,147.52
44618,2,433.54
44619,8,486.86
44620,4,459.45
44621,10,351.13
44622,7,428.22
44623,8,187.39
44624,7,476.83
44625,3,429.96
44626,1,79.43
44627,8,121.68
44628,6,279.99
44629,2,39.59
44630,10,39.57
44631,5,247.38
44632,6,210.42
44633,1,460.71
44634,8,438.35
44635,8,27.8
44636,2,138.72
44637,5,380.31
44638,6,423.04
44639,2,328.2
44640,9,320.94
44641,3,110.57
44642,5,331.88
44643,10,286.36
44644,2,271.46
44645,6,336.29
44646,8,168.88
44647,4,52.7
44648,1,474.03
44649,8,397.7
44650,4,494.92
44651,8,426.52
44652,7,441.78
44653,7,290.21
44654,9,449.12
44655,8,291.7
44656,3,392.24
44657,7,128.54
44658,1,271.79
44659,6,392.17
44660,4,326.89
44661,1,19.13
44662,5,118.16
44663,7,411.68
44664,8,348.63
44665,1,142.02
44666,5,430.62
44667,3,91.45
44668,3,133.81
44669,7,424.04
44670,7,359.74
44671,1,391.46
44672,7,133.83
44673,7,139.31
44674,3,238.27
44675,9,423.89
44676,7,209.47
44677,9,15.37
44678,4,105.88
44679,4,427.79
44680,8,189.95
44681,8,257.06
44682,8,231.75
44683,8,225.81
44684,6,274.54
44685,2,110.29
44686,2,80.76
44687,8,260.09
44688,6,84.65
44689,7,496.83
44690,9,336.9
44691,4,298.6
44692,9,399.94
44693,7,494.9
44694,2,477.68
44695,10,185.14
44696,5,122.74
44697,1,169.15
44698,2,207.03
44699,3,168.95
44700,6,357.88
44701,1,396.1
44702,9,432.52
44703,2,493.61
44704,8,423.32
44705,9,206.38
44706,8,243.77
44707,3,380.15
44708,9,485.93
44709,8,385.69
44710,7,23.56
44711,2,388.06
44712,1,340.62
44713,6,491.34
44714,6,285.47
44715,4,473.59
44716,10,498.03
44717,6,75.36
44718,9,39.95
44719,1,458.89
44720,10,222.15
44721,2,267.86
44722,1,290.66
44723,7,129.14
44724,2,462.27
44725,7,400.84
44726,6,313.57
44727,8,116.88
44728,6,34.71
44729,1,450.28
44730,9,30.57
44731,7,56.63
44732,10,174.21
44733,8,107.62
44734,2,305.18
44735,5,333.13
44736,2,482.37
44737,9,312.69
44738,4,146.81
44739,3,84.49
44740,5,236.2
44741,6,330.61
44742,6,353.28
44743,6,55.79
44744,3,488.58
44745,6,149.19
44746,10,490.67
44747,10,266.09
44748,2,53.55
44749,7,320.42
44750,10,406.57
44751,1,71.8
44752,4,265.94
44753,9,204.19
44754,2,320.78
44755,2,484.93
44756,9,124.79
44757,5,364.12
44758,8,392.23
44759,3,372.85
44760,2,80.7
44761,1,147.52
44762,5,18.26
44763,3,253.94
44764,7,61.58
44765,9,69.83
44766,5,155.74
44767,4,322.95
44768,4,21.87
44769,1,26.35
44770,1,205.88
44771,10,303.75
44772,2,431.99
44773,4,308.28
44774,5,58.97
44775,5,452.61
44776,1,201.36
44777,4,65.42
44778,8,408.15
44779,8,109.27
44780,1,363.21
44781,2,208.93
44782,7,46.54
44783,10,362.34
44784,2,163.57
44785,6,113.76
44786,1,264.43
44787,7,437.54
44788,8,132.98
44789,4,48.02
44790,10,152.87
44791,3,410.63
44792,4,365.93
44793,3,494.08
44794,10,14.33
44795,7,46.58
44796,7,467.6
44797,5,119.95
44798,5,134.2
44799,3,223.38
44800,3,325.83
44801,7,99.09
44802,8,316.73
44803,7,494.4
44804,5,170.11
44805,10,200.91
44806,3,421.02
44807,7,110.22
44808,6,427.27
44809,4,173.01
44810,3,354.37
44811,3,233.95
44812,8,138.27
44813,9,430.84
44814,8,218.58
44815,7,454.26
44816,1,464.32
44817,10,378.68
44818,6,439.38
44819,6,357.83
44820,10,91.33
44821,6,140.64
44822,10,175.44
44823,2,231.97
44824,7,155.53
44825,5,378.21
44826,4,99.53
44827,4,281.08
44828,9,447.67
44829,9,404.81
44830,7,46.37
44831,1,332.27
44832,6,315.25
44833,9,418.32
44834,8,465.95
44835,7,302.54
44836,1,440.47
44837,8,329.9
44838,4,53.96
44839,10,236.14
44840,9,179.09
44841,1,84.54
44842,1,264.6
44843,1,459.33
44844,7,153.24
44845,1,467.27
44846,3,268.34
44847,9,343.39
44848,4,210.43
44849,6,247.45
44850,7,28.53
44851,2,179.77
44852,9,13.94
44853,4,314.27
44854,10,390.96
44855,9,460.27
44856,2,329.73
44857,9,220.78
44858,10,214.61
44859,6,411.87
44860,5,156.87
44861,5,319.97
44862,4,357.58
44863,8,253.63
44864,1,472.68
44865,9,33.28
44866,3,277.1
44867,3,351.26
44868,4,287.61
44869,1,293.47
44870,10,452.75
44871,9,499.94
44872,9,384.95
44873,10,172.93
44874,8,234.42
44875,8,359.23
44876,7,315.79
44877,1,151.29
44878,6,411.42
44879,1,358.56
44880,9,442.34
44881,4,248.54
44882,5,304.27
44883,9,220.29
44884,1,474.27
44885,5,78.41
44886,2,269.95
44887,7,327.85
44888,10,34.8
44889,6,181.8
44890,8,240.66
44891,9,138.56
44892,10,290.4
44893,6,330.99
44894,1,492.47
44895,10,442.21
44896,2,271.03
44897,5,310.31
44898,9,447.54
44899,4,171.47
44900,1,421.03
44901,3,217.92
44902,6,85.67
44903,9,436.86
44904,10,455.57
44905,1,439.5
44906,10,229.73
44907,1,374.16
44908,8,377.07
44909,8,482.81
44910,2,33.67
44911,9,62.27
44912,1,192.01
44913,6,482.35
44914,5,59.26
44915,1,108.8
44916,7,469.89
44917,10,497.13
44918,3,47.7
44919,4,290.98
44920,4,270.42
44921,2,207.01
44922,2,136.98
44923,3,319.34
44924,4,82.22
44925,5,480.55
44926,3,322.27
44927,3,266.46
44928,5,487.01
44929,7,153.59
44930,4,124.55
44931,5,495.1
44932,3,481.71
44933,8,364.98
44934,10,383.07
44935,5,62.37
44936,8,109.08
44937,8,62.81
44938,9,424.17
44939,3,455.71
44940,6,110.74
44941,3,109.03
44942,2,476.3
44943,6,70.2
44944,2,488.96
44945,6,142.07
44946,9,460.1
44947,9,331.84
44948,8,30.66
44949,8,162.63
44950,7,249.11
44951,5,39.05
44952,10,14.6
44953,7,63.28
44954,5,116.06
44955,7,341.25
44956,4,421.68
44957,1,273.31
44958,4,99.43
44959,2,63.62
44960,6,17.52
44961,3,387.04
44962,5,343.56
44963,9,215.61
44964,2,321.43
44965,5,48.44
44966,4,185.92
44967,6,247.25
44968,9,143.09
44969,2,148.2
44970,8,150.31
44971,4,178.54
44972,9,456.95
44973,9,325.82
44974,6,254.34
44975,8,386.51
44976,7,407.31
44977,4,158.64
44978,5,254.78
44979,10,281.33
44980,4,107.83
44981,2,291.27
44982,6,485.06
44983,6,132.14
44984,5,416.83
44985,4,238.66
44986,1,419.95
44987,5,454.37
44988,8,438.06
44989,4,47.18
44990,4,466.6
44991,7,288.29
44992,7,51.49
44993,3,267.92
44994,3,453.13
44995,8,320.69
44996,4,28.46
44997,6,32.17
44998,8,173.44
44999,1,392.57
45000,8,159.41
45001,2,138.72
45002,2,252.64
45003,6,25.15
45004,2,346.71
45005,6,304.01
45006,10,428.02
45007,2,432.07
45008,6,246.58
45009,2,301.9
45010,8,166.67
45011,2,206.73
45012,5,396.71
45013,8,270.39
45014,9,290.44
45015,5,466.75
45016,10,236.46
45017,7,86.65
45018,2,374.25
45019,1,262.02
45020,8,447.03
45021,9,478.94
45022,6,496.98
45023,5,441.82
45024,3,31.67
45025,5,489.87
45026,9,344.9
45027,4,466.97
45028,10,353.31
45029,6,63.18
45030,10,16.21
45031,8,228.0
45032,9,222.0
45033,8,121.05
45034,9,185.73
45035,7,96.0
45036,3,120.5
45037,3,141.06
45038,6,53.38
45039,5,338.66
45040,2,236.78
45041,10,336.64
45042,8,60.01
45043,7,137.0
45044,3,167.26
45045,5,67.89
45046,10,469.28
45047,1,266.03
45048,2,343.0
45049,7,142.45
45050,8,349.03
45051,8,108.88
45052,10,243.22
45053,9,393.87
45054,6,59.97
45055,10,112.03
45056,9,325.99
45057,3,187.73
45058,8,409.85
45059,8,15.24
45060,5,382.56
45061,6,231.24
45062,8,120.2
45063,8,475.37
45064,2,186.53
45065,8,382.86
45066,8,97.33
45067,4,11.03
45068,1,410.76
45069,9,400.1
45070,10,358.99
45071,2,310.75
45072,1,302.67
45073,4,257.7
45074,10,216.8
45075,6,163.22
45076,4,93.62
45077,6,256.37
45078,9,454.58
45079,8,17.28
45080,3,75.43
45081,3,445.77
45082,5,400.93
45083,7,425.74
45084,5,60.43
45085,7,388.83
45086,7,196.97
45087,5,175.61
45088,5,258.01
45089,1,243.56
45090,2,115.57
45091,10,419.4
45092,5,346.71
45093,5,350.73
45094,3,81.56
45095,9,295.44
45096,5,113.32
45097,5,247.19
45098,3,299.96
45099,2,45.18
45100,8,68.41
45101,4,310.67
45102,1,457.08
45103,4,437.61
45104,10,72.27
45105,7,219.74
45106,3,357.03
45107,3,360.71
45108,5,45.53
45109,7,191.86
45110,8,107.03
45111,9,469.34
45112,7,280.99
45113,1,170.01
45114,2,14.02
45115,7,90.81
45116,8,345.77
45117,6,215.23
45118,7,304.04
45119,3,111.18
45120,9,117.41
45121,4,42.07
45122,5,428.65
45123,8,490.07
45124,8,474.36
45125,4,408.77
45126,10,433.61
45127,9,494.76
45128,1,395.9
45129,9,159.24
45130,4,261.5
45131,5,285.11
45132,2,190.6
45133,10,195.04
45134,9,449.21
45135,4,426.21
45136,3,337.34
45137,3,149.69
45138,6,144.22
45139,3,295.89
45140,1,101.9
45141,6,114.74
45142,2,162.74
45143,4,422.35
45144,1,178.7
45145,6,477.17
45146,10,171.94
45147,3,229.7
45148,9,393.61
45149,4,382.58
45150,1,422.9
45151,7,473.53
45152,6,37.62
45153,7,414.02
45154,4,261.92
45155,9,97.11
45156,3,212.33
45157,9,29.01
45158,7,201.83
45159,2,185.12
45160,8,58.04
45161,8,226.55
45162,8,151.14
45163,7,92.74
45164,1,439.2
45165,6,211.13
45166,7,40.22
45167,5,143.79
45168,7,309.98
45169,9,295.06
45170,6,33.98
45171,5,468.92
45172,8,315.01
45173,3,210.28
45174,6,229.85
45175,10,248.4
45176,2,323.53
45177,9,81.7
45178,7,284.8
45179,9,399.87
45180,10,450.13
45181,3,276.65
45182,1,258.02
45183,2,249.12
45184,7,332.42
45185,3,444.04
45186,6,203.91
45187,6,260.68
45188,7,279.64
45189,3,94.01
45190,7,121.85
45191,8,437.76
45192,5,332.6
45193,2,332.85
45194,7,128.74
45195,8,227.92
45196,3,455.07
45197,7,12.41
45198,9,122.85
45199,8,482.49
45200,9,145.18
45201,2,388.45
45202,8,17.88
45203,9,245.94
45204,2,137.25
45205,1,433.18
45206,6,283.41
45207,1,149.2
45208,10,166.44
45209,8,474.73
45210,6,165.8
45211,3,195.88
45212,7,223.72
45213,5,351.16
45214,6,437.53
45215,6,234.24
45216,10,314.35
45217,10,35.29
45218,8,414.29
45219,9,379.41
45220,6,321.63
45221,8,140.19
45222,4,462.22
45223,9,355.39
45224,9,349.77
45225,5,356.58
45226,1,300.36
45227,7,392.54
45228,10,155.9
45229,5,358.46
45230,4,83.64
45231,3,407.54
45232,8,420.25
45233,9,136.75
45234,2,176.99
45235,7,211.66
45236,2,379.69
45237,8,420.0
45238,6,289.05
45239,4,473.4
45240,2,333.48
45241,7,371.37
45242,4,350.57
45243,10,448.49
45244,3,484.58
45245,10,464.64
45246,7,138.76
45247,4,306.38
45248,4,81.72
45249,3,226.26
45250,6,394.26
45251,5,362.94
45252,3,56.6
45253,5,171.19
45254,8,265.45
45255,7,483.3
45256,10,369.96
45257,6,181.36
45258,1,273.34
45259,3,28.12
45260,7,222.43
45261,5,75.84
45262,2,228.46
45263,1,338.57
45264,2,397.41
45265,9,430.32
45266,5,236.25
45267,6,230.65
45268,9,204.35
45269,2,257.99
45270,1,269.3
45271,7,126.91
45272,7,28.35
45273,1,291.02
45274,7,71.34
45275,9,217.03
45276,7,34.52
45277,5,413.78
45278,1,363.51
45279,10,336.01
45280,10,479.72
45281,8,181.46
45282,8,441.08
45283,1,222.41
45284,9,193.74
45285,7,260.09
45286,7,96.01
45287,5,114.12
45288,8,261.91
45289,2,401.55
45290,6,269.84
45291,5,41.78
45292,1,274.05
45293,9,101.39
45294,7,378.76
45295,3,370.28
45296,6,228.42
45297,7,302.48
45298,8,279.53
45299,3,107.16
45300,5,156.95
45301,9,346.59
45302,5,270.02
45303,4,143.59
45304,6,422.31
45305,8,489.41
45306,8,311.83
45307,9,413.06
45308,8,177.52
45309,4,428.36
45310,5,207.15
45311,5,105.9
45312,6,97.91
45313,9,325.41
45314,6,433.5
45315,9,34.41
45316,3,486.09
45317,10,281.62
45318,6,52.95
45319,7,474.78
45320,3,272.21
45321,7,233.08
45322,3,373.24
45323,8,313.6
45324,7,395.62
45325,5,44.52
45326,1,419.51
45327,1,45.36
45328,9,124.3
45329,5,143.06
45330,10,470.44
45331,1,333.74
45332,4,427.02
45333,1,259.44
45334,8,428.91
45335,9,310.42
45336,1,175.93
45337,4,252.84
45338,10,478.74
45339,9,166.75
45340,2,309.03
45341,7,494.73
45342,3,274.59
45343,5,172.29
45344,1,197.34
45345,10,249.42
45346,8,223.63
45347,10,240.29
45348,10,433.57
45349,10,441.33
45350,4,82.29
45351,4,466.89
45352,9,156.38
45353,2,293.35
45354,1,19.3
45355,2,387.56
45356,10,369.04
45357,7,302.35
45358,4,341.61
45359,5,50.68
45360,9,289.97
45361,3,461.32
45362,10,283.23
45363,10,301.43
45364,7,382.71
45365,10,170.47
45366,3,124.72
45367,7,94.27
45368,5,474.23
45369,8,431.24
45370,8,425.01
45371,2,497.61
45372,8,350.65
45373,9,298.47
45374,4,253.34
45375,1,105.54
45376,9,243.84
45377,7,75.58
45378,2,238.37
45379,9,465.69
45380,10,470.56
45381,2,402.85
45382,5,161.19
45383,8,437.5
45384,10,162.74
45385,7,304.03
45386,4,423.58
45387,6,372.14
45388,3,195.52
45389,5,449.27
45390,10,416.31
45391,10,76.34
45392,3,392.59
45393,3,268.69
45394,4,296.93
45395,1,288.14
45396,9,392.79
45397,1,86.15
45398,4,459.02
45399,3,132.13
45400,5,465.29
45401,5,226.85
45402,2,81.81
45403,5,294.73
45404,8,246.68
45405,8,317.69
45406,3,221.99
45407,6,211.31
45408,6,413.26
45409,1,473.33
45410,3,264.14
45411,4,448.75
45412,5,448.27
45413,4,329.72
45414,5,83.54
45415,7,139.96
45416,6,87.88
45417,1,121.62
45418,5,284.73
45419,6,454.27
45420,4,393.89
45421,4,60.2
45422,9,193.42
45423,4,396.93
45424,9,420.0
45425,7,323.38
45426,6,395.98
45427,10,157.18
45428,6,270.83
45429,4,273.8
45430,6,435.65
45431,2,154.94
45432,6,233.82
45433,10,173.62
45434,7,251.75
45435,1,474.45
45436,5,147.99
45437,2,62.52
45438,5,105.05
45439,1,165.61
45440,5,267.73
45441,1,472.72
45442,8,90.43
45443,2,251.15
45444,9,265.39
45445,8,283.72
45446,5,47.75
45447,6,411.71
45448,1,189.38
45449,9,371.78
45450,3,282.81
45451,7,471.2
45452,1,495.81
45453,8,133.18
45454,6,405.74
45455,10,259.84
45456,8,386.84
45457,6,149.85
45458,3,347.98
45459,4,426.5
45460,3,161.6
45461,3,471.68
45462,1,347.82
45463,2,239.08
45464,8,425.91
45465,6,384.26
45466,6,258.01
45467,4,299.56
45468,5,94.54
45469,10,199.18
45470,4,474.36
45471,5,60.39
45472,2,340.44
45473,3,475.65
45474,4,287.7
45475,2,63.37
45476,8,108.77
45477,5,456.4
45478,10,253.02
45479,3,426.08
45480,3,31.9
45481,2,172.71
45482,5,73.24
45483,9,309.58
45484,4,497.62
45485,5,492.83
45486,8,172.51
45487,5,414.6
45488,8,146.93
45489,3,324.2
45490,9,495.23
45491,1,196.05
45492,3,374.24
45493,1,304.27
45494,3,90.47
45495,6,59.37
45496,9,315.39
45497,6,83.33
45498,4,36.32
45499,6,341.05
45500,2,350.77
45501,3,156.86
45502,10,223.51
45503,8,57.09
45504,10,409.0
45505,10,206.29
45506,2,92.18
45507,10,471.59
45508,7,397.02
45509,9,346.04
45510,2,301.99
45511,2,70.26
45512,3,294.29
45513,10,230.37
45514,5,437.52
45515,7,312.05
45516,2,441.3
45517,2,231.51
45518,3,111.84
45519,5,330.98
45520,7,17.94
45521,9,12.97
45522,1,69.95
45523,2,252.44
45524,9,487.93
45525,2,270.05
45526,4,213.83
45527,4,404.77
45528,4,358.3
45529,8,307.25
45530,2,387.24
45531,10,31.08
45532,3,376.17
45533,8,392.03
45534,2,245.76
45535,2,260.9
45536,7,26.31
45537,8,66.38
45538,9,438.0
45539,10,364.27
45540,2,188.75
45541,4,100.0
45542,2,24.45
45543,8,342.78
45544,6,438.89
45545,9,105.71
45546,2,449.9
45547,1,223.85
45548,2,88.84
45549,9,301.85
45550,2,212.25
45551,10,156.65
45552,5,289.67
45553,7,127.74
45554,7,173.05
45555,1,274.78
45556,9,413.38
45557,10,13.2
45558,2,487.86
45559,9,216.64
45560,10,40.34
45561,2,208.06
45562,7,222.43
45563,1,422.68
45564,6,208.18
45565,3,133.51
45566,6,174.95
45567,9,445.57
45568,2,344.15
45569,10,27.76
45570,3,288.57
45571,9,187.69
45572,6,279.02
45573,2,447.64
45574,8,488.7
45575,10,247.45
45576,3,249.92
45577,5,403.26
45578,9,417.57
45579,5,122.63
45580,3,104.42
45581,5,181.03
45582,10,288.68
45583,3,247.75
45584,7,335.94
45585,7,94.07
45586,2,210.56
45587,8,271.56
45588,6,171.5
45589,8,423.0
45590,1,171.7
45591,8,280.98
45592,10,66.52
45593,7,114.54
45594,10,14.09
45595,10,201.38
45596,1,460.19
45597,3,56.38
45598,5,494.27
45599,6,330.11
45600,9,385.7
45601,1,207.7
45602,6,302.55
45603,10,219.62
45604,2,477.05
45605,9,249.76
45606,2,316.75
45607,8,302.02
45608,9,260.61
45609,3,103.46
45610,6,65.33
45611,7,482.95
45612,1,396.93
45613,6,257.94
45614,1,173.11
45615,1,173.56
45616,6,257.15
45617,5,334.55
45618,10,327.51
45619,2,86.2
45620,6,66.23
45621,8,176.92
45622,9,30.31
45623,10,66.69
45624,6,274.41
45625,9,142.09
45626,1,388.7
45627,9,299.1
45628,2,376.48
45629,5,58.86
45630,2,482.95
45631,1,303.54
45632,10,337.35
45633,3,297.92
45634,7,467.87
45635,6,284.29
45636,1,360.52
45637,1,377.4
45638,10,109.29
45639,4,428.0
45640,4,487.31
45641,3,197.72
45642,9,412.56
45643,1,259.0
45644,9,226.5
45645,3,387.2
45646,9,282.64
45647,7,388.85
45648,6,207.84
45649,6,155.31
45650,9,217.85
45651,3,39.19
45652,7,116.5
45653,7,378.74
45654,6,264.06
45655,1,15.88
45656,5,279.76
45657,10,415.82
45658,7,283.37
45659,6,280.25
45660,5,40.64
45661,7,180.08
45662,2,50.37
45663,4,314.34
45664,10,108.75
45665,10,237.3
45666,4,33.58
45667,9,207.03
45668,10,128.34
45669,8,251.63
45670,1,156.96
45671,3,181.44
45672,2,288.39
45673,6,95.45
45674,1,126.56
45675,7,432.0
45676,6,216.33
45677,5,351.9
45678,10,251.76
45679,2,163.11
45680,2,269.37
45681,4,203.66
45682,2,419.31
45683,9,180.13
45684,5,455.86
45685,5,174.97
45686,3,16.55
45687,2,130.35
45688,9,84.52
45689,3,147.34
45690,4,106.8
45691,4,98.57
45692,1,99.86
45693,8,344.16
45694,6,123.72
45695,10,135.44
45696,2,226.77
45697,8,419.3
45698,8,276.64
45699,6,265.35
45700,6,279.7
45701,3,425.31
45702,9,170.57
45703,5,105.52
45704,2,395.01
45705,7,147.06
45706,9,300.35
45707,2,37.81
45708,4,363.45
45709,1,417.12
45710,8,149.15
45711,4,456.02
45712,10,275.7
45713,10,437.76
45714,1,312.73
45715,8,179.15
45716,5,389.87
45717,4,57.45
45718,10,475.29
45719,10,315.44
45720,9,395.68
45721,1,140.35
45722,3,448.4
45723,2,171.56
45724,4,479.39
45725,7,257.21
45726,4,32.3
45727,2,494.82
45728,7,373.67
45729,7,147.06
45730,7,437.37
45731,9,398.35
45732,4,178.35
45733,8,340.29
45734,4,404.83
45735,2,288.3
45736,8,395.36
45737,3,362.49
45738,2,256.71
45739,2,351.3
45740,1,258.92
45741,8,157.18
45742,4,179.37
45743,9,491.69
45744,8,280.94
45745,7,114.98
45746,6,470.99
45747,5,382.91
45748,8,357.45
45749,7,231.62
45750,6,426.81
45751,4,167.09
45752,6,461.97
45753,9,314.21
45754,1,325.31
45755,4,105.56
45756,6,173.49
45757,6,308.5
45758,8,335.52
45759,9,429.56
45760,9,247.89
45761,7,304.44
45762,1,159.91
45763,3,405.03
45764,3,158.63
45765,6,334.88
45766,10,36.57
45767,4,360.26
45768,8,389.0
45769,3,475.66
45770,5,24.86
45771,5,489.29
45772,2,430.51
45773,8,290.9
45774,8,257.47
45775,10,465.27
45776,3,452.8
45777,9,496.41
45778,7,283.44
45779,7,251.78
45780,2,134.62
45781,10,48.33
45782,7,296.96
45783,9,474.13
45784,1,53.45
45785,10,282.68
45786,6,59.23
45787,2,321.25
45788,9,496.77
45789,5,495.31
45790,3,186.49
45791,3,217.77
45792,1,164.25
45793,2,247.82
45794,6,263.87
45795,3,43.99
45796,2,319.25
45797,6,293.63
45798,3,460.12
45799,5,457.23
45800,3,409.59
45801,10,253.92
45802,6,483.55
45803,10,60.03
45804,8,420.31
45805,7,419.22
45806,7,162.33
45807,1,35.46
45808,3,25.11
45809,3,355.16
45810,3,177.78
45811,9,428.52
45812,6,403.01
45813,8,448.82
45814,3,359.5
45815,3,261.97
45816,10,248.06
45817,3,66.42
45818,8,270.23
45819,6,34.91
45820,5,268.55
45821,9,35.8
45822,10,277.25
45823,6,21.79
45824,5,74.39
45825,2,198.84
45826,10,454.32
45827,2,233.42
45828,7,231.59
45829,10,225.69
45830,2,460.44
45831,6,305.19
45832,4,26.03
45833,1,197.25
45834,8,253.81
45835,10,420.08
45836,5,135.06
45837,2,334.9
45838,8,389.02
45839,1,117.6
45840,4,201.36
45841,9,248.04
45842,4,408.88
45843,2,62.35
45844,9,392.43
45845,4,432.39
45846,1,65.92
45847,2,129.57
45848,9,243.9
45849,5,98.43
45850,3,484.59
45851,5,385.36
45852,10,414.03
45853,6,81.07
45854,2,152.22
45855,10,266.51
45856,5,19.34
45857,1,159.45
45858,9,265.06
45859,8,159.63
45860,9,255.13
45861,2,309.62
45862,8,217.14
45863,8,485.51
45864,9,201.45
45865,9,380.77
45866,3,381.36
45867,1,321.29
45868,10,441.68
45869,5,77.14
45870,2,159.81
45871,3,481.53
45872,10,443.45
45873,10,298.14
45874,10,50.95
45875,4,483.56
45876,1,391.75
45877,5,330.52
45878,7,102.01
45879,9,362.14
45880,7,459.13
45881,10,347.14
45882,9,487.23
45883,8,167.12
45884,6,52.76
45885,7,176.26
45886,7,63.81
45887,1,418.05
45888,4,388.14
45889,5,328.34
45890,1,407.21
45891,7,434.25
45892,1,175.09
45893,4,100.01
45894,9,384.12
45895,10,441.06
45896,8,420.55
45897,9,399.91
45898,10,252.1
45899,3,45.71
45900,7,315.5
45901,9,418.38
45902,6,237.91
45903,4,298.12
45904,8,449.74
45905,4,317.96
45906,2,100.93
45907,8,35.55
45908,4,153.33
45909,8,426.24
45910,1,229.4
45911,2,38.51
45912,3,170.59
45913,3,339.65
45914,7,178.12
45915,4,285.09
45916,4,488.55
45917,4,474.49
45918,2,400.37
45919,3,373.77
45920,1,183.17
45921,5,364.21
45922,7,188.49
45923,9,143.89
45924,7,411.47
45925,7,80.54
45926,8,60.47
45927,2,76.44
45928,5,33.23
45929,4,409.39
45930,3,204.34
45931,4,228.33
45932,4,448.27
45933,8,271.79
45934,1,131.56
45935,8,446.7
45936,3,128.26
45937,6,192.05
45938,5,316.24
45939,3,30.36
45940,7,237.22
45941,6,27.09
45942,10,126.94
45943,5,158.98
45944,7,191.43
45945,10,484.57
45946,6,118.0
45947,8,216.48
45948,4,319.89
45949,6,224.36
45950,9,182.01
45951,2,143.51
45952,3,463.32
45953,8,392.23
45954,5,374.26
45955,6,191.31
45956,4,60.69
45957,4,440.53
45958,5,483.99
45959,7,196.5
45960,2,105.25
45961,9,435.21
45962,9,280.2
45963,6,251.74
45964,8,332.91
45965,6,22.2
45966,3,318.54
45967,8,414.78
45968,10,315.32
45969,10,13.61
45970,1,47.72
45971,2,272.89
45972,10,173.98
45973,1,187.38
45974,9,174.42
45975,9,466.04
45976,4,363.71
45977,1,272.06
45978,2,15.71
45979,10,44.35
45980,1,257.94
45981,8,491.88
45982,8,297.96
45983,9,465.06
45984,9,497.96
45985,5,174.9
45986,4,144.68
45987,4,228.06
45988,9,127.39
45989,1,290.85
45990,1,215.33
45991,4,283.34
45992,2,220.29
45993,3,85.47
45994,8,392.35
45995,3,352.72
45996,2,241.79
45997,3,351.04
45998,8,469.57
45999,1,382.48
46000,1,421.31
46001,2,355.07
46002,9,390.02
46003,3,183.53
46004,6,54.4
46005,2,110.29
46006,9,115.58
46007,1,258.79
46008,4,314.68
46009,4,115.2
46010,5,221.67
46011,3,210.36
46012,5,79.48
46013,1,408.47
46014,2,412.22
46015,5,406.85
46016,6,312.38
46017,5,348.6
46018,8,127.03
46019,4,385.58
46020,4,205.92
46021,1,228.41
46022,3,369.67
46023,9,18.79
46024,10,343.97
46025,6,399.32
46026,1,177.36
46027,5,482.69
46028,5,14.8
46029,5,254.02
46030,8,474.91
46031,2,18.69
46032,3,227.88
46033,8,283.38
46034,9,462.92
46035,9,245.97
46036,8,277.12
46037,2,222.56
46038,10,34.29
46039,5,400.35
46040,9,104.63
46041,9,461.04
46042,7,437.23
46043,6,104.23
46044,7,451.85
46045,8,456.18
46046,7,115.5
46047,8,90.54
46048,9,231.74
46049,8,380.87
46050,6,420.94
46051,4,62.18
46052,9,434.17
46053,10,62.49
46054,4,46.37
46055,4,132.29
46056,7,380.07
46057,8,288.66
46058,8,148.83
46059,7,494.6
46060,3,87.94
46061,3,76.32
46062,5,157.63
46063,4,313.22
46064,4,380.58
46065,10,350.96
46066,7,211.48
46067,2,304.42
46068,7,436.07
46069,7,106.53
46070,4,11.64
46071,5,494.51
46072,6,383.16
46073,10,284.75
46074,5,298.72
46075,8,347.96
46076,5,271.87
46077,5,231.63
46078,7,253.63
46079,7,290.42
46080,5,384.29
46081,6,322.72
46082,5,328.35
46083,9,132.48
46084,1,301.11
46085,9,256.75
46086,1,279.64
46087,6,166.41
46088,7,374.81
46089,1,409.63
46090,4,333.65
46091,6,328.75
46092,3,219.53
46093,5,342.52
46094,1,270.99
46095,10,176.58
46096,6,54.36
46097,10,189.57
46098,3,493.22
46099,3,285.08
46100,7,492.48
46101,6,314.18
46102,7,32.43
46103,3,198.27
46104,2,443.2
46105,10,235.75
46106,9,369.87
46107,2,302.11
46108,7,233.16
46109,4,69.64
46110,9,55.38
46111,5,397.01
46112,10,192.77
46113,7,29.78
46114,1,348.71
46115,1,204.19
46116,6,40.93
46117,8,449.47
46118,1,98.07
46119,2,428.45
46120,10,388.02
46121,6,115.19
46122,3,221.89
46123,10,395.97
46124,4,283.3
46125,7,304.53
46126,6,325.88
46127,7,85.45
46128,7,344.45
46129,6,147.91
46130,2,297.59
46131,1,63.43
46132,2,244.64
46133,8,270.59
46134,3,339.9
46135,2,485.33
46136,7,143.95
46137,10,300.7
46138,1,204.07
46139,6,78.27
46140,8,348.84
46141,6,20.11
46142,2,95.53
46143,8,332.25
46144,3,183.55
46145,9,243.29
46146,4,76.9
46147,3,490.26
46148,9,242.21
46149,5,496.38
46150,9,439.49
46151,1,21.18
46152,7,239.59
46153,2,425.28
46154,3,327.08
46155,5,335.39
46156,1,170.38
46157,5,142.97
46158,4,287.31
46159,8,442.87
46160,1,20.74
46161,7,364.12
46162,8,277.63
46163,10,251.06
46164,1,146.86
46165,6,242.08
46166,3,315.7
46167,5,486.87
46168,3,47.23
46169,10,216.34
46170,9,81.55
46171,3,377.53
46172,4,35.08
46173,8,132.1
46174,10,417.53
46175,8,469.5
46176,8,113.09
46177,9,168.51
46178,7,246.45
46179,9,160.67
46180,10,301.18
46181,1,357.99
46182,10,244.03
46183,10,299.59
46184,8,179.28
46185,10,86.36
46186,1,359.28
46187,6,190.42
46188,2,196.45
46189,6,37.67
46190,4,488.79
46191,5,274.3
46192,7,223.54
46193,2,320.24
46194,8,405.07
46195,2,209.62
46196,4,37.31
46197,5,260.17
46198,3,453.37
46199,10,424.12
46200,2,113.83
46201,3,31.65
46202,8,81.98
46203,6,245.26
46204,3,98.87
46205,3,163.23
46206,5,270.28
46207,2,165.12
46208,3,360.58
46209,10,115.28
46210,2,56.96
46211,10,197.68
46212,6,57.3
46213,5,181.13
46214,1,370.52
46215,9,185.12
46216,10,328.75
46217,3,465.11
46218,5,373.65
46219,7,222.17
46220,1,347.06
46221,2,176.38
46222,7,125.9
46223,5,113.81
46224,8,18.98
46225,2,160.54
46226,9,493.51
46227,3,364.8
46228,5,407.92
46229,7,109.44
46230,9,173.29
46231,2,394.49
46232,2,453.58
46233,2,252.19
46234,10,356.54
46235,3,36.9
46236,8,28.87
46237,8,244.3
46238,3,498.97
46239,8,193.29
46240,4,115.34
46241,6,215.76
46242,8,105.63
46243,3,298.1
46244,7,24.07
46245,3,368.78
46246,9,415.88
46247,9,346.95
46248,5,177.54
46249,10,201.0
46250,10,432.41
46251,4,120.93
46252,10,138.54
46253,3,479.02
46254,10,426.11
46255,8,34.19
46256,3,391.4
46257,8,315.34
46258,9,247.79
46259,4,331.32
46260,4,271.92
46261,2,360.1
46262,10,243.69
46263,6,39.22
46264,9,122.16
46265,9,268.04
46266,6,457.41
46267,9,307.62
46268,2,318.19
46269,6,156.74
46270,7,325.55
46271,3,78.1
46272,10,235.37
46273,6,454.78
46274,4,309.86
46275,7,284.98
46276,7,40.2
46277,1,486.1
46278,6,205.07
46279,10,267.82
46280,10,298.2
46281,8,348.81
46282,10,308.1
46283,8,389.5
46284,5,222.58
46285,10,272.1
46286,7,430.55
46287,4,488.49
46288,8,236.66
46289,5,469.4
46290,6,190.66
46291,1,496.13
46292,9,320.46
46293,5,463.56
46294,5,11.39
46295,7,402.36
46296,9,303.0
46297,6,168.52
46298,5,444.81
46299,8,287.18
46300,3,270.45
46301,10,245.94
46302,10,92.2
46303,7,265.85
46304,9,472.34
46305,3,334.36
46306,2,359.74
46307,6,284.47
46308,9,173.29
46309,4,304.98
46310,3,423.28
46311,6,224.73
46312,9,473.99
46313,7,418.07
46314,6,415.18
46315,10,179.05
46316,3,166.42
46317,7,448.83
46318,1,427.73
46319,1,34.19
46320,1,28.03
46321,9,490.46
46322,1,387.57
46323,8,143.71
46324,2,95.19
46325,1,14.44
46326,10,53.86
46327,4,46.11
46328,9,32.78
46329,3,301.22
46330,10,345.85
46331,5,405.78
46332,5,378.83
46333,5,197.27
46334,3,490.04
46335,7,499.2
46336,10,199.5
46337,1,254.22
46338,4,460.27
46339,7,119.26
46340,2,260.27
46341,4,135.1
46342,6,163.95
46343,5,393.09
46344,1,213.79
46345,1,319.65
46346,9,36.42
46347,5,12.26
46348,2,471.02
46349,10,461.87
46350,10,301.05
46351,8,287.62
46352,2,49.53
46353,7,80.41
46354,6,478.85
46355,9,239.84
46356,2,145.28
46357,1,333.31
46358,4,373.37
46359,2,191.54
46360,4,489.35
46361,3,343.43
46362,6,106.31
46363,3,82.51
46364,9,318.72
46365,2,100.74
46366,8,454.59
46367,5,307.15
46368,4,301.19
46369,10,35.54
46370,1,371.48
46371,2,472.93
46372,3,261.14
46373,1,391.76
46374,8,78.74
46375,4,137.53
46376,5,202.63
46377,8,248.52
46378,10,327.94
46379,3,384.56
46380,9,417.28
46381,10,470.98
46382,1,270.68
46383,3,496.58
46384,7,415.61
46385,9,51.83
46386,6,138.87
46387,4,275.93
46388,10,49.08
46389,7,308.23
46390,9,278.55
46391,5,293.18
46392,2,301.94
46393,2,247.03
46394,1,328.39
46395,2,478.87
46396,6,306.5
46397,10,363.78
46398,8,14.23
46399,8,156.15
46400,5,119.8
46401,5,489.58
46402,9,458.6
46403,3,52.37
46404,8,340.78
46405,4,282.42
46406,10,66.49
46407,6,189.35
46408,6,211.33
46409,5,324.26
46410,3,18.02
46411,5,141.54
46412,5,460.0
46413,3,266.26
46414,6,294.51
46415,6,80.67
46416,6,91.04
46417,10,101.36
46418,5,487.7
46419,1,394.84
46420,10,15.59
46421,3,335.01
46422,6,270.72
46423,5,124.15
46424,10,289.53
46425,4,363.49
46426,8,433.45
46427,1,245.03
46428,3,86.29
46429,5,63.54
46430,5,382.46
46431,4,102.18
46432,8,264.31
46433,5,167.19
46434,10,117.36
46435,6,14.05
46436,10,334.04
46437,9,248.89
46438,9,361.31
46439,3,474.36
46440,8,480.47
46441,5,394.29
46442,3,388.63
46443,10,474.23
46444,8,214.65
46445,1,382.45
46446,1,379.92
46447,7,290.79
46448,5,223.79
46449,1,65.72
46450,7,154.27
46451,3,362.48
46452,8,14.74
46453,5,44.09
46454,6,42.28
46455,1,382.55
46456,2,494.24
46457,8,472.69
46458,8,470.26
46459,9,420.34
46460,2,327.94
46461,4,412.28
46462,9,477.46
46463,8,195.56
46464,3,202.92
46465,1,445.69
46466,2,51.12
46467,10,450.67
46468,4,385.49
46469,4,200.1
46470,3,193.07
46471,8,266.95
46472,4,28.05
46473,8,39.8
46474,4,392.44
46475,2,340.43
46476,7,376.76
46477,9,478.21
46478,8,268.34
46479,4,131.85
46480,3,123.13
46481,7,159.84
46482,6,271.66
46483,5,450.9
46484,10,48.13
46485,8,27.97
46486,9,397.58
46487,4,442.18
46488,1,246.64
46489,2,364.28
46490,7,30.09
46491,1,313.52
46492,6,261.88
46493,3,140.91
46494,2,387.05
46495,2,383.9
46496,10,246.43
46497,4,15.47
46498,4,409.59
46499,2,405.67
46500,6,428.25
46501,10,198.87
46502,9,51.05
46503,5,370.3
46504,7,381.02
46505,2,14.62
46506,7,138.89
46507,3,206.93
46508,4,61.62
46509,3,138.17
46510,9,79.96
46511,3,136.3
46512,5,433.11
46513,10,465.7
46514,2,485.02
46515,6,127.76
46516,5,56.79
46517,3,162.76
46518,10,245.71
46519,3,496.27
46520,7,22.76
46521,7,211.34
46522,6,348.72
46523,4,70.38
46524,2,119.25
46525,1,315.1
46526,4,226.22
46527,5,40.61
46528,2,307.84
46529,5,94.54
46530,3,258.89
46531,3,95.21
46532,5,394.75
46533,4,356.86
46534,1,200.1
46535,3,123.58
46536,6,24.68
46537,5,453.53
46538,9,78.34
46539,8,249.82
46540,5,373.19
46541,8,354.36
46542,4,369.54
46543,5,217.69
46544,6,81.59
46545,7,245.58
46546,5,313.33
46547,9,263.14
46548,6,364.66
46549,2,314.73
46550,2,230.48
46551,4,238.7
46552,7,208.71
46553,7,91.22
46554,10,110.41
46555,8,250.85
46556,5,166.12
46557,5,139.56
46558,2,418.65
46559,6,112.93
46560,7,457.72
46561,1,268.2
46562,7,31.64
46563,5,260.16
46564,10,134.45
46565,2,284.1
46566,2,434.79
46567,5,392.26
46568,7,453.95
46569,8,105.32
46570,7,276.06
46571,10,155.33
46572,7,52.56
46573,10,337.56
46574,2,375.14
46575,4,149.96
46576,4,358.94
46577,7,438.31
46578,6,168.64
46579,1,324.27
46580,2,464.44
46581,10,107.75
46582,9,261.86
46583,10,188.21
46584,4,233.04
46585,8,121.66
46586,7,379.8
46587,8,269.72
46588,9,492.85
46589,1,466.96
46590,10,468.72
46591,3,94.46
46592,2,139.1
46593,2,58.71
46594,3,455.39
46595,4,498.51
46596,1,144.15
46597,5,142.7
46598,5,10.22
46599,8,444.21
46600,2,424.03
46601,2,480.43
46602,6,297.42
46603,7,460.52
46604,8,431.58
46605,6,211.3
46606,2,113.69
46607,4,360.22
46608,4,31.4
46609,10,116.17
46610,7,459.26
46611,4,114.92
46612,6,299.77
46613,6,243.34
46614,9,304.5
46615,8,392.95
46616,8,362.06
46617,7,59.87
46618,8,417.55
46619,7,186.55
46620,5,349.34
46621,3,162.44
46622,2,13.59
46623,10,210.76
46624,1,19.57
46625,5,51.59
46626,2,401.17
46627,4,212.36
46628,3,27.24
46629,7,415.84
46630,2,13.44
46631,3,380.85
46632,2,55.04
46633,8,143.74
46634,2,340.11
46635,9,326.31
46636,10,130.15
46637,8,234.64
46638,2,38.25
46639,2,367.11
46640,7,35.09
46641,4,12.96
46642,9,173.41
46643,8,119.68
46644,1,200.57
46645,3,421.0
46646,6,190.04
46647,2,293.91
46648,2,118.87
46649,3,89.47
46650,3,216.51
46651,6,30.95
46652,9,22.7
46653,8,320.93
46654,1,409.23
46655,6,214.57
46656,5,303.41
46657,1,147.69
46658,8,405.56
46659,9,144.54
46660,2,136.53
46661,4,183.25
46662,3,16.57
46663,5,431.23
46664,6,358.63
46665,2,164.76
46666,3,373.91
46667,5,118.5
46668,7,171.66
46669,9,364.9
46670,9,383.32
46671,7,313.5
46672,5,139.68
46673,4,24.39
46674,8,261.14
46675,2,48.27
46676,5,172.9
46677,7,62.94
46678,9,172.75
46679,3,21.24
46680,5,28.36
46681,9,106.93
46682,5,181.52
46683,8,218.29
46684,9,74.6
46685,6,159.98
46686,4,388.45
46687,3,45.63
46688,7,27.23
46689,8,242.98
46690,2,440.73
46691,5,109.6
46692,10,348.5
46693,10,427.98
46694,8,369.8
46695,5,226.76
46696,6,11.14
46697,5,254.96
46698,8,139.46
46699,5,329.53
46700,4,50.13
46701,9,393.21
46702,8,264.96
46703,4,219.28
46704,8,494.49
46705,9,143.22
46706,3,320.42
46707,8,334.4
46708,1,163.46
46709,2,242.68
46710,2,395.52
46711,6,245.77
46712,4,86.64
46713,9,104.57
46714,2,106.75
46715,2,161.17
46716,1,342.77
46717,1,74.19
46718,8,331.92
46719,4,346.75
46720,1,469.38
46721,7,98.1
46722,6,201.01
46723,10,179.33
46724,3,367.54
46725,5,71.99
46726,4,81.04
46727,8,136.44
46728,6,401.59
46729,1,264.55
46730,7,341.96
46731,1,247.28
46732,10,424.23
46733,9,375.61
46734,8,382.36
46735,4,46.9
46736,2,224.12
46737,2,358.4
46738,3,151.1
46739,1,382.67
46740,7,36.67
46741,7,13.91
46742,3,240.45
46743,2,181.35
46744,8,360.0
46745,9,145.72
46746,9,242.98
46747,6,397.17
46748,3,265.83
46749,2,402.2
46750,10,112.9
46751,10,305.77
46752,4,261.01
46753,7,120.94
46754,6,101.22
46755,2,121.61
46756,6,263.31
46757,7,96.25
46758,9,413.31
46759,1,124.62
46760,9,170.61
46761,1,445.63
46762,5,405.38
46763,9,196.74
46764,1,61.97
46765,2,208.84
46766,4,82.43
46767,1,10.57
46768,5,343.07
46769,3,61.08
46770,10,330.68
46771,10,116.83
46772,10,199.74
46773,1,250.26
46774,4,65.32
46775,6,215.41
46776,7,45.25
46777,5,443.51
46778,1,198.29
46779,2,139.43
46780,1,85.66
46781,10,300.27
46782,9,412.08
46783,10,132.26
46784,5,346.81
46785,2,458.62
46786,2,332.09
46787,6,71.95
46788,4,70.35
46789,9,329.16
46790,5,54.18
46791,6,320.59
46792,3,235.25
46793,7,184.83
46794,6,406.72
46795,3,474.73
46796,6,131.76
46797,3,411.76
46798,5,90.52
46799,5,350.48
46800,8,185.07
46801,6,241.24
46802,3,157.09
46803,10,96.99
46804,9,315.29
46805,2,265.55
46806,8,170.68
46807,9,285.0
46808,3,263.27
46809,8,29.54
46810,7,74.8
46811,6,276.1
46812,3,83.25
46813,5,413.56
46814,4,49.49
46815,8,74.13
46816,9,122.62
46817,9,262.86
46818,9,156.6
46819,7,53.11
46820,1,265.16
46821,3,442.23
46822,7,401.94
46823,6,308.39
46824,10,147.97
46825,7,447.71
46826,10,420.41
46827,3,170.01
46828,1,426.4
46829,6,196.2
46830,3,293.87
46831,6,192.0
46832,4,482.37
46833,9,134.73
46834,10,350.08
46835,3,65.7
46836,10,260.32
46837,2,176.46
46838,4,281.95
46839,9,151.18
46840,7,290.61
46841,8,181.03
46842,4,265.91
46843,8,494.93
46844,7,487.42
46845,10,410.62
46846,8,370.42
46847,7,471.91
46848,2,459.27
46849,4,59.89
46850,8,199.21
46851,2,420.55
46852,9,377.26
46853,6,370.59
46854,1,445.82
46855,9,460.77
46856,1,454.97
46857,9,228.94
46858,3,454.32
46859,5,30.88
46860,2,15.77
46861,7,239.58
46862,7,144.05
46863,6,333.11
46864,1,185.44
46865,1,467.18
46866,3,430.94
46867,2,266.49
46868,4,84.94
46869,9,411.76
46870,7,170.22
46871,9,316.27
46872,10,37.24
46873,4,261.26
46874,6,339.43
46875,5,215.68
46876,1,474.3
46877,4,84.35
46878,1,427.68
46879,4,22.65
46880,1,354.14
46881,1,281.47
46882,6,325.11
46883,3,124.2
46884,5,382.92
46885,10,267.91
46886,8,469.05
46887,7,382.5
46888,4,255.74
46889,6,319.89
46890,1,262.72
46891,8,317.74
46892,4,360.23
46893,7,176.8
46894,8,226.06
46895,7,375.9
46896,2,335.88
46897,1,284.14
46898,4,316.23
46899,10,36.18
46900,2,217.07
46901,4,183.88
46902,8,182.74
46903,5,203.39
46904,1,499.57
46905,6,109.22
46906,1,314.56
46907,6,422.42
46908,9,324.91
46909,1,128.18
46910,5,160.06
46911,10,292.92
46912,2,365.69
46913,6,366.95
46914,5,11.58
46915,8,235.86
46916,10,185.65
46917,4,474.5
46918,5,134.65
46919,3,163.84
46920,4,363.56
46921,6,395.34
46922,2,103.26
46923,6,64.2
46924,3,436.65
46925,7,395.41
46926,5,13.45
46927,9,302.59
46928,4,282.37
46929,8,182.01
46930,10,494.45
46931,9,317.84
46932,7,469.01
46933,1,202.39
46934,7,218.05
46935,5,106.34
46936,7,230.33
46937,9,247.84
46938,1,82.86
46939,9,225.33
46940,4,432.95
46941,3,383.89
46942,2,279.39
46943,9,44.73
46944,8,452.09
46945,5,173.08
46946,9,152.53
46947,9,371.23
46948,10,68.24
46949,7,195.66
46950,8,127.99
46951,5,353.49
46952,8,152.82
46953,3,404.99
46954,10,305.03
46955,5,106.38
46956,6,438.23
46957,1,340.29
46958,8,32.57
46959,8,62.84
46960,1,85.35
46961,1,384.48
46962,4,149.42
46963,3,188.45
46964,10,483.29
46965,7,50.5
46966,4,416.77
46967,4,426.3
46968,7,95.15
46969,10,284.45
46970,9,311.08
46971,10,306.11
46972,4,88.11
46973,5,428.07
46974,1,410.95
46975,9,423.76
46976,7,429.44
46977,10,111.93
46978,2,342.97
46979,3,399.86
46980,5,394.32
46981,10,398.94
46982,1,322.62
46983,3,72.81
46984,6,297.94
46985,2,213.95
46986,4,426.1
46987,5,174.73
46988,5,99.72
46989,2,19.31
46990,6,275.42
46991,10,435.01
46992,2,309.55
46993,4,69.95
46994,4,36.39
46995,6,83.05
46996,8,20.03
46997,5,135.28
46998,2,272.09
46999,5,160.05
47000,1,356.93
47001,4,260.03
47002,1,253.38
47003,6,185.95
47004,5,480.4
47005,1,172.96
47006,6,337.75
47007,6,282.8
47008,5,140.0
47009,3,206.35
47010,7,188.91
47011,8,90.65
47012,4,54.64
47013,4,438.99
47014,2,310.07
47015,7,84.56
47016,9,262.24
47017,5,273.64
47018,6,431.63
47019,8,380.32
47020,4,351.4
47021,5,281.16
47022,1,267.45
47023,1,482.86
47024,7,73.45
47025,4,111.88
47026,10,422.99
47027,2,300.71
47028,4,457.78
47029,1,74.59
47030,8,310.39
47031,7,425.45
47032,8,111.53
47033,10,369.8
47034,9,27.52
47035,9,375.59
47036,2,373.05
47037,8,139.5
47038,2,368.96
47039,8,30.37
47040,8,86.83
47041,4,446.71
47042,9,406.23
47043,10,154.56
47044,7,224.08
47045,10,261.55
47046,10,418.22
47047,8,260.59
47048,4,179.47
47049,5,103.88
47050,2,484.03
47051,7,383.17
47052,1,130.27
47053,1,91.34
47054,2,305.71
47055,1,180.73
47056,2,85.73
47057,2,304.81
47058,2,39.33
47059,10,388.34
47060,9,382.88
47061,5,394.93
47062,7,165.46
47063,3,158.95
47064,9,284.19
47065,7,183.58
47066,4,147.18
47067,1,160.19
47068,7,438.69
47069,3,180.38
47070,3,286.24
47071,7,300.34
47072,2,17.0
47073,6,88.29
47074,2,190.13
47075,5,232.27
47076,10,173.53
47077,9,44.76
47078,9,165.97
47079,1,66.25
47080,1,267.15
47081,9,292.53
47082,3,58.0
47083,2,211.12
47084,4,141.08
47085,1,441.17
47086,7,388.87
47087,6,133.09
47088,9,126.82
47089,9,143.52
47090,10,344.68
47091,4,317.27
47092,4,495.16
47093,8,334.82
47094,2,288.33
47095,4,15.2
47096,5,324.06
47097,2,56.79
47098,1,409.61
47099,5,339.2
47100,10,256.18
47101,10,13.46
47102,6,211.79
47103,10,452.38
47104,9,477.26
47105,9,441.3
47106,5,423.42
47107,10,39.04
47108,10,201.29
47109,9,161.31
47110,1,142.56
47111,2,409.71
47112,7,360.8
47113,4,144.03
47114,1,70.06
47115,7,131.57
47116,2,122.59
47117,4,117.93
47118,8,105.0
47119,2,252.71
47120,10,277.68
47121,5,323.47
47122,10,305.8
47123,9,407.72
47124,6,275.75
47125,8,161.01
47126,5,268.02
47127,4,69.17
47128,3,141.34
47129,2,253.79
47130,6,313.79
47131,2,401.94
47132,7,153.06
47133,9,429.91
47134,10,421.74
47135,8,323.02
47136,5,221.87
47137,5,367.2
47138,1,66.42
47139,5,451.53
47140,10,48.5
47141,4,249.04
47142,10,321.59
47143,8,463.51
47144,3,491.71
47145,3,63.93
47146,7,414.68
47147,2,175.69
47148,8,390.75
47149,2,182.56
47150,5,498.49
47151,4,181.48
47152,2,483.77
47153,7,136.21
47154,10,127.45
47155,1,475.53
47156,7,402.51
47157,5,377.35
47158,3,287.46
47159,7,225.55
47160,3,161.32
47161,4,151.94
47162,8,434.92
47163,1,49.91
47164,10,94.04
47165,10,58.58
47166,1,394.64
47167,3,374.03
47168,10,424.27
47169,8,399.42
47170,3,258.54
47171,1,201.27
47172,10,26.01
47173,7,127.58
47174,7,149.09
47175,1,136.26
47176,10,470.64
47177,10,220.58
47178,10,254.13
47179,8,326.62
47180,2,442.26
47181,6,226.14
47182,1,209.78
47183,1,18.64
47184,2,95.32
47185,9,20.17
47186,3,156.82
47187,2,483.44
47188,9,409.49
47189,1,17.45
47190,9,484.43
47191,6,351.7
47192,4,114.71
47193,4,205.99
47194,10,370.01
47195,8,15.99
47196,9,70.4
47197,7,100.18
47198,4,197.98
47199,10,365.61
47200,7,236.45
47201,10,290.92
47202,8,41.0
47203,7,261.21
47204,6,230.13
47205,10,486.34
47206,6,90.19
47207,9,485.2
47208,3,166.48
47209,1,446.3
47210,4,432.82
47211,7,238.02
47212,1,333.92
47213,3,91.0
47214,8,441.26
47215,6,178.81
47216,8,295.18
47217,8,81.71
47218,10,262.46
47219,10,256.66
47220,3,175.95
47221,10,429.63
47222,4,405.57
47223,8,158.36
47224,9,333.8
47225,4,294.14
47226,9,145.89
47227,1,187.99
47228,4,248.31
47229,9,192.45
47230,4,288.45
47231,2,457.52
47232,5,406.06
47233,4,351.74
47234,7,32.18
47235,4,325.44
47236,8,48.78
47237,1,200.68
47238,4,327.73
47239,1,390.97
47240,5,302.37
47241,1,380.07
47242,3,476.19
47243,9,318.15
47244,8,106.74
47245,9,121.79
47246,1,147.91
47247,5,251.49
47248,5,371.94
47249,2,496.82
47250,2,85.49
47251,7,192.17
47252,9,315.95
47253,10,105.14
47254,6,251.29
47255,8,456.31
47256,5,191.28
47257,9,88.99
47258,8,443.16
47259,3,119.4
47260,8,99.26
47261,5,465.84
47262,10,116.69
47263,6,112.25
47264,4,311.28
47265,6,59.86
47266,5,201.39
47267,9,241.61
47268,8,347.32
47269,4,312.02
47270,1,129.32
47271,9,498.46
47272,5,113.69
47273,7,202.68
47274,9,486.55
47275,2,308.88
47276,4,93.9
47277,1,306.15
47278,7,232.43
47279,3,473.51
47280,7,93.38
47281,7,476.92
47282,6,229.0
47283,9,136.2
47284,5,234.18
47285,9,183.17
47286,9,453.02
47287,9,331.16
47288,2,28.94
47289,8,84.22
47290,6,412.99
47291,3,256.91
47292,5,203.6
47293,2,169.34
47294,7,167.17
47295,4,291.57
47296,1,183.01
47297,1,220.12
47298,7,434.34
47299,9,274.33
47300,8,130.17
47301,3,92.05
47302,6,184.57
47303,10,301.33
47304,10,453.43
47305,4,113.02
47306,2,420.88
47307,10,327.05
47308,4,69.15
47309,6,97.37
47310,1,332.89
47311,6,455.87
47312,7,396.78
47313,6,80.59
47314,4,465.36
47315,4,43.22
47316,5,194.79
47317,8,153.13
47318,10,311.37
47319,9,43.15
47320,5,345.85
47321,5,415.14
47322,7,465.24
47323,5,374.93
47324,4,354.06
47325,2,154.11
47326,4,172.48
47327,1,127.67
47328,2,44.22
47329,5,220.54
47330,6,438.19
47331,10,403.57
47332,6,378.23
47333,2,82.89
47334,9,23.08
47335,10,145.15
47336,10,106.37
47337,6,341.23
47338,6,114.03
47339,1,328.4
47340,10,159.62
47341,8,149.9
47342,1,465.92
47343,2,53.25
47344,6,233.78
47345,6,407.82
47346,4,300.29
47347,2,185.08
47348,8,142.19
47349,7,18.13
47350,8,444.53
47351,1,427.15
47352,4,55.69
47353,5,222.82
47354,6,106.95
47355,1,248.48
47356,3,373.1
47357,3,297.38
47358,10,441.72
47359,6,498.4
47360,2,163.98
47361,3,459.05
47362,4,58.46
47363,9,279.74
47364,8,318.76
47365,6,473.6
47366,6,288.99
47367,9,137.69
47368,2,102.54
47369,10,361.64
47370,9,278.01
47371,8,174.44
47372,10,355.65
47373,10,17.21
47374,9,371.44
47375,6,388.89
47376,7,305.18
47377,3,34.81
47378,3,270.87
47379,4,177.99
47380,9,230.74
47381,8,390.3
47382,7,485.02
47383,8,116.18
47384,2,191.23
47385,9,365.99
47386,2,238.38
47387,5,400.91
47388,10,407.78
47389,9,167.15
47390,10,443.81
47391,10,13.83
47392,7,358.61
47393,2,193.46
47394,3,22.54
47395,4,171.02
47396,9,118.11
47397,7,267.7
47398,1,222.8
47399,9,143.22
47400,10,378.12
47401,5,51.98
47402,4,189.73
47403,9,318.65
47404,10,92.13
47405,8,346.4
47406,1,326.25
47407,10,283.96
47408,3,52.4
47409,3,307.48
47410,3,478.12
47411,5,165.44
47412,8,197.04
47413,5,270.45
47414,5,138.89
47415,10,493.07
47416,2,427.79
47417,10,342.99
47418,6,58.12
47419,8,246.09
47420,4,149.85
47421,3,48.89
47422,8,403.89
47423,3,18.76
47424,4,448.57
47425,9,480.15
47426,3,119.22
47427,9,217.66
47428,5,469.05
47429,6,390.12
47430,3,59.64
47431,9,370.39
47432,8,322.3
47433,2,324.76
47434,2,134.35
47435,9,182.52
47436,10,13.85
47437,8,42.55
47438,9,132.53
47439,7,265.36
47440,6,281.79
47441,2,220.74
47442,3,462.68
47443,9,144.37
47444,4,398.7
47445,9,259.8
47446,10,388.54
47447,4,350.01
47448,5,149.84
47449,9,43.14
47450,9,351.7
47451,6,419.4
47452,2,423.85
47453,3,114.6
47454,9,342.49
47455,7,232.9
47456,10,236.36
47457,7,23.23
47458,9,214.8
47459,1,331.19
47460,9,26.18
47461,10,295.18
47462,1,117.14
47463,3,370.91
47464,7,106.14
47465,3,400.09
47466,6,476.41
47467,2,391.75
47468,8,224.53
47469,10,270.18
47470,7,432.73
47471,2,464.4
47472,4,292.51
47473,9,282.24
47474,1,265.0
47475,5,85.1
47476,1,68.77
47477,3,389.71
47478,3,246.14
47479,2,190.28
47480,3,52.86
47481,3,185.13
47482,9,238.8
47483,7,168.49
47484,8,396.08
47485,3,339.26
47486,5,140.65
47487,6,83.46
47488,10,268.54
47489,5,262.89
47490,9,444.24
47491,6,154.89
47492,1,328.89
47493,1,33.04
47494,10,494.19
47495,6,55.34
47496,7,256.06
47497,1,165.9
47498,10,129.78
47499,5,71.14
47500,8,448.15
47501,4,228.89
47502,3,36.11
47503,9,72.35
47504,6,229.1
47505,7,468.97
47506,5,322.99
47507,9,29.35
47508,4,435.81
47509,5,421.13
47510,7,261.23
47511,3,126.75
47512,1,249.44
47513,3,211.43
47514,8,482.54
47515,3,383.03
47516,7,30.29
47517,9,432.53
47518,9,382.65
47519,4,266.59
47520,2,152.55
47521,10,16.29
47522,10,454.64
47523,1,235.49
47524,9,80.81
47525,9,348.96
47526,5,289.46
47527,5,56.09
47528,2,204.8
47529,5,286.93
47530,7,132.57
47531,10,435.58
47532,9,293.57
47533,8,475.62
47534,1,303.8
47535,5,292.15
47536,6,137.19
47537,10,36.32
47538,1,328.86
47539,9,21.54
47540,4,190.27
47541,2,171.87
47542,4,145.64
47543,5,78.46
47544,9,42.28
47545,5,285.15
47546,8,267.36
47547,10,22.58
47548,1,295.03
47549,8,65.94
47550,1,71.93
47551,1,96.82
47552,9,28.57
47553,2,119.61
47554,4,423.95
47555,8,265.34
47556,10,66.01
47557,10,403.31
47558,5,260.63
47559,4,237.02
47560,4,407.16
47561,6,424.73
47562,7,458.65
47563,8,44.66
47564,5,306.39
47565,6,468.0
47566,7,279.29
47567,2,366.59
47568,1,211.93
47569,1,272.56
47570,5,443.92
47571,1,107.29
47572,8,494.82
47573,4,341.93
47574,10,195.46
47575,3,105.78
47576,6,489.88
47577,7,228.39
47578,10,184.65
47579,4,387.41
47580,4,226.07
47581,10,73.82
47582,10,173.12
47583,5,27.92
47584,6,229.45
47585,4,458.43
47586,7,411.1
47587,1,401.39
47588,9,275.7
47589,6,351.41
47590,10,383.55
47591,9,19.94
47592,3,445.46
47593,5,405.25
47594,2,151.85
47595,3,72.65
47596,6,475.61
47597,1,134.86
47598,9,449.23
47599,10,186.15
47600,2,66.1
47601,6,188.57
47602,7,405.12
47603,3,353.49
47604,8,272.16
47605,2,398.08
47606,6,200.52
47607,9,262.05
47608,4,95.36
47609,2,199.76
47610,4,296.86
47611,7,183.34
47612,8,391.48
47613,5,480.22
47614,5,136.29
47615,4,259.16
47616,8,228.1
47617,5,137.87
47618,2,154.11
47619,6,409.67
47620,1,489.36
47621,8,306.29
47622,8,338.4
47623,7,148.0
47624,2,179.38
47625,1,351.79
47626,8,312.65
47627,6,465.54
47628,9,168.78
47629,3,223.6
47630,7,496.7
47631,6,392.16
47632,9,240.44
47633,2,220.12
47634,5,136.58
47635,5,91.15
47636,5,303.06
47637,8,291.36
47638,7,497.82
47639,6,247.41
47640,5,198.01
47641,2,381.21
47642,4,269.68
47643,6,436.99
47644,4,445.1
47645,1,481.91
47646,3,305.73
47647,10,392.22
47648,1,125.01
47649,4,375.0
47650,8,75.76
47651,10,188.75
47652,3,180.26
47653,1,429.54
47654,8,466.05
47655,3,66.43
47656,10,244.67
47657,5,417.25
47658,2,33.18
47659,7,146.74
47660,8,220.32
47661,8,417.32
47662,1,460.02
47663,8,200.93
47664,1,222.32
47665,10,153.51
47666,1,349.27
47667,3,372.06
47668,3,328.8
47669,6,394.78
47670,9,190.66
47671,3,316.48
47672,9,144.81
47673,7,358.19
47674,10,444.66
47675,10,280.32
47676,5,245.3
47677,5,23.94
47678,9,39.92
47679,7,265.11
47680,2,471.09
47681,1,349.57
47682,2,480.36
47683,1,124.38
47684,7,342.41
47685,5,303.61
47686,5,367.13
47687,10,91.89
47688,7,67.62
47689,7,235.35
47690,5,229.57
47691,8,112.17
47692,4,323.32
47693,5,361.35
47694,2,60.61
47695,1,81.75
47696,8,75.83
47697,4,173.02
47698,6,289.52
47699,4,85.8
47700,9,379.42
47701,9,424.43
47702,2,241.54
47703,8,163.49
47704,1,100.15
47705,5,257.78
47706,10,298.57
47707,3,28.29
47708,7,338.52
47709,6,176.3
47710,10,263.2
47711,3,467.8
47712,9,113.25
47713,8,431.75
47714,3,478.28
47715,3,468.42
47716,6,195.1
47717,6,49.87
47718,6,465.03
47719,2,287.0
47720,8,325.28
47721,5,56.4
47722,1,216.58
47723,6,261.88
47724,9,471.76
47725,9,383.69
47726,5,196.37
47727,6,349.63
47728,1,153.29
47729,10,385.52
47730,2,43.56
47731,7,257.12
47732,9,10.65
47733,9,67.22
47734,6,296.64
47735,5,93.6
47736,1,143.48
47737,4,157.16
47738,3,217.99
47739,3,21.22
47740,8,54.46
47741,5,430.66
47742,10,463.48
47743,9,31.86
47744,10,158.39
47745,8,297.83
47746,4,155.61
47747,4,36.41
47748,7,217.02
47749,1,145.71
47750,3,378.7
47751,4,215.42
47752,10,75.98
47753,9,89.14
47754,3,27.96
47755,6,15.74
47756,6,423.16
47757,9,40.1
47758,9,387.48
47759,5,219.81
47760,9,483.74
47761,1,399.07
47762,6,123.25
47763,9,313.8
47764,1,298.33
47765,7,216.74
47766,2,306.31
47767,7,145.84
47768,9,402.49
47769,7,392.96
47770,7,222.66
47771,10,388.23
47772,6,88.71
47773,4,265.99
47774,8,360.07
47775,3,69.87
47776,3,498.09
47777,8,441.52
47778,2,477.76
47779,10,77.76
47780,4,378.88
47781,8,126.58
47782,4,302.5
47783,3,191.82
47784,1,46.35
47785,10,94.84
47786,8,333.06
47787,2,463.1
47788,7,448.9
47789,8,421.07
47790,1,120.19
47791,1,170.04
47792,4,363.54
47793,2,386.95
47794,1,484.29
47795,9,82.25
47796,6,473.31
47797,4,332.01
47798,8,445.27
47799,8,174.53
47800,2,86.12
47801,5,417.14
47802,10,133.9
47803,4,50.45
47804,3,49.48
47805,7,136.08
47806,5,369.07
47807,6,370.92
47808,8,340.04
47809,3,436.42
47810,8,263.22
47811,9,365.59
47812,1,34.29
47813,8,184.23
47814,6,253.19
47815,9,103.78
47816,5,306.6
47817,3,282.1
47818,10,480.49
47819,7,439.63
47820,9,48.19
47821,7,330.71
47822,1,18.52
47823,8,404.11
47824,3,57.44
47825,3,382.1
47826,6,131.03
47827,6,428.18
47828,4,275.86
47829,2,459.59
47830,2,23.82
47831,9,210.1
47832,5,490.78
47833,10,449.14
47834,4,95.45
47835,5,237.85
47836,10,121.71
47837,6,134.59
47838,5,66.9
47839,10,252.9
47840,6,262.95
47841,8,367.44
47842,8,336.07
47843,7,331.35
47844,9,498.0
47845,10,204.02
47846,1,284.48
47847,1,309.12
47848,10,373.87
47849,6,141.52
47850,3,231.72
47851,7,448.71
47852,10,113.43
47853,8,461.38
47854,8,27.57
47855,8,478.57
47856,4,333.62
47857,10,362.95
47858,7,220.89
47859,5,62.62
47860,3,28.08
47861,2,183.23
47862,10,70.71
47863,8,105.85
47864,5,472.08
47865,4,25.1
47866,10,204.27
47867,7,19.26
47868,6,23.03
47869,1,131.03
47870,2,384.11
47871,4,488.97
47872,7,30.38
47873,1,19.25
47874,2,289.06
47875,9,76.85
47876,3,277.51
47877,4,81.12
47878,9,320.36
47879,1,15.38
47880,6,181.87
47881,5,91.91
47882,6,386.9
47883,9,43.73
47884,8,88.47
47885,4,286.4
47886,2,382.81
47887,5,91.69
47888,3,326.38
47889,3,224.35
47890,7,224.64
47891,4,204.42
47892,7,31.41
47893,4,265.46
47894,10,147.37
47895,6,91.47
47896,5,310.89
47897,1,323.29
47898,5,362.63
47899,2,117.61
47900,4,230.35
47901,6,128.56
47902,8,301.8
47903,4,307.66
47904,5,368.09
47905,6,330.03
47906,6,306.01
47907,3,277.99
47908,2,362.29
47909,2,392.3
47910,5,241.25
47911,4,196.95
47912,6,103.39
47913,10,126.24
47914,7,195.59
47915,3,338.23
47916,4,166.21
47917,5,208.94
47918,3,262.27
47919,6,318.27
47920,4,291.88
47921,2,470.62
47922,4,438.86
47923,3,86.83
47924,6,217.57
47925,1,498.65
47926,2,38.92
47927,5,344.41
47928,5,247.26
47929,4,219.72
47930,5,432.24
47931,8,137.53
47932,3,339.68
47933,3,116.06
47934,10,332.16
47935,7,462.51
47936,2,283.32
47937,9,311.25
47938,2,257.31
47939,7,106.74
47940,10,392.1
47941,2,79.84
47942,5,224.84
47943,5,368.03
47944,2,323.83
47945,5,404.58
47946,1,73.91
47947,2,149.87
47948,10,295.35
47949,5,399.51
47950,3,55.35
47951,2,431.01
47952,2,21.31
47953,2,304.98
47954,6,149.27
47955,3,445.82
47956,5,396.69
47957,1,213.26
47958,3,15.3
47959,9,280.43
47960,7,105.45
47961,3,19.88
47962,1,361.97
47963,7,261.34
47964,10,236.37
47965,1,24.6
47966,4,481.77
47967,10,173.07
47968,9,331.99
47969,1,67.4
47970,4,446.85
47971,7,52.6
47972,2,415.74
47973,6,448.11
47974,7,161.95
47975,6,196.31
47976,7,56.22
47977,10,490.01
47978,2,48.89
47979,8,482.03
47980,5,232.6
47981,5,25.78
47982,4,220.35
47983,9,137.58
47984,7,56.35
47985,9,325.35
47986,6,476.36
47987,5,222.99
47988,1,413.22
47989,9,59.2
47990,2,257.41
47991,7,418.04
47992,1,110.13
47993,3,475.77
47994,1,377.72
47995,8,248.86
47996,3,208.98
47997,2,170.85
47998,9,141.34
47999,4,342.55
48000,2,327.64
48001,8,208.13
48002,5,383.06
48003,4,474.01
48004,9,276.23
48005,5,277.7
48006,7,331.24
48007,4,345.29
48008,2,266.9
48009,9,155.16
48010,6,424.06
48011,1,350.22
48012,6,397.11
48013,9,141.39
48014,2,84.45
48015,10,191.91
48016,4,69.16
48017,1,470.62
48018,6,97.71
48019,10,472.53
48020,5,230.74
48021,4,292.01
48022,1,379.27
48023,7,496.75
48024,3,261.21
48025,3,492.66
48026,3,421.84
48027,5,99.3
48028,4,127.38
48029,2,328.5
48030,4,101.77
48031,8,112.92
48032,3,69.12
48033,8,222.97
48034,10,233.1
48035,10,439.97
48036,1,434.68
48037,10,312.17
48038,9,325.68
48039,6,91.14
48040,3,24.61
48041,10,358.48
48042,10,268.6
48043,9,480.72
48044,6,163.21
48045,3,354.12
48046,4,11.87
48047,9,64.03
48048,4,362.81
48049,1,257.93
48050,2,322.38
48051,4,97.24
48052,9,67.68
48053,10,169.43
48054,3,221.51
48055,7,336.17
48056,9,245.24
48057,10,279.14
48058,8,207.2
48059,1,177.15
48060,2,361.58
48061,8,287.5
48062,8,432.62
48063,9,279.41
48064,5,399.56
48065,7,107.69
48066,9,484.16
48067,6,354.26
48068,10,117.09
48069,2,38.84
48070,9,172.3
48071,6,199.8
48072,8,200.33
48073,1,66.62
48074,9,78.56
48075,10,323.53
48076,3,216.99
48077,9,361.09
48078,10,265.12
48079,2,183.57
48080,2,297.85
48081,6,405.86
48082,9,47.62
48083,10,64.61
48084,8,449.1
48085,4,66.89
48086,1,139.72
48087,6,130.75
48088,5,442.47
48089,2,102.04
48090,1,98.71
48091,9,487.36
48092,10,373.3
48093,3,37.75
48094,1,490.35
48095,6,279.43
48096,1,309.88
48097,6,230.78
48098,5,451.62
48099,9,61.67
48100,7,439.62
48101,6,343.27
48102,1,446.07
48103,2,358.35
48104,2,396.17
48105,9,36.69
48106,5,214.76
48107,8,74.28
48108,2,280.53
48109,3,256.78
48110,9,137.34
48111,6,314.88
48112,10,386.77
48113,1,104.97
48114,7,178.92
48115,2,215.64
48116,10,305.04
48117,7,11.83
48118,8,326.15
48119,5,378.06
48120,1,121.09
48121,1,193.26
48122,10,340.95
48123,4,97.51
48124,6,353.01
48125,9,340.07
48126,9,23.32
48127,3,194.97
48128,8,79.12
48129,10,213.55
48130,9,76.37
48131,5,378.99
48132,5,494.34
48133,8,141.88
48134,10,100.15
48135,10,224.47
48136,10,72.81
48137,7,328.38
48138,9,458.15
48139,1,112.73
48140,6,79.78
48141,3,45.61
48142,3,37.84
48143,1,241.62
48144,5,140.67
48145,8,64.79
48146,1,424.04
48147,2,395.15
48148,6,121.93
48149,2,84.14
48150,5,26.42
48151,9,31.26
48152,4,394.13
48153,7,118.29
48154,6,256.97
48155,10,449.28
48156,5,441.08
48157,2,127.11
48158,10,113.82
48159,2,129.84
48160,8,61.4
48161,4,149.63
48162,4,27.57
48163,7,373.84
48164,8,39.76
48165,2,85.17
48166,7,253.58
48167,8,19.02
48168,10,141.28
48169,5,388.6
48170,9,98.04
48171,9,272.09
48172,2,161.15
48173,7,270.93
48174,1,141.23
48175,1,49.91
48176,9,15.9
48177,8,310.23
48178,10,259.76
48179,1,322.28
48180,6,313.61
48181,4,490.88
48182,8,288.85
48183,6,348.59
48184,7,435.88
48185,2,430.01
48186,10,224.27
48187,2,115.68
48188,4,72.92
48189,1,248.19
48190,1,372.14
48191,4,484.2
48192,5,235.85
48193,8,349.12
48194,3,323.25
48195,5,207.13
48196,4,413.05
48197,10,384.95
48198,9,138.55
48199,9,153.95
48200,9,223.76
48201,10,427.53
48202,6,12.47
48203,9,427.55
48204,6,11.94
48205,5,223.55
48206,10,233.7
48207,4,182.17
48208,7,435.51
48209,9,218.02
48210,7,221.2
48211,10,213.5
48212,8,317.67
48213,3,470.74
48214,8,387.79
48215,6,373.9
48216,2,476.68
48217,1,231.16
48218,3,390.71
48219,5,397.2
48220,4,164.63
48221,7,244.31
48222,1,61.54
48223,4,342.88
48224,8,172.85
48225,7,190.52
48226,7,337.3
48227,6,298.48
48228,5,206.34
48229,4,463.17
48230,6,101.01
48231,3,62.04
48232,8,217.71
48233,5,378.03
48234,9,427.59
48235,8,52.41
48236,1,210.07
48237,6,236.73
48238,1,29.41
48239,3,146.21
48240,3,471.06
48241,6,334.91
48242,7,195.81
48243,1,186.33
48244,2,499.12
48245,10,158.72
48246,3,165.59
48247,10,373.16
48248,9,227.32
48249,8,365.03
48250,2,457.91
48251,7,338.85
48252,9,177.33
48253,2,148.62
48254,1,443.0
48255,1,25.54
48256,4,404.09
48257,7,243.55
48258,7,24.11
48259,2,227.83
48260,4,428.07
48261,5,145.59
48262,10,488.9
48263,3,129.22
48264,5,407.0
48265,10,249.1
48266,10,274.37
48267,2,71.47
48268,7,43.5
48269,3,376.02
48270,6,179.84
48271,6,353.92
48272,10,101.04
48273,4,43.05
48274,4,418.08
48275,5,405.51
48276,6,197.59
48277,4,186.29
48278,9,116.2
48279,4,129.09
48280,2,255.88
48281,5,328.73
48282,9,213.13
48283,7,43.38
48284,6,325.24
48285,5,266.69
48286,5,261.36
48287,5,430.02
48288,10,29.37
48289,1,371.68
48290,3,371.64
48291,1,257.58
48292,10,62.18
48293,1,369.55
48294,7,146.4
48295,7,145.55
48296,5,285.78
48297,2,276.03
48298,8,168.32
48299,5,347.37
48300,4,463.04
48301,8,471.6
48302,2,157.58
48303,2,229.36
48304,8,320.67
48305,6,235.89
48306,10,300.53
48307,7,372.85
48308,8,90.72
48309,4,489.9
48310,7,462.3
48311,2,363.6
48312,8,206.86
48313,5,251.93
48314,3,424.34
48315,10,343.57
48316,5,324.58
48317,1,134.82
48318,9,335.19
48319,7,45.05
48320,2,229.25
48321,5,399.41
48322,9,474.03
48323,10,69.39
48324,7,181.73
48325,5,459.68
48326,2,423.01
48327,3,132.69
48328,1,477.89
48329,2,364.74
48330,1,85.74
48331,9,296.89
48332,6,185.47
48333,5,407.44
48334,2,400.42
48335,3,208.53
48336,4,44.59
48337,3,439.11
48338,4,149.1
48339,5,232.99
48340,2,45.55
48341,5,191.76
48342,7,403.66
48343,3,371.65
48344,8,424.7
48345,5,27.18
48346,3,21.98
48347,10,198.71
48348,4,40.98
48349,8,340.61
48350,9,196.58
48351,9,304.59
48352,8,57.37
48353,5,132.41
48354,7,211.99
48355,1,373.2
48356,1,478.8
48357,9,201.21
48358,9,10.13
48359,1,24.38
48360,2,393.62
48361,4,108.69
48362,4,152.12
48363,10,16.93
48364,6,245.53
48365,2,39.06
48366,9,327.39
48367,2,296.68
48368,4,488.8
48369,10,493.84
48370,1,470.62
48371,6,160.15
48372,1,165.3
48373,7,93.17
48374,10,335.35
48375,10,193.11
48376,10,249.55
48377,4,305.54
48378,9,478.42
48379,6,486.46
48380,8,214.95
48381,1,292.98
48382,2,175.15
48383,7,496.11
48384,2,292.85
48385,10,34.14
48386,6,253.45
48387,10,39.04
48388,3,334.79
48389,5,278.1
48390,2,126.75
48391,10,440.48
48392,3,297.11
48393,5,446.8
48394,9,245.6
48395,8,214.64
48396,2,493.1
48397,2,372.14
48398,1,88.77
48399,1,401.18
48400,8,331.43
48401,4,67.54
48402,1,197.58
48403,6,90.41
48404,8,249.56
48405,8,219.72
48406,4,291.41
48407,2,237.04
48408,2,23.98
48409,4,133.91
48410,2,26.48
48411,7,498.62
48412,9,205.32
48413,5,254.45
48414,10,97.49
48415,2,244.48
48416,7,49.72
48417,2,139.81
48418,9,262.14
48419,5,438.27
48420,9,59.4
48421,6,401.54
48422,7,146.55
48423,7,154.78
48424,4,312.09
48425,7,310.26
48426,6,303.72
48427,6,65.59
48428,2,196.39
48429,4,59.83
48430,5,362.05
48431,10,225.54
48432,2,460.02
48433,10,171.58
48434,2,139.6
48435,3,130.96
48436,1,368.52
48437,2,389.28
48438,4,251.57
48439,2,420.41
48440,10,403.33
48441,3,427.45
48442,7,218.44
48443,3,362.35
48444,9,186.1
48445,1,228.05
48446,5,365.39
48447,5,32.55
48448,5,357.69
48449,7,217.24
48450,5,407.04
48451,7,289.13
48452,3,144.3
48453,7,206.11
48454,5,317.39
48455,1,71.72
48456,10,234.45
48457,9,290.96
48458,4,71.19
48459,5,225.23
48460,3,127.96
48461,6,90.85
48462,5,267.23
48463,1,244.12
48464,2,309.83
48465,7,121.42
48466,5,80.21
48467,2,269.7
48468,2,200.86
48469,7,85.89
48470,3,157.97
48471,10,35.87
48472,9,66.81
48473,10,338.74
48474,4,84.12
48475,9,336.36
48476,4,345.91
48477,10,51.06
48478,10,434.32
48479,5,465.96
48480,10,456.13
48481,9,301.66
48482,6,252.72
48483,3,297.91
48484,9,383.6
48485,3,375.63
48486,7,18.16
48487,2,263.75
48488,1,405.8
48489,8,430.32
48490,3,390.56
48491,6,41.79
48492,4,479.71
48493,10,18.57
48494,8,65.65
48495,8,376.71
48496,4,280.38
48497,5,305.96
48498,6,462.13
48499,4,344.71
48500,5,127.23
48501,9,155.36
48502,8,335.26
48503,3,369.84
48504,8,238.24
48505,2,113.91
48506,6,424.13
48507,10,148.37
48508,9,130.34
48509,7,47.41
48510,8,195.67
48511,6,210.34
48512,8,378.88
48513,10,431.91
48514,7,279.34
48515,8,200.66
48516,9,361.36
48517,4,140.34
48518,6,474.16
48519,3,379.87
48520,10,461.36
48521,10,330.1
48522,8,33.94
48523,5,322.51
48524,9,112.09
48525,3,236.77
48526,6,295.74
48527,5,252.65
48528,5,334.73
48529,6,439.22
48530,5,334.65
48531,2,33.23
48532,10,283.16
48533,7,360.19
48534,5,227.4
48535,10,491.64
48536,1,482.81
48537,8,358.55
48538,8,19.2
48539,8,377.48
48540,5,415.41
48541,5,255.92
48542,6,346.62
48543,1,20.36
48544,3,440.07
48545,9,35.47
48546,10,211.75
48547,6,288.55
48548,5,96.56
48549,2,344.29
48550,9,169.96
48551,7,106.55
48552,8,253.54
48553,1,266.3
48554,8,436.79
48555,2,327.45
48556,9,274.64
48557,7,49.19
48558,5,193.61
48559,7,303.32
48560,4,445.82
48561,9,399.84
48562,3,44.91
48563,2,69.85
48564,10,292.77
48565,9,359.92
48566,3,145.75
48567,8,328.61
48568,9,372.43
48569,1,272.98
48570,1,36.99
48571,1,244.33
48572,6,128.14
48573,8,432.97
48574,5,91.93
48575,8,206.37
48576,1,368.11
48577,7,91.97
48578,5,144.39
48579,4,409.18
48580,3,495.36
48581,8,276.41
48582,9,178.37
48583,8,135.07
48584,10,73.08
48585,7,497.7
48586,3,247.94
48587,8,369.74
48588,4,18.77
48589,3,108.85
48590,7,32.08
48591,2,217.42
48592,1,261.75
48593,8,438.96
48594,6,488.21
48595,8,117.66
48596,10,306.24
48597,3,324.63
48598,6,421.61
48599,2,339.61
48600,8,51.97
48601,9,279.69
48602,8,133.28
48603,5,137.17
48604,3,115.99
48605,9,483.57
48606,2,147.0
48607,8,486.8
48608,2,410.63
48609,2,354.76
48610,10,367.29
48611,8,181.58
48612,7,374.03
48613,4,95.99
48614,8,17.99
48615,6,374.9
48616,7,299.02
48617,9,485.47
48618,7,113.93
48619,5,263.59
48620,7,173.61
48621,8,401.75
48622,3,74.75
48623,1,104.23
48624,9,172.02
48625,10,119.6
48626,9,254.13
48627,6,471.19
48628,8,221.07
48629,1,86.6
48630,1,109.08
48631,8,454.32
48632,3,403.24
48633,4,129.66
48634,3,89.88
48635,9,38.05
48636,2,15.09
48637,9,257.54
48638,8,458.37
48639,1,107.96
48640,5,162.39
48641,1,447.27
48642,8,452.9
48643,4,382.57
48644,4,417.5
48645,6,102.58
48646,6,471.71
48647,6,300.01
48648,9,366.92
48649,7,336.19
48650,4,276.21
48651,10,17.13
48652,1,166.54
48653,7,380.08
48654,7,210.99
48655,8,196.73
48656,7,142.01
48657,7,13.36
48658,10,113.12
48659,4,239.26
48660,1,370.94
48661,1,318.89
48662,7,324.29
48663,4,310.66
48664,5,303.85
48665,9,352.4
48666,1,124.54
48667,2,122.41
48668,4,265.2
48669,8,334.07
48670,8,143.06
48671,9,479.49
48672,5,93.84
48673,9,413.96
48674,2,225.1
48675,8,440.53
48676,7,171.03
48677,6,273.54
48678,5,210.95
48679,2,277.35
48680,7,171.31
48681,5,411.88
48682,7,125.31
48683,9,366.54
48684,6,90.47
48685,6,230.7
48686,10,441.15
48687,2,224.91
48688,7,324.56
48689,10,187.59
48690,8,195.52
48691,7,181.35
48692,4,78.22
48693,3,320.09
48694,7,223.95
48695,3,218.59
48696,6,44.53
48697,10,343.46
48698,8,221.17
48699,2,493.39
48700,3,470.16
48701,7,447.49
48702,6,10.75
48703,8,11.16
48704,10,381.47
48705,8,256.83
48706,8,210.21
48707,4,156.63
48708,9,405.83
48709,4,78.45
48710,9,127.37
48711,7,89.32
48712,4,240.04
48713,2,288.74
48714,9,343.25
48715,1,485.29
48716,7,11.35
48717,6,156.41
48718,1,305.93
48719,9,96.21
48720,4,329.41
48721,1,41.85
48722,2,111.8
48723,9,459.92
48724,7,190.49
48725,6,51.38
48726,9,465.21
48727,8,281.21
48728,4,436.51
48729,9,375.05
48730,10,454.65
48731,8,59.06
48732,7,124.76
48733,8,23.61
48734,1,105.81
48735,6,401.85
48736,3,316.77
48737,8,461.41
48738,10,207.39
48739,1,50.98
48740,8,83.73
48741,4,114.14
48742,4,92.99
48743,8,327.78
48744,10,382.89
48745,2,479.63
48746,4,55.99
48747,9,130.79
48748,7,182.03
48749,9,306.34
48750,5,459.99
48751,3,430.91
48752,9,475.91
48753,9,491.9
48754,7,432.49
48755,5,184.35
48756,8,205.62
48757,2,135.43
48758,9,428.34
48759,1,53.5
48760,4,249.84
48761,3,186.91
48762,9,254.75
48763,2,212.1
48764,8,56.51
48765,3,93.25
48766,8,189.67
48767,2,34.5
48768,6,410.55
48769,8,163.53
48770,9,173.94
48771,5,81.68
48772,7,194.26
48773,2,98.99
48774,10,142.67
48775,4,159.04
48776,6,431.24
48777,3,23.41
48778,10,279.45
48779,7,445.37
48780,10,249.5
48781,5,352.32
48782,9,104.37
48783,10,105.71
48784,3,348.23
48785,3,333.49
48786,9,487.27
48787,2,76.46
48788,4,317.49
48789,3,295.76
48790,4,277.32
48791,3,258.09
48792,8,229.02
48793,9,367.46
48794,8,108.94
48795,4,164.47
48796,1,122.96
48797,8,136.4
48798,4,467.87
48799,6,442.81
48800,1,494.54
48801,4,438.08
48802,8,269.28
48803,9,479.96
48804,4,10.97
48805,5,439.05
48806,8,152.25
48807,10,256.69
48808,9,266.89
48809,7,208.12
48810,2,429.34
48811,9,110.04
48812,8,153.18
48813,4,128.82
48814,1,130.77
48815,10,142.7
48816,8,387.54
48817,1,492.67
48818,8,195.16
48819,1,323.28
48820,8,26.83
48821,9,33.58
48822,9,111.71
48823,4,387.3
48824,1,222.68
48825,1,393.78
48826,6,372.53
48827,6,195.19
48828,2,199.18
48829,3,35.13
48830,1,222.57
48831,2,82.42
48832,2,284.46
48833,9,19.44
48834,3,223.78
48835,2,17.12
48836,4,493.62
48837,9,283.7
48838,9,344.48
48839,3,305.2
48840,7,321.34
48841,3,307.16
48842,4,67.44
48843,2,323.13
48844,3,206.79
48845,8,183.14
48846,6,118.68
48847,9,105.59
48848,4,373.98
48849,6,243.56
48850,10,258.78
48851,4,156.56
48852,7,271.34
48853,10,440.13
48854,4,311.04
48855,9,389.89
48856,6,447.36
48857,3,65.74
48858,5,437.54
48859,10,395.37
48860,10,293.16
48861,9,215.84
48862,4,281.64
48863,1,387.72
48864,9,190.78
48865,5,232.85
48866,3,263.48
48867,6,311.32
48868,5,393.53
48869,2,70.87
48870,5,370.19
48871,9,179.54
48872,2,286.29
48873,9,23.02
48874,5,441.83
48875,9,374.96
48876,9,298.68
48877,1,86.26
48878,1,57.38
48879,2,271.17
48880,5,27.51
48881,3,288.18
48882,9,462.32
48883,4,42.39
48884,2,12.07
48885,8,338.98
48886,6,345.61
48887,8,131.31
48888,8,132.24
48889,4,290.46
48890,9,415.64
48891,2,147.11
48892,1,300.64
48893,7,45.28
48894,9,150.72
48895,3,95.86
48896,1,107.19
48897,6,469.62
48898,5,28.78
48899,2,132.44
48900,3,357.64
48901,8,224.2
48902,4,58.64
48903,2,344.84
48904,2,420.51
48905,4,209.61
48906,7,188.7
48907,4,21.1
48908,8,303.42
48909,2,407.66
48910,4,283.2
48911,4,356.98
48912,7,120.64
48913,2,265.7
48914,5,227.07
48915,2,462.26
48916,5,26.17
48917,3,303.33
48918,4,228.69
48919,10,171.33
48920,5,35.59
48921,5,248.09
48922,8,462.85
48923,8,297.36
48924,3,442.63
48925,1,257.5
48926,3,276.09
48927,5,61.1
48928,9,465.17
48929,5,440.22
48930,10,168.67
48931,5,251.76
48932,4,459.81
48933,7,330.47
48934,7,136.12
48935,4,211.98
48936,2,82.15
48937,2,372.78
48938,8,116.36
48939,2,447.99
48940,6,90.38
48941,2,171.38
48942,3,254.12
48943,9,372.28
48944,2,398.15
48945,4,408.02
48946,3,310.98
48947,10,90.75
48948,5,436.74
48949,7,327.82
48950,7,167.02
48951,1,480.79
48952,1,41.64
48953,9,175.22
48954,8,322.28
48955,4,24.89
48956,6,177.03
48957,10,368.15
48958,8,317.55
48959,5,114.41
48960,7,286.59
48961,2,461.83
48962,2,167.36
48963,2,400.83
48964,1,148.26
48965,7,160.2
48966,5,208.48
48967,8,139.04
48968,4,465.82
48969,10,247.96
48970,5,214.9
48971,7,310.85
48972,4,158.91
48973,7,390.89
48974,10,38.83
48975,6,346.9
48976,6,89.82
48977,8,447.56
48978,5,281.97
48979,7,107.94
48980,2,126.95
48981,4,118.6
48982,9,55.77
48983,3,15.45
48984,2,220.82
48985,8,197.41
48986,7,176.32
48987,7,163.09
48988,1,115.09
48989,7,274.99
48990,1,367.5
48991,10,230.49
48992,3,184.53
48993,8,101.6
48994,2,71.78
48995,1,230.77
48996,7,386.89
48997,5,83.86
48998,8,101.36
48999,2,205.49
49000,10,408.69
49001,5,235.87
49002,2,207.86
49003,6,112.5
49004,5,127.31
49005,5,224.26
49006,10,340.03
49007,9,17.57
49008,8,40.72
49009,9,52.54
49010,9,254.38
49011,2,419.95
49012,8,475.72
49013,10,246.82
49014,4,101.31
49015,3,112.35
49016,4,75.3
49017,4,181.22
49018,5,391.54
49019,4,376.08
49020,6,397.17
49021,5,154.46
49022,4,99.9
49023,1,265.61
49024,7,129.41
49025,9,108.19
49026,7,278.03
49027,3,479.69
49028,7,278.69
49029,3,242.06
49030,1,491.26
49031,9,210.31
49032,6,463.11
49033,3,43.08
49034,4,216.72
49035,9,30.16
49036,7,32.14
49037,4,409.37
49038,2,369.0
49039,8,142.81
49040,3,402.91
49041,5,149.65
49042,10,301.35
49043,9,68.28
49044,9,349.01
49045,4,329.36
49046,9,428.57
49047,5,92.76
49048,7,99.14
49049,6,362.22
49050,5,47.67
49051,9,485.4
49052,6,206.28
49053,8,219.68
49054,1,280.85
49055,3,265.08
49056,9,125.33
49057,7,288.9
49058,10,10.31
49059,10,179.09
49060,5,184.48
49061,7,376.32
49062,4,410.71
49063,6,84.93
49064,3,216.24
49065,6,292.83
49066,3,196.69
49067,2,348.35
49068,6,324.73
49069,7,75.61
49070,1,219.95
49071,9,30.17
49072,7,456.04
49073,3,210.5
49074,2,439.4
49075,7,122.12
49076,4,244.78
49077,3,113.12
49078,5,99.09
49079,10,37.1
49080,1,11.24
49081,5,251.65
49082,7,481.59
49083,5,478.13
49084,10,399.07
49085,7,256.76
49086,9,380.05
49087,8,421.81
49088,4,30.15
49089,10,32.96
49090,6,90.65
49091,4,197.17
49092,2,134.87
49093,5,319.87
49094,2,187.6
49095,3,356.81
49096,6,426.87
49097,2,424.78
49098,7,253.58
49099,8,251.83
49100,2,223.94
49101,9,39.1
49102,5,89.91
49103,2,392.28
49104,1,317.04
49105,1,453.78
49106,3,70.6
49107,9,94.39
49108,6,268.25
49109,4,203.9
49110,9,227.83
49111,10,109.78
49112,5,355.53
49113,10,39.61
49114,5,287.57
49115,6,476.62
49116,7,195.6
49117,7,425.8
49118,6,239.0
49119,3,445.59
49120,7,445.4
49121,10,68.47
49122,5,448.79
49123,9,343.99
49124,5,31.38
49125,5,60.09
49126,8,118.94
49127,5,482.38
49128,1,359.71
49129,6,452.18
49130,4,186.72
49131,9,154.82
49132,8,439.84
49133,7,94.47
49134,7,79.21
49135,9,261.33
49136,10,194.47
49137,1,237.51
49138,4,165.92
49139,8,302.98
49140,7,210.34
49141,10,155.45
49142,6,202.28
49143,6,447.83
49144,2,399.61
49145,10,156.01
49146,6,301.26
49147,4,143.17
49148,7,497.87
49149,8,394.09
49150,8,324.88
49151,8,42.93
49152,6,99.86
49153,8,106.55
49154,1,329.34
49155,1,403.39
49156,7,77.92
49157,8,471.96
49158,3,482.86
49159,8,53.04
49160,4,169.48
49161,7,300.46
49162,5,417.3
49163,8,352.97
49164,2,92.72
49165,8,119.67
49166,6,36.95
49167,4,441.88
49168,2,341.68
49169,1,243.03
49170,10,474.43
49171,1,13.12
49172,9,132.32
49173,3,223.74
49174,1,459.41
49175,2,364.34
49176,3,118.31
49177,10,16.1
49178,9,218.88
49179,3,18.13
49180,9,178.43
49181,4,40.17
49182,6,202.97
49183,4,122.82
49184,6,108.46
49185,7,268.72
49186,6,354.39
49187,1,326.14
49188,3,335.83
49189,2,352.72
49190,9,221.73
49191,6,251.03
49192,4,221.48
49193,1,107.13
49194,7,250.96
49195,1,313.36
49196,10,376.58
49197,10,352.32
49198,6,478.75
49199,6,165.58
49200,5,349.6
49201,10,410.71
49202,1,153.48
49203,7,388.68
49204,7,117.24
49205,1,498.03
49206,7,181.13
49207,10,173.16
49208,3,202.62
49209,6,301.31
49210,5,108.39
49211,5,74.94
49212,1,237.47
49213,8,241.02
49214,7,200.77
49215,4,10.83
49216,1,429.81
49217,1,61.99
49218,6,198.75
49219,8,104.82
49220,9,279.84
49221,3,392.22
49222,5,251.93
49223,10,106.79
49224,7,285.69
49225,3,479.4
49226,10,21.4
49227,6,448.87
49228,6,153.97
49229,4,263.32
49230,3,284.87
49231,6,350.98
49232,3,300.38
49233,4,431.44
49234,1,446.09
49235,3,434.32
49236,2,357.56
49237,7,459.63
49238,1,112.35
49239,5,98.67
49240,9,185.81
49241,10,163.64
49242,1,414.31
49243,2,102.42
49244,7,143.64
49245,8,115.66
49246,10,474.51
49247,5,245.59
49248,10,447.84
49249,5,269.19
49250,7,318.6
49251,6,113.73
49252,2,95.41
49253,9,327.58
49254,6,457.49
49255,8,303.92
49256,10,384.01
49257,7,203.32
49258,6,158.13
49259,1,66.68
49260,1,121.45
49261,2,497.55
49262,5,481.4
49263,9,455.5
49264,1,149.34
49265,9,340.92
49266,8,277.18
49267,7,486.31
49268,1,233.18
49269,2,266.67
49270,7,178.39
49271,10,233.36
49272,4,317.88
49273,2,157.62
49274,4,165.23
49275,10,230.94
49276,4,179.53
49277,2,49.28
49278,6,402.49
49279,5,53.28
49280,8,228.23
49281,3,323.0
49282,9,317.88
49283,6,115.89
49284,1,457.1
49285,3,89.8
49286,7,188.75
49287,9,73.8
49288,4,449.97
49289,9,65.5
49290,5,149.71
49291,10,103.45
49292,9,305.84
49293,6,176.23
49294,10,65.8
49295,1,171.63
49296,4,241.37
49297,9,382.24
49298,2,483.21
49299,3,84.86
49300,10,189.05
49301,10,116.3
49302,6,327.86
49303,5,212.36
49304,1,417.66
49305,7,424.18
49306,5,53.51
49307,1,404.76
49308,9,471.1
49309,7,258.17
49310,7,178.13
49311,2,345.49
49312,7,449.33
49313,5,362.39
49314,8,98.95
49315,10,204.22
49316,1,276.83
49317,3,375.52
49318,2,298.65
49319,8,320.33
49320,4,318.65
49321,8,69.97
49322,3,405.55
49323,7,113.63
49324,8,100.14
49325,4,15.68
49326,2,153.31
49327,9,188.37
49328,8,29.71
49329,6,398.06
49330,8,208.06
49331,8,176.59
49332,2,331.67
49333,7,48.07
49334,3,247.4
49335,8,293.67
49336,9,423.95
49337,6,128.5
49338,10,222.21
49339,10,108.18
49340,9,51.7
49341,1,245.43
49342,3,391.62
49343,4,212.23
49344,10,214.59
49345,2,432.2
49346,1,401.22
49347,8,291.18
49348,10,250.75
49349,10,444.83
49350,3,61.35
49351,2,279.5
49352,2,340.72
49353,5,122.14
49354,10,240.46
49355,10,34.96
49356,8,360.35
49357,1,129.68
49358,8,471.67
49359,3,130.73
49360,3,335.48
49361,2,462.7
49362,6,157.6
49363,9,26.3
49364,8,73.28
49365,10,78.83
49366,7,181.34
49367,8,388.98
49368,9,298.39
49369,5,222.07
49370,6,222.2
49371,5,304.44
49372,3,85.6
49373,1,133.29
49374,2,246.25
49375,6,367.01
49376,1,56.31
49377,9,416.07
49378,7,58.75
49379,3,225.39
49380,4,370.97
49381,10,22.32
49382,4,212.37
49383,7,44.61
49384,8,393.57
49385,4,470.96
49386,4,483.98
49387,10,306.91
49388,10,200.57
49389,10,182.29
49390,5,325.52
49391,7,303.14
49392,3,288.16
49393,5,13.89
49394,9,334.56
49395,1,464.4
49396,8,128.07
49397,7,459.69
49398,6,202.45
49399,2,261.77
49400,8,372.03
49401,5,34.85
49402,8,348.84
49403,10,297.59
49404,2,382.78
49405,2,426.12
49406,6,107.03
49407,1,485.0
49408,6,292.77
49409,8,103.92
49410,5,449.04
49411,6,377.1
49412,1,326.66
49413,1,370.32
49414,10,87.42
49415,10,193.53
49416,6,427.57
49417,9,216.42
49418,7,48.59
49419,10,62.35
49420,7,186.99
49421,5,319.32
49422,10,105.98
49423,9,35.26
49424,6,13.21
49425,5,91.73
49426,9,166.87
49427,2,479.67
49428,1,132.09
49429,7,415.99
49430,7,493.35
49431,4,111.3
49432,6,217.55
49433,4,221.14
49434,5,325.15
49435,1,498.88
49436,6,479.83
49437,3,426.87
49438,6,91.29
49439,5,366.26
49440,10,431.55
49441,3,391.25
49442,5,50.25
49443,7,256.9
49444,1,381.32
49445,8,80.37
49446,6,222.31
49447,1,249.09
49448,9,270.5
49449,6,18.39
49450,2,443.97
49451,1,461.36
49452,6,48.81
49453,1,381.73
49454,6,67.3
49455,2,289.74
49456,4,51.51
49457,5,165.14
49458,5,65.32
49459,6,257.43
49460,3,77.39
49461,3,163.43
49462,6,238.44
49463,8,423.39
49464,3,285.66
49465,1,486.78
49466,2,308.42
49467,6,216.27
49468,6,465.11
49469,3,259.94
49470,6,466.73
49471,7,82.11
49472,6,324.46
49473,2,351.96
49474,4,375.69
49475,7,210.2
49476,2,389.4
49477,9,26.26
49478,10,330.98
49479,8,86.07
49480,6,429.72
49481,10,192.55
49482,6,81.22
49483,3,425.66
49484,3,61.23
49485,6,191.12
49486,4,62.27
49487,5,332.99
49488,1,141.5
49489,7,256.13
49490,5,455.12
49491,8,442.17
49492,8,169.37
49493,7,89.16
49494,10,67.41
49495,3,365.04
49496,10,81.21
49497,2,12.07
49498,10,479.91
49499,7,403.28
49500,6,368.66
49501,6,317.31
49502,4,408.51
49503,2,37.57
49504,2,91.26
49505,5,461.3
49506,10,131.34
49507,3,115.27
49508,5,322.66
49509,2,339.69
49510,2,277.2
49511,7,169.51
49512,9,320.84
49513,8,373.06
49514,7,461.77
49515,9,366.52
49516,1,242.12
49517,5,419.37
49518,7,211.25
49519,2,120.63
49520,4,21.49
49521,4,407.96
49522,7,81.43
49523,3,52.06
49524,6,16.62
49525,7,139.1
49526,3,340.28
49527,10,193.31
49528,8,208.07
49529,2,352.5
49530,3,374.05
49531,2,126.03
49532,4,34.59
49533,6,238.87
49534,2,488.9
49535,6,62.19
49536,6,309.05
49537,4,244.85
49538,3,190.33
49539,4,419.57
49540,9,222.42
49541,4,292.15
49542,8,180.6
49543,7,277.82
49544,4,258.22
49545,8,106.85
49546,3,190.78
49547,4,119.29
49548,5,28.35
49549,6,104.18
49550,10,401.94
49551,1,389.47
49552,3,216.27
49553,10,83.82
49554,7,172.62
49555,10,471.5
49556,8,108.37
49557,1,37.74
49558,7,106.27
49559,9,495.1
49560,8,249.6
49561,3,17.15
49562,2,15.18
49563,4,434.16
49564,3,262.6
49565,4,52.01
49566,2,475.82
49567,4,309.46
49568,8,153.46
49569,3,482.17
49570,10,455.08
49571,7,353.62
49572,5,467.83
49573,10,479.27
49574,5,249.83
49575,2,130.9
49576,1,404.71
49577,3,459.65
49578,7,62.06
49579,3,257.29
49580,4,145.07
49581,7,322.92
49582,7,316.6
49583,2,200.25
49584,5,484.26
49585,9,114.64
49586,3,108.58
49587,7,258.92
49588,3,473.72
49589,9,447.29
49590,9,426.82
49591,2,340.15
49592,3,178.29
49593,8,30.14
49594,7,414.7
49595,2,78.46
49596,7,418.6
49597,7,349.33
49598,5,368.74
49599,5,163.14
49600,7,143.45
49601,5,174.89
49602,9,99.77
49603,2,108.23
49604,9,393.22
49605,3,284.44
49606,8,415.33
49607,4,122.5
49608,1,225.8
49609,4,238.52
49610,6,114.44
49611,8,142.99
49612,5,401.73
49613,5,15.65
49614,4,473.09
49615,6,414.69
49616,6,327.19
49617,2,72.76
49618,3,161.18
49619,3,264.95
49620,4,173.24
49621,10,317.9
49622,7,463.0
49623,1,332.54
49624,1,451.37
49625,2,448.13
49626,1,128.53
49627,7,252.89
49628,10,358.49
49629,3,118.74
49630,8,290.94
49631,1,14.93
49632,4,106.12
49633,7,450.62
49634,6,448.78
49635,10,14.34
49636,3,26.57
49637,1,483.25
49638,9,201.23
49639,10,172.81
49640,5,108.7
49641,2,207.14
49642,6,352.0
49643,6,165.2
49644,8,412.71
49645,8,181.9
49646,5,470.91
49647,2,472.76
49648,7,483.38
49649,8,52.66
49650,8,91.03
49651,2,183.8
49652,7,104.72
49653,7,97.8
49654,10,456.93
49655,5,331.41
49656,4,38.55
49657,1,338.3
49658,5,284.04
49659,8,47.55
49660,3,241.33
49661,1,141.85
49662,4,336.25
49663,10,197.2
49664,5,59.9
49665,8,243.33
49666,5,152.2
49667,5,27.39
49668,4,196.41
49669,7,421.14
49670,8,165.49
49671,10,67.32
49672,1,413.59
49673,1,42.19
49674,3,374.53
49675,9,115.07
49676,8,29.06
49677,6,366.4
49678,3,25.7
49679,9,408.95
49680,6,208.13
49681,1,156.12
49682,9,295.15
49683,6,35.91
49684,6,144.68
49685,4,472.12
49686,7,165.6
49687,8,393.37
49688,3,32.86
49689,1,63.75
49690,3,334.92
49691,3,246.65
49692,4,84.27
49693,10,39.95
49694,5,410.78
49695,7,346.95
49696,2,78.03
49697,7,415.79
49698,2,426.52
49699,6,203.05
49700,8,59.49
49701,8,351.46
49702,7,73.6
49703,8,449.82
49704,3,454.18
49705,2,142.79
49706,7,238.59
49707,5,361.22
49708,6,27.4
49709,7,70.05
49710,6,265.35
49711,2,280.82
49712,7,45.04
49713,4,159.64
49714,8,43.52
49715,7,317.66
49716,4,430.27
49717,10,278.28
49718,9,392.61
49719,7,436.07
49720,8,418.4
49721,5,490.36
49722,10,388.81
49723,10,244.54
49724,8,282.33
49725,3,208.67
49726,10,69.15
49727,2,244.52
49728,10,201.22
49729,10,50.29
49730,8,302.56
49731,4,356.8
49732,9,259.12
49733,5,18.73
49734,3,333.39
49735,6,257.29
49736,3,210.35
49737,9,24.18
49738,7,308.34
49739,8,126.17
49740,3,65.84
49741,9,233.44
49742,8,230.9
49743,5,94.79
49744,5,161.64
49745,4,407.59
49746,7,495.04
49747,9,11.1
49748,9,290.03
49749,1,203.03
49750,8,291.45
49751,1,416.45
49752,8,302.46
49753,7,161.58
49754,9,280.27
49755,4,111.78
49756,7,88.81
49757,5,357.21
49758,5,142.91
49759,9,232.91
49760,3,93.63
49761,4,58.92
49762,4,448.36
49763,5,455.42
49764,1,12.92
49765,6,474.35
49766,3,370.25
49767,5,479.41
49768,7,482.15
49769,4,171.28
49770,1,155.87
49771,6,106.06
49772,5,34.4
49773,6,88.08
49774,1,114.71
49775,3,12.93
49776,7,496.0
49777,2,120.16
49778,3,205.79
49779,10,275.29
49780,9,144.72
49781,3,154.33
49782,2,83.38
49783,1,285.62
49784,6,142.32
49785,2,119.95
49786,3,212.51
49787,3,259.4
49788,9,55.23
49789,9,183.12
49790,1,25.61
49791,10,57.91
49792,10,466.9
49793,7,174.41
49794,10,155.39
49795,1,395.17
49796,1,102.15
49797,10,251.85
49798,2,387.93
49799,2,374.52
49800,1,272.48
49801,8,466.48
49802,3,85.05
49803,4,261.76
49804,6,155.37
49805,8,211.52
49806,9,137.66
49807,7,245.63
49808,1,348.36
49809,7,461.0
49810,5,133.87
49811,1,296.24
49812,5,156.23
49813,8,138.58
49814,8,209.02
49815,5,155.86
49816,2,33.97
49817,7,69.68
49818,3,32.7
49819,9,393.0
49820,5,378.13
49821,3,79.47
49822,1,444.26
49823,4,369.16
49824,8,345.47
49825,7,231.23
49826,9,367.38
49827,3,296.41
49828,2,259.35
49829,7,383.91
49830,3,77.79
49831,10,63.19
49832,9,76.32
49833,6,338.58
49834,2,373.61
49835,5,370.96
49836,7,472.98
49837,6,124.92
49838,1,91.09
49839,3,202.44
49840,7,253.12
49841,4,61.74
49842,8,270.99
49843,6,23.72
49844,4,252.48
49845,5,149.81
49846,2,375.2
49847,8,349.22
49848,5,76.51
49849,10,232.31
49850,3,261.48
49851,2,360.52
49852,9,252.1
49853,6,370.6
49854,9,134.84
49855,4,333.01
49856,2,184.64
49857,9,232.58
49858,8,303.88
49859,5,280.56
49860,2,350.21
49861,4,497.1
49862,10,263.87
49863,3,294.55
49864,2,318.07
49865,9,203.29
49866,5,141.62
49867,2,179.62
49868,10,119.59
49869,9,170.99
49870,10,273.46
49871,9,43.11
49872,10,194.81
49873,10,213.38
49874,5,325.8
49875,4,127.92
49876,8,56.81
49877,6,487.18
49878,8,368.07
49879,4,122.4
49880,5,111.87
49881,5,44.75
49882,9,97.17
49883,6,416.66
49884,2,466.68
49885,5,467.25
49886,7,371.85
49887,5,23.44
49888,3,91.88
49889,10,138.46
49890,9,127.24
49891,3,470.82
49892,3,14.27
49893,5,264.07
49894,3,267.84
49895,5,336.31
49896,10,462.8
49897,4,348.01
49898,9,482.32
49899,3,67.76
49900,2,456.19
49901,5,49.1
49902,9,429.01
49903,8,67.35
49904,8,492.67
49905,1,286.36
49906,9,202.59
49907,6,292.6
49908,6,474.27
49909,2,489.41
49910,4,97.1
49911,4,154.55
49912,3,173.41
49913,4,257.27
49914,7,67.51
49915,6,324.97
49916,7,170.05
49917,8,110.04
49918,10,484.61
49919,3,206.53
49920,1,325.98
49921,7,463.07
49922,2,289.64
49923,5,406.44
49924,4,139.07
49925,6,90.53
49926,6,266.64
49927,5,233.17
49928,1,274.45
49929,5,415.31
49930,2,346.21
49931,3,150.5
49932,5,249.08
49933,9,459.79
49934,4,36.49
49935,6,350.37
49936,8,323.54
49937,4,169.69
49938,6,103.65
49939,5,161.33
49940,5,309.76
49941,10,343.3
49942,6,333.78
49943,10,235.16
49944,7,322.19
49945,2,75.42
49946,7,13.81
49947,4,134.87
49948,3,431.51
49949,3,190.74
49950,3,413.94
49951,7,359.77
49952,8,242.27
49953,2,203.89
49954,7,121.41
49955,4,479.24
49956,8,333.65
49957,2,410.26
49958,7,90.26
49959,5,369.02
49960,5,93.38
49961,7,370.4
49962,10,197.53
49963,8,222.41
49964,1,484.18
49965,1,318.45
49966,1,353.42
49967,4,387.61
49968,10,103.87
49969,7,342.94
49970,7,203.98
49971,3,201.89
49972,1,258.73
49973,10,483.03
49974,6,279.2
49975,9,424.18
49976,4,317.43
49977,8,438.2
49978,1,111.54
49979,6,284.56
49980,6,112.08
49981,8,253.17
49982,10,245.3
49983,4,150.07
49984,8,161.7
49985,5,253.32
49986,6,480.82
49987,3,288.73
49988,3,350.78
49989,4,416.87
49990,6,404.03
49991,9,272.13
49992,8,485.16
49993,1,400.98
49994,4,79.39
49995,1,448.46
49996,1,357.18
49997,7,263.57
49998,10,311.72
49999,1,406.83
50000,9,441.3
